和名,学名
"カタボシエグリオオキノコ","Megalodacne bellula Lewis, 1883"
"クボタヒメハネカクシ","Atheta (Atheta) transfuga (Sharp, 1874)"
"ツマアカカワベナガエハネカクシ","Ochthephilum kurosai Itô, 1996"
"エトロフツヤヒメハネカクシ","Liogluta iturupensis Bernhauer, 1907"
"オオコキノコムシ","Mycetophagus (Kovalevius) grandis (Reitter, 1889)"
"カラカネナカボソタマムシ　基亜種","Coraebus ignotus ignotus E. Saunders, 1873"
"ヨツモンハナノミ　基亜種","Variimorda (Variimorda) ihai ihai Chûjô, 1959"
"ギュウシンヒメメダカハネカクシ","Stenus giushin Naomi, 1990"
"オキナワクチボソコメツキ","Glyphonyx (Glyphonyx) nomurai Ôhira, 1968"
"ウスメクラチビゴミムシ","Gotoblemus (Kamigotoblemus) exilis Naitô, 2018"
"42): 61-66.","永幡嘉之, 1995. 鳥取県気高郡の灯火で採集したコガネムシ類に関する若干の知見. すかしば, (41"
"クチブトコメツキ　基亜種","Silesis musculus musculus Candèze, 1873"
"チャイロアトキリゴミムシ","Endynomena pradieri (Fairmaire, 1849)"
"ウエノマルマグソコガネ　基亜種","Mozartius uenoi uenoi Masumoto, 1984"
"カワラハンミョウ　九州亜種","Chaetodera laetescripta kiushuensis (Mandl, 1981)"
"ワタナベヒサゴアリヅカムシ","Arthromelodes watanabei Arai, 2002"
"リンゴノミゾウムシ","Rhamphus pulicarius (Herbst, 1795)"
"オオサワオオタマキノコムシ","Leiodes osawai Nakane, 1963"
"クロオビホソアリモドキ","Anthicus protensus Marseul, 1877"
"オオカオジロヒゲナガゾウムシ","Cedus insignis Shibata, 1980"
"タイワンホソケシマグソコガネ","Trichiorhyssemus yumikoae Pittino & Kawai, 2007"
"ヨシダカタホソヨツメハネカクシ","Philydrodes (Philydrodes) yoshidai Y. Watanabe, 1990"
"ケブカホソクチゾウムシ","Sergiola (Sergiola) griseopubescens (Roelofs, 1874)"
"キイロセマルキスイ","Atomaria (Anchicera) lewisi Reitter, 1877"
"オキナワウスイロジョウカイ","Lycocerus kunigamiensis (Ishida, 1989)"
"アマミオオナガコメツキ","Orthostethus amami (Kishii, 1987)"
"インノシマメクラチビゴミムシ","Stygiotrechus costicollis Naitô, 2017"
"ヤエヤママルバネクワガタ　基亜種","Neolucanus insulicola insulicola Y. Kurosawa, 1976"
"シラホシハナムグリ　対馬亜種","Protaetia (Liocola) brevitarsis seulensis (Kolbe, 1886)"
"オガサワラアオゴミムシ","Platynus (?) ikedai (Kasahara, 1991)"
"ササジカレキゾウムシ","Trachodes (Atrachodes) sasajii Morimoto & Miyakawa, 1995"
"ヒメナガキマワリ","Strongylium (Strongylium) impigrum Lewis, 1894"
"ムモンアラゲサビカミキリ","Egesina (Niijimaia) flavoapicalis Hayashi, 1971"
"クチキケシハネカクシ","Kistnerium japonicum Naomi & Iwata, 1996"
"サルタオオズアリヅカムシ","Nipponobythus plagiatus Jeannel, 1958"
"ヨシイチビゴミムシ","Trechus (Epaphius) yoshiianus S. Uéno, 1954"
"ヒメゲンゴロウ","Rhantus (Rhantus) suturalis (Macleay, 1825)"
"ダイセンツヤツチゾウムシ","Asphalmus daisenensis Morimoto, 2015"
"ダイミョウヒラタコメツキ","Anostirus daimio (Lewis, 1894)"
"アマミケカツオブシムシ","Trinodes amamiensis N. Ohbayashi, 1977"
"オオタキメクラチビゴミムシ　基亜種","Stygiotrechus satoui satoui S. Uéno, 1976"
"クビレメダカアリヅカムシ","Trisinus constrictus (Nomura, 1991)"
"アマミヒメクロコガネ　沖縄島亜種","Sophrops kawadai okinawaensis Nomura, 1977"
"ナカジロサビカミキリ　対馬亜種","Pterolophia (Ale) jugosa carinissima Takakuwa, 1984"
"コオビホソアリモドキ","Anthicus hamai Nomura, 1964"
"キンモンオビハナノミ","Glipa (Macroglipa) asahinai Nakane & Nomura, 1950"
"ハギノハヤシメダカハネカクシ","Stenus haginoi Naomi, 1997"
"ナンヨウニセツツマグソコガネ","Ataenius pacificus (Sharp, 1879)"
"スズキツヤムネハネカクシ","Quedius (Microsaurus) suzukii Y. Watanabe, 1987"
"フタモンクビボソムシ","Macratria griseosellata griseosellata Fairmaire, 1893"
"ニシコルリクワガタ　基亜種","Platycerus viridicuprus viridicuprus K. Kubota, N. Kubota & Otobe, 2008"
"チョウセンデオチョッキリ","Eusproda proxima (Faust, 1882)"
"ウスグロタマノミハムシ","Sphaeroderma obscurum Ohno, 1964"
"ナガマメコメツキ　奄美大島亜種","Yukoana elongata amamicola Kishii, 1970"
"シイヤキマワリ","Plesiophthalmus (Plesiophthalmus) sameshimai Masumoto, 2001"
"シナノクロフカミキリ　御蔵島亜種","Asaperda agapanthina obliquevittata Komiya, 1984"
"ソボツチゾウムシ","Trachyphilus sobosanus Morimoto, 2015"
"キアシアオハムシダマシ","Arthromacra flavipes Nakane, 1994"
"ミナミヒメミゾコメツキダマシ","Dromaeolus marginatus Hisamatsu, 1965"
"イズアバタコバネハネカクシ","Nazeris izuensis T. Ito, 2009"
"サヌキコバネナガハネカクシ","Lathrobium (Lathrobium) sanukiense Y. Watanabe, 1991"
"ヒラムネマルキスイ","Serratomaria tarsalis Nakane & Hisamatsu, 1963"
"ジョウネンマルズオオハネカクシ","Ocypus (?) japonicus Sawada, 1965"
"ダイセツマグソコガネ","Aphodius (Agoliinus) kiuchii Masumoto, 1984"
"ホソアバタコバネハネカクシ","Nazeris angustus Ito, 1992"
"ムネミゾトガリハネカクシ","Medon basipennis Bernhauer, 1927"
"ツヤヒメコガシラハネカクシ","Philonthus (Philonthus) minimus Cameron, 1933"
"フジヒメハナカミキリ","Paleopidonia fujisana (Obika & Kusama, 1971)"
"フタスジイクビハネカクシ","Ischnosoma duplicatum (Sharp, 1888)"
"サワダフサヒゲアリヅカムシ","Trisinus sawadai (Nomura, 1991)"
"シバタハナボタル　基亜種","Plateros shibatai shibatai Nakane, 1961"
"オオアオグロヒラタゴミムシ","Paranchodemus calleides (Bates, 1883)"
"オオイタツヤツチゾウムシ","Asphalmus miyakei Morimoto, 2015"
"アカクビボソムシ","Macratria serialis Marseul, 1876"
"ヒメダイコクコガネ","Copris (Copris) tripartitus C. O. Waterhouse, 1875"
"モモブトヨツメハネカクシ","Acrolocha horiguchii Y. Y. Watanabe, 2007"
"ハンノアオカミキリ　基亜種","Eutetrapha chrysochloris chrysochloris (Bates, 1879)"
"アマミヒゲコメツキ　基亜種","Pectocera amamiinsulana amamiinsulana Nakane, 1957"
"アオノネクイハムシ","Donacia (Donaciomima) frontalis Jacoby, 1893"
"キタクニハナカミキリ","Acmaeops septentrionis (C. G. Thomson, 1866)"
"アワノミハナカミキリ","Omphalodera ogasawarai (Kuboki, 2015)"
"ツツエンマムシ","Trypeticus fagi (Lewis, 1884)"
"ヒメヒョウタンゴミムシ","Clivina niponensis Bates, 1873"
"アシマダラカワベメダカハネカクシ","Stenus cicindeloides (Schaller, 1783)"
"シコクツヤヒメツツキノコムシ","Ceracis shikokuensis (Miyatake, 1954)"
"オオシマオオチャイロクチキムシ","Bolbostetha oshimana (Nakane, 1968)"
"ホソカミキリ　基亜種","Distenia gracilis gracilis (Blessig, 1872)"
"リリコヒメハネカクシ","Atheta (Badura) ririkoae Sawada, 1989"
"アカハラクロコメツキ　基亜種","Ampedus (Ampedus) hypogastricus hypogastricus (Candèze, 1873)"
"サツマウバタマムシ　沖縄・八重山亜種","Chalcophora yunnana abnormalis Miwa & Chûjô, 1935"
"イシガキトビイロクチキムシ","Borboresthes kabirensis Maeda & Nakane, 1988"
"シロスジテントウ","Bothrocalvia albolineata (Gyllenhal, 1808)"
"アワキマダラコメツキ","Gamepenthes yoshidai Ôhira, 1995"
"ユズリハノキクイムシ","Xyleborus volvulus (Fabricius, 1794)"
"トカラヒメジョウカイモドキ","Hypomixis satoi (Wittmer, 1971)"
"キスイモドキ","Byturus affinis Reitter, 1874"
"ムナクボミゾコメツキダマシ","Microrhagus foveolatus (Fleutiaux, 1923)"
"アマミノコギリクワガタ　伊平屋島亜種","Prosopocoilus dissimilis hayashii Fujita, 2009"
"イリオモテハラビロコケムシ","Cephennomicrus iriomotensis Jałoszyński, 2009"
"ノコギリクワガタ　御蔵島亜種","Prosopocoilus inclinatus mikuraensis Matsuoka & Takatoji, 2010"
"ニッポントゲムネサルゾウムシ","Coelioderes nipponicus (Korotyaev, 2004)"
"ケブカコフキコガネ　奄美亜種","Tricholontha papagena inouei Kobayashi & Fujioka, 2013"
"ホソヒョウタンゴミムシ","Scarites (Parallelomorphus) acutidens Chaudoir, 1855"
"オオイズミコガシラハネカクシ","Philonthus (Philonthus) ohizumi R. Dvořák, 1958"
"マルダイコクコガネ　基亜種","Copris (Copris) brachypterus brachypterus Nomura, 1964"
"ルイスツヤセスジハネカクシ","Anotylus lewisius (Sharp, 1874)"
"ツルギサンハナムグリヨツメハネカクシ","Eusphalerum tsurugisanum Y. Watanabe & Yoshida, 2017"
"オオシマトラフコガネ　沖縄亜種","Paratrichius duplicatus okinawanus Nomura, 1959"
"シナカミキリ　九州亜種","Eutetrapha sedecimpunctata australis Takakuwa & Hirokawa, 1998"
"ナカハラニンフジョウカイ","Asiopodabrus (Imasakapodabrus) nakaharai Takahashi & Imasaka, 2010"
"ヒロシマツツナガハネカクシ","Lobrathium (Lobrathium) hiroshimense T. Ito, 2018"
"ナカグロカレキゾウムシ","Acicnemis kiotoensis Nakane, 1963"
"ナカネアメイロカミキリ","Obrium nakanei K. Ohbayashi, 1959"
"オオキバミイロカッコウムシ","Elasmocylidrus takedaorum Murakami & Gerstmeier, 2020"
"マツイメクラチビゴミムシ","Kurasawatrechus matsuii S. Uéno, 1999"
"ハットリクロヒメハナノミ","Pseudomordellina hatorii (Tokeji, 1953)"
"ヤマトクチブトサルゾウムシ","Phytobius japonicus Roelofs, 1875"
"オウトウメクラチビゴミムシ","Kusumia laticollis S. Uéno, 1999"
"ヒメツブゴミムシ","Pentagonica kyushuensis Habu, 1967"
"オガサワラカミキリ","Boninella degenerata Grerssitt, 1956"
"コクロホシクチブトゾウムシ","Lepidepistomodes kokurohoshi Kojima & Morimoto, 2006"
"ニホンヒメコメツキ","Dalopius niponensis Ôhira, 1970"
"カジムラヒメナガゴミムシ","Pterostichus (Eurythoracana) kajimurai Habu & Tanaka, 1957"
"サビヒョウタンゾウムシ","Scepticus insularis Roelofs, 1873"
"クロヒメヒョウタンゴミムシ","Clivina lewisi Andrewes, 1927"
"ムネモンアカネトラカミキリ　琉球北部亜種","Xylotrechus (Xylotrechus) atronotatus angulithorax Gresssitt, 1934"
"コマルチビゴミムシダマシ","Nesocaedius minimus (M. T. Chûjô, 1966)"
"タマガムシ","Amphiops mater mater Sharp, 1873"
"クロサジュウジアトキリゴミムシ","Lebia (Poecilothais) kurosai Arai & Morita, 2019"
"トワダハナムグリヨツメハネカクシ","Eusphalerum towadaense Y. Watanabe, 1993"
"コンドウホソゴミムシダマシ","Corticeus (Stenophloeus) similis Bremer, 1999"
"チビアオゴミムシ","Chlaenius (Eochlaenius) suvorovi (Semenov, 1912)"
"シロトラカミキリ","Paraclytus excultus Bates, 1884"
"タグチホソヒラタハムシ","Leptispa taguchii Chûjô, 1956"
"ミヤモリヒメミズギワヨツメハネカクシ","Lesteva miyamorii Y. Watanabe, 1990"
"タテミゾコガシラハネカクシ","Philonthus (Philonthus) gemellus Kraatz, 1859"
"ルイスヒラタガムシ","Helochares (Helochares) pallens (MacLeay, 1825)"
"トゲヒメツツキノコムシ","Sulcacis nitidus (Fabricius, 1792)"
"ホネゴミムシダマシ","Emypsara riederii (Faldermann, 1833)"
"キイサビイロモンキハネカクシ","Protocypus kiimontanus (Naomi, 1992)"
"ミエチャマルチビヒョウタンゴミムシ","Reicheiodes (Reichonippodes) yokozekii Morita, 2015"
"メスグロベニコメツキ","Denticollis versicolor (Lewis, 1894)"
"ベニオビジョウカイモドキ","Intybia kishiii (Nakane, 1955)"
"ルイステントウ","Adalia (Adaliomorpha) conglomerata (Linnaeus, 1758)"
"ホソサビカッコウムシ","Isoclerus (Isoclerus) parallelus (Lewis, 1892)"
"クロシギゾウムシ","Curculio (Curculio) distinguendus (Roelofs, 1875)"
"クロスジチャイロコガネ　北海道亜種","Sericania fuscolineata ezoensis Nomura, 1976"
"クロバネハバビロオオハネカクシ","Agelosus unicolor Naomi, 1983"
"キモトシギゾウムシ","Labaninus kimotoi (Morimoto, 1960)"
"ワタナベヒラナガゴミムシ","Hexagonia watanabei Morita & Toyoda, 2002"
"サクラムジハムシ","Gonioctena (Gonioctena) morimotoi Kimoto, 1963"
"アシブトムネブロムクゲキノコムシ","Acrotrichis (?) latipedes Sawada & Hirowatari, 2002"
"エサキマルキバゴミムシ","Licinus (Licinus) yezoensis Habu, 1947"
"チャバネクロツヤハダコメツキ","Hemicrepidius (Hemicrepidius) terukoanus Kishii, 1961"
"フタツメイエカミキリ","Gnatholea biseburata Mitono, 1939"
"キノコヒラタケシキスイ","Physoronia (Physoronia) explanata Reitter, 1884"
"ニセケシジョウカイモドキ","Dasytes (Dasytes) basicornis Nakane, 1963"
"チビカクホソカタムシ","Cerylon minimum Sharp, 1885"
"ミナミニセマグソコガネダマシ","Trachyscelis chinensis Campion, 1894"
"ウエノツヤドロムシ 基亜種","Urumaelmis uenoi uenoi (Nomura, 1961)"
"コマツダケハナムグリヨツメハネカクシ","Eusphalerum komatsudakense Y. Watanabe, 2012"
"ウエノコブスジコガネ　基亜種","Glyptotrox uenoi uenoi (Nomura, 1961)"
"カツオガタナガクチキ","Synstrophus macrophthalmus (Reitter, 1887)"
"タイケシマグソコガネ","Rakovicius coreanus (Kim, 1980)"
"アワジオオコバネナガハネカクシ","Lathrobium (Lathrobium) awajishimanum Y. Watanabe, 2001"
"トゲアシチビケシキスイ","Lamiogethes difficilis (Heer, 1841)"
"ムネボソコケムシ","Scydmaenus (?) angustulus Csiki, 1919"
"アイカナマルタマキノコムシ　基亜種","Agathidium (Agathidium) aikanae aikanae Hoshina, 1998"
"チチジマツチヒメカタゾウムシ　弟島亜種","Ogasawarazo (Ogasawarazodes) kishimotoi otohtojimanus Morimoto, 2015"
"トウオウホソカッコウムシ","Spinoza yoshidai Murakami, 2025"
"アシナガミゾドロムシ","Stenelmis vulgaris Nomura, 1958"
"カトウオオズナガゴミムシ","Pterostichus (Smilodonialoe) gujoensis Toda, 2012"
"サキシマコブヒゲカミキリ","Rhodopina sakishimana Yokoyama, 1966"
"ピックニセクビボソムシ","Hylophilus singularicornis (Pic, 1910)"
"アオイオチバメダカハネカクシ","Stenus aoi Naomi & Puthz, 1993"
"ヒコサンノミヒゲナガゾウムシ","Melanopsacus punctatus Senoh, 1984"
"ケウスゴモクムシ","Harpalus (Pseudoophonus) griseus (Panzer, 1796)"
"キスジナガクチキ","Mikadonius gracilis Lewis, 1895"
"クロミジンムシダマシ","Aphanocephalus hemisphericus Wollaston, 1873"
"アリスヒメハネカクシ","Atheta (Microdota) formicetorum Bernhauer, 1907"
"フタモンヒメミズギワヨツメハネカクシ","Lesteva fenestrata Sharp, 1874"
"39):26.","中山紘一, 1980. 西熊山のカミキリムシ3種. げんせい, (38"
"トサオオコバネナガハネカクシ","Lathrobium (Lathrobium) tosanum Y. Watanabe, 1987"
"イズモコバネナガハネカクシ","Lathrobium (Lathrobium) izumoense Y. Watanabe, 2010"
"タカクワヒサゴゴミムシダマシ","Misolampidius takakuwai Ando, 2017"
"ニセキノカワハネカクシ","Coprotrichus kameii Hayashi, 2005"
"ツマグロマルハナノミ","Scirtes tsumaguro M. Satô & Chûjô, 1972"
"アイヌキンオサムシ　道北亜種","Carabus (Megodontus) kolbei futabae (Ishikawa, 1966)"
"カギアシイネゾウムシ","Thryogenes ussuriensis Egorov, 1979"
"ウスグロミゾコメツキダマシ","Poecilochrus japonicus Fleutiaux, 1923"
"ミズモグリゴミムシ","Hololeius ceylanicus (Nietner, 1856)"
"エダヒゲナガハナノミ　亜種","Epilichas flavellatus rubricollis Nakane, 1952"
"キアシツブノミハムシ2","Aphthona semiviridis Jacoby, 1885"
"モリオオコバネナガハネカクシ","Lathrobium (Lathrobium) morii Y. Watanabe, 2002"
"キアシツブノミハムシ1","Aphthona erichsoni (Zetterstedt, 1838)"
"シコククビボソジョウカイ","Hatchiana ishiharai (M. Satô, 1985)"
"イカリアオカメノコハムシ","Cassida ferruginea Goeze, 1777"
"チャマルチビヒョウタンゴミムシ","Reicheiodes (Reichonippodes) yanoi (Kult, 1949)"
"ムネビロスナゴミムシダマシ　伊豆諸島亜種","Gonocephalum (Gonocephalum) japanum miyakense Nakane, 1963"
"リュウジンメクラチビゴミムシ　亜種","Ryugadous (Yuadorgus) solidior insperatus S. Uéno, 1979"
"コクロツヤクサアリハネカクシ","Pella socia (Sharp, 1874)"
"タイワンミジンダルマガムシ","Limnebius taiwanensis Jäch, 1993"
"コバネカミキリ　基亜種","Psephactus remiger remiger Harold, 1879"
"キボシクチカクシゾウムシ","Rhyssematoides flavomaculatus Morimoto, 1962"
"ニセオオナガシバンムシ","Priobium persimile Nakane, 1989"
"ミスジオビモンヒゲナガゾウムシ","Nessiodocus antennalis Morimoto, 1980"
"オオズケゴモクムシ","Harpalus (Pseudoophonus) eous Tschitschérine, 1901"
"スネアカヒメドロムシ","Heterlimnius variabilis (Nomura, 1958)"
"カワグチミズギワゴミムシ","Bembidion (Aureoplataphus) aureofuscum Bates, 1883"
"フタイロハバビロザイノキクイムシ","Xylosandrus discolor (Blandford, 1898)"
"ワタナベヒメハナノミ","Falsomordellistena (Falsomordellistena) watanabei Nomura, 1975"
"フジメクラチビゴミムシ","Kurasawatrechus fujisanus S. Uéno, 1971"
"クロヒゲアオゴミムシ","Chlaenius (Achlaenius) ocreatus Bates, 1873"
"ヨロメキウシオヒメハネカクシ","Adota vacillator (Cameron, 1933)"
"ムモンキノコヒゲナガゾウムシ","Euparius concolor Morimoto, 1978"
"32): 12.","水野弘造, 1975. Necydalis 2種の採集記録. 甲虫ニュース, (31"
"キムネツツキノコムシ","Hadraule subrobustus (Miyatake, 1955)"
"アラメヒラタゴミムシダマシ","Dioedus miyakensis (Nakane, 1963)"
"ヘイケボタル","Aquatica lateralis (Motschulsky, 1860)"
"レロフチビシギゾウムシ","Balanobius (Toptaria) roelofsi (Heller, 1927)"
"アマミキンモンフタオタマムシ","Tokaranodicerca shimonoi Hattori, 2005"
"オオバヤシキノコハネカクシ","Bobitobus arcuatus (Solsky, 1871)"
"オキナワオオトゲアリヅカムシ","Lasinus okinawanus Bekchiev, Hlaváč & Nomura, 2013"
"トサオノヒゲアリヅカムシ","Bryaxis gracilipalpis Jeannel, 1958"
"ヒメハネミジカキクイムシ","Xylosandrus borealis Nobuchi, 1981"
"オオクラナガゴミムシ","Pterostichus (Nialoe) ohkurai Morita, 1996"
"ニッポンズンドウヒメハネカクシ","Atheta niponensis (Sharp, 1888)"
"オオサカマキムシモドキ","Laricobius osakensis Montgomery & Shiyake, 2011"
"ウスフタテンメダカハネカクシ","Stenus guttalis Fauvel, 1895"
"ツキワマルケシキスイ","Cyllodes literatus (Reitter, 1878)"
"アキミズクサハムシ","Plateumaris akiensis Tominaga & Katsura, 1984"
"トゲアシヒメゾウムシ","Manilabaris armipes (Roelofs, 1875)"
"キイロキバナガミズギワゴミムシ","Bembidion (Desarmatocillenus) kasaharai Habu, 1978"
"キスジテントウダマシ","Endomychus plagiatus (Gorham, 1887)"
"チシマミズギワゴミムシ","Bembidion (Ocydromus) dolorosum (Motschulsky, 1850)"
"タブノコキクイムシ","Eidophelus expers (Blandford, 1894)"
"キソコマナガゴミムシ","Pterostichus (Nialoe) napaea Kasahara, 1988"
"イシガキナガツブエンマムシ","Acritomorphus akiyamai (Ôhara, 1999)"
"オキナワクリタマムシ","Toxoscelus inadai Hattori, 2014"
"ウペペサンケクロヒメジョウカイ","Rhagonycha (Rhagonycha) upepesankensis Kazantsev & Takahashi, 2001"
"ツシマツヤドロムシ","Zaitzevia tsushimana Nomura, 1963"
"ニセヤツボシカミキリ","Saperda subobliterata Pic, 1910"
"ツシマサビカミキリ","Ropica tsushimensis Hayashi, 1972"
"ボヘミアカワベメダカハネカクシ","Stenus bohemicus Machulka, 1947"
"コマルタマキノコムシ","Cyrtoplastus laevis Hisamatsu, 1985"
"42): 1-9.","永幡嘉之, 1995. 鳥取平野周辺のオサムシの分布資料. すかしば, (41"
"オモトモノノケアリヅカムシ","Maajappia omotonis Nomura, 2010"
"ホソツツエンマムシ","Trypeticus venator (Lewis, 1884)"
"エゾヒメヒラタゴミムシ","Agonum (Europhilus) subtruncatum (Motschulsky, 1860)"
"フジケムネチビゴミムシ","Epaphiopsis (Epaphiopsis) fujii (Suenson, 1957)"
"ヤエヤマシリグロハネカクシ","Astenus (?) naomii Zhao, 1996"
"アイヅホソアカコメツキ","Ampedus (Ampedus) kozoanus Kishii, 1998"
"コシンシュウナガゴミムシ","Pterostichus (Nialoe) ikukoae Morita, 2007"
"ヒラタヨツメハネカクシ","Phloeostiba plana (Paykull, 1792)"
"アマミヒゲナガツヤハダコメツキ","Medakathous amami (Kishii, 1985)"
"ワタミヒゲナガゾウムシ","Araecerus fasciculatus (DeGeer, 1775)"
"キイロマメトビハムシ","Bikasha simplicithorax (S. -H. Chen, 1934)"
"ツシマコケホソハネカクシ","Leptusa (Eospisalia) lackneri Assing, 2011"
"アオヘリホソゴミムシ","Drypta (Drypta) japonica Bates, 1873"
"シラコマクビボソジョウカイ","Asiopodabrus (Asiopodabrus) shirakomamus (Takahashi & Okushima, 1999)"
"カンバムジハムシ","Gonioctena (Gonioctena) rufa (Kraatz, 1879)"
"ツヤチビゴミムシ","Nesiotrechus convexiusculus (S. Uéno, 1975)"
"コグマカレキゾウムシ","Acicnemis koguma Lewis & Kojima, 2025"
"キベリコバネジョウカイ","Trypherus (Trypherus) niponicus (Lewis, 1879)"
"ツヤムネツツキノコムシ","Cis laevigatus Kawanabe, 1997"
"ユワンヒラタミズギワゴミムシ","Bembidion (Blepharoplataphus) nirasawai Morita, 2008"
"クロコブヒゲナガゾウムシ","Dissoleucas maenamii Senoh, 1986"
"アトマルホソクビゴミムシ","Brachinus (Brachinoaptinus) chujoi Jedlička, 1956"
"オオクロクシコメツキ","Melanotus (Spheniscosomus) cribricollis Faldermann, 1835"
"クナシリキカワアリヅカムシ","Bibloporus (Bibloporus) neglectus Kurbatov, 1993"
"アマミミゾドロムシ　沖縄亜種","Ordobrevia amamiensis okinawana Nomura, 1959"
"アニジマスジヒメカタゾウムシ","Torishimazo kawashitai Morimoto, 2015"
"ルリナガクチキ","Melandrya (Melandrya) shimoyamai Hayashi, 1960"
"ヒシカミキリ","Microlera ptinoides Bates, 1873"
"ブロンズクビナガゴミムシ","Odacantha (Heliocasnonia) metallica (Fairmaire, 1889)"
"オニホソコバネカミキリ　基亜種","Necydalis (Necydalis) gigantea gigantea Kano, 1933"
"コウツザンニンフジョウカイ","Asiopodabrus (Imasakapodabrus) kotsuzanus Takahashi & Imasaka, 2010"
"クロツヤツツホソカタムシ","Teredolaemus politus (Lewis, 1879)"
"ゾウズサンメクラチビゴミムシ","Trechiama (Trechiama) instabilis S. Uéno, 1981"
"コガネキクイムシ","Cyrtogenius luteus (Blandford, 1894)"
"チシマオサムシ　羊蹄山亜種","Carabus (Aulonocarabus) kurilensis yoteizanus (Ishikawa & Miyashita, 2000)"
"ナエドコチャイロコガネ　四国亜種","Sericania mimica kompira Y. Miyake & Sano, 1996"
"ヒゲナガホソシバンムシ","Oligomerus ptilinoides (Wollaston, 1854)"
"アヤオビハナノミ","Glipa (Macroglipa) ohgushii (Chûjô, 1957)"
"ギンボシメナガヒゲナガゾウムシ","Phaulimia annulipes Morimoto, 1981"
"オオチャバネニセキノコハネカクシ","Bolitobius cingulatus Mannerheim, 1830"
"チビモリヒラタゴミムシ　基亜種","Agonum (Eucolpodes) aurelium aurelium (Bates, 1883)"
"トゲナガキクイムシ","Diapus aculeatus Blandford, 1894"
"ニシアラハダトビハムシ","Trachytetra nishii (Ohno, 1965)"
"ホウライクギヌキジョウカイモドキ","Kuatunia horaianus (Nakane, 1991)"
"シロウズベニコメツキ","Denticollis varians shirozui Ôhira, 1963"
"ツバキコブハムシ","Chlamisus lewisii Baly, 1873"
"マツノヒロスジキクイムシ","Hylastes plumbeus Blandford, 1894"
"エンデンチビマルガムシ","Paracymus aeneus (Germar, 1824)"
"セグロツヤテントウダマシ","Lycoperdina mandarinea Gerstaecker, 1858"
"ヒゲブトコキノコムシ","Mycetophagus (Ulolendus) antennatus (Reitter, 1879)"
"サトミヒラタガムシ","Enochrus (Methydrus) satomii Nakane & Matsui, 1986"
"キタヤマホソケシマグソコガネ","Trichiorhyssemus kitayamai Ochi, Kawahara & Kawai, 2001"
"フトキノカワゴミムシ","Leistus (Evanoleistus) crassus Bates, 1883"
"イトヒゲナガゾウムシ","Exillis japonicola Nakane, 1963"
"アマミマメヒゲナガゾウムシ","Misthosima brevitarsis Senoh, 1990"
"オオマルチビゴミムシダマシ","Caedius maderi Kaszab, 1942"
"アマミホソハネカクシ","Othius amamianus Ito, 1993"
"イズキクイムシ","Coptodryas izuensis (Murayama, 1952)"
"ミズノクロコメツキ","Ampedus (Ampedus) mizunoanus Kishii, 1988"
"アラメハナカミキリ","Sachalinobia koltzei (Heyden, 1887)"
"サヌキダルマガムシ","Hydraena (Hydraena) obaei Hayashi & Yoshitomi, 2020"
"キョウトコキクイムシ","Cryphalus kyotoensis Nobuchi, 1966"
"キイロクビナガオトシブミ","Paratrachelophorus fulvus (Roelofs, 1874)"
"クサマサビカミキリ","Pterolophia (Pterolophia) kusamai Hasegawa & Makihara, 1999"
"チャバネエンマコガネ","Onthophagus (Palaeonthophagus) gibbulus gibbulus (Pallas, 1781)"
"ハネダキノコツヤハネカクシ","Gyrophaena (Leptarthrophaena) hanedai Sawada, 1970"
"キドマルテントウダマシ","Bystodes kidoi Sasaji, 1990"
"ムナビロチビシデムシ","Catops hastatus Jeannel, 1936"
"ヒゴヒラタエンマムシ","Hololepta (Hololepta) higoniae Lewis, 1894"
"キタカギアシゾウムシ","Hydronomus alismatis (Marcham, 1802)"
"ニセトガリハネカクシ","Isocheilus staphylinoides (Kraatz, 1859)"
"オビモンホソゴミムシダマシ　基亜種","Brachypophlaeus unifasciatus unifasciatus (Kaszab, 1964)"
"キイロジョウカイ","Themus (Haplothemus) niisatoi M. Satô & Takahashi, 1989"
"イシガキヒゲナガゾウムシ","Araecerus ishigakiensis Morimoto, 1978"
"ヒラタクワガタ　壱岐亜種","Dorcus titanus tatsutai Shiokawa, 2001"
"アカグロコメツキ　基亜種","Ampedus (Ampedus) kasugensis kasugensis Kishii, 1966"
"オオクロチビシデムシ　奄美亜種","Prionochaeta harmandi insulana Y. Hayashi, 1969"
"ニセコモリヒラタゴミムシ","Platyagonum pseudamphinomus (Habu, 1974)"
"ヒラズネヒゲボソゾウムシ","Phyllobius (Phyllobius) intrusus Kono, 1948"
"ミヤコルリボシカミキリ","Glenea (Glenea) kusamai Makihara, 1988"
"イオウマメクワガタ","Figulus yujii Fujita, 1994"
"コシキジマツヤツチゾウムシ","Asphalmus koshikijimaensis Morimoto, 2015"
"ヤナギハムシ","Chrysomela vigintipunctata vigintipunctata (Scopoli, 1763)"
"サクセスキクイムシ","Xyleborinus saxesenii (Ratzeburg, 1937)"
"イリエホソナガクチキ","Serropalpus iriei Toyoshima & Ishikawa, 2000"
"アラキシロホシテントウ","Vibidia nagayamai M. Araki, 1961"
"シレトコトゲツメコガシラハネカクシ","Philonthus (Onychophilonthus) lederi Eppelsheim, 1893"
"ムネアカノミヒゲナガゾウムシ","Choragus cryphaloides Sharp, 1891"
"クロツツマグソコガネ","Saprosites japonicus Waterhouse, 1875"
"カタアカマルクビハネカクシ","Tachinus (Tachinus) bidens Sharp, 1888"
"オオフナガタハナノミ","Ectasiocnemis shirozui (Chûjô, 1957)"
"キンヘリノミヒゲナガゾウムシ","Choragus compactus Sharp, 1891"
"ハマベヨツメハネカクシ","Giulianium alaskanum Ahn & Ashe, 1999"
"ツシマカギバラヒゲナガゾウムシ","Xanthoderopygus watanabei Senoh, 1984"
"コウスアオクチブトゾウムシ","Lepidepistomus dimorphus Kojima & Morimoto, 2006"
"ミナミミイデラゴミムシ","Stenaptinus agnatus (Chaudir, 1876)"
"ヤクシマホソキコメツキ","Agaripenthes shibatai (Kishii, 1969)"
"エチゴチャバネコメツキ","Ampedus (Ampedus) echigo Kishii, 1991"
"チャイロサルハムシ","Basilepta balyi (Harold, 1877)"
"ワタナベヘリトゲヨツメハネカクシ","Acruliopsis watanabei Zerche, 2003"
"ヤエヤマダルマアリヅカムシ","Plagiophorus hispidus Sugaya, Nomura & Burckhardt, 2004"
"フタイロミゾキノコシバンムシ","Mizodorcatoma pulcherrima Sakai, 1979"
"マルクビツツケシキスイ","Megauchenia angustata (Erichson, 1843)"
"オキナワギザチビドロムシ","Byrrhinus uenoi Yoshitomi & Hayashi, 2021"
"フトハネヒメハネカクシ","Atheta (Atheta) euryptera (Stephens, 1832)"
"ヒメセスジデオキノコムシ","Ascaphium apicale Lewis, 1893"
"アマミホソキマルハナノミ","Elodes takahashii Yoshitomi, 2005"
"オキナワミジンダルマガムシ　基亜種","Limnebius nakanei nakanei Jäch & Matsui, 1994"
"ミツモンヒゲナガゾウムシ","Trigonorhinus zeae (Wolfrum, 1931)"
"カクムネクロベニボタル　屋久島亜種","Cautires nakanei yakushimanus Nakane, 1969"
"キドノミナガクチキ","Lederina kidoi (Sasaji, 1995)"
"カタモンカネコメツキ","Gambrinus rufovittatus Ôhira, 1963"
"ヨツボシモンシデムシ","Nicrophorus quadripunctatus Kraatz, 1877"
"ムツモンナガクチキ","Dircaeomorpha validicornis (Lewis, 1895)"
"キモンエンマコガネ","Onthophagus (Matashia) solivagus Harold, 1886"
"オキナワフタスジヒメテントウ","Horniolus okinawensis Chûjô & Miyatake, 1963"
"トクシマコバネナガハネカクシ","Lathrobium (Lathrobium) tokushimanum Y. Watanabe & Yoshida, 2009"
"カタモンムクゲキスイ","Biphyllus humeralis (Reitter, 1889)"
"ウエノツヤドロムシ　吐噶喇亜種","Urumaelmis uenoi tokarana (M. Satô, 1963)"
"ミナミマダラテントウ","Henosepilachna pusillanima (Mulsant, 1850)"
"ウグイスナガタマムシ","Agrilus tempestivus Lewis, 1893"
"オガサワラチビトラカミキリ","Perissus ogasawarensis Endo, 2000"
"アヤモンチビカミキリ　粟国島亜種","Sybra (Sybra) ordinata inadai Fujita, 2023"
"オキナワアカミナミボタル　渡嘉敷島亜種","Drilaster fuscicollis keramensis Kawashima, Satou & M. Satô, 2005"
"ミヤマゴモクムシ","Harpalus (Harpalus) solitaris Dejean, 1829"
"ハナダカアリヅカムシ","Stipesa rudis Sharp, 1874"
"バイゼヒメテントウ","Scymnus (Pullus) contemtus (Weise, 1923)"
"ヨツボシケシキスイ","Glischrochilus (Librodor) japonicus (Motschulsky, 1858)"
"オキナワアカミナミボタル　基亜種","Drilaster fuscicollis fuscicollis Nakane, 1977"
"キトウソンヒメコバネナガハネカクシ","Lathrobium (Lathrobium) kitosonense Y. Watanabe, 2016"
"クロクビブトハネカクシ","Pinocolis javanus (Erichson, 1840)"
"シロマダラオオヒゲナガゾウムシ","Mecotropis uenoi Shibata, 1969"
"ドウイロムクゲケシキスイ","Aethina (Aethina) aeneipennis Reitter, 1873"
"ババチビドロムシ","Mexico masamii (M. Satô, 1994)"
"ブタクサハムシ","Ophraella communa Lesage, 1986"
"キイニンフジョウカイ　基亜種","Asiopodabrus (Asiopodabrus) kiiensis kiiensis (Nakane & Makino, 1989)"
"ノハラボタル","Pyropyga alticola Green, 1961"
"ヒメヒラタハネカクシ","Siagonium debile Sharp, 1889"
"トゲウスバカミキリ　屋久島亜種","Spinimegopis nipponica yakushimana (Fujita, 1980)"
"ブナヒメアトマルキクイムシ","Coccotrypes fagi (Nobuchi, 1959)"
"ゼンバメクラチビゴミムシ","Kurasawatrechus zenbai S. Uéno, 1990"
"トゲナシホソチビケシキスイ","Astylogethes subrugosus (Gyllenhal, 1808)"
"タイシャクキョウコバネナガハネカクシ","Lathrobium (Lathrobium) taishakuense Y. Watanabe, 2011"
"フクオカコキクイムシ","Eidophelus punctatulus (Nobuchi, 1976)"
"シウンデツチゾウムシ","Trachyphilus kumei Morimoto, 2015"
"ムモンチビヒゲナガゾウムシ","Uncifer difficilis (Sharp, 1891)"
"36): 45-54.","岩田隆太郎, 1988. 日本産ヒラタキクイムシ科の分類および各種の分布と生態特性について. 家屋害虫, (35"
"ヨリトモナガゴミムシ","Pterostichus (Lyrothorax) yoritomus Bates, 1873"
"ルリツヤハダコメツキ","Miwacrepidius subcyaneus (Motschulsky, 1866)"
"ヤマトヒメテントウ","Scymnus (Neopullus) yamato H. Kamiya, 1961"
"オキナワアオジョウカイ","Themus (Themus) kurosawai M. Satô, 1982"
"ネブトクワガタ　トカラ列島悪石島亜種","Aegus laevicollis abei Ichikawa & Imanishi, 1976"
"ツヤチャイロヒメキノココハネカクシ","Sepedophilus insulicola Naomi & Maruyama, 1998"
"クチブトコメツキ　伊豆八丈島亜種","Silesis musculus nomurai Kishii, 1993"
"ホソヒゲナガビロウドコガネ　本州・四国亜種","Serica nitididorsis opacidorsis Nomura, 1972"
"オビモンマグソコガネ　基亜種","Aphodius (Chilothorax) okadai okadai Nakane, 1951"
"アオオサムシ　駒ヶ根亜種","Carabus (Ohomopterus) insulicola komaganensis Ishikawa & Ujiie, 2000"
"ハコネヒメチビシデムシ","Nemadus (Nemadus) hiranoi Nishikawa, 2021"
"カタクリハムシ","Sangariola punctatostriata (Motschulsky, 1861)"
"チシマアカコメツキ","Ampedus (Ampedus) kurilensis Dolin & Ôhira, 1976"
"アイヌキンオサムシ　増毛山地南西部亜種","Carabus (Megodontus) kolbei mitsumasai Imura, 1994"
"ヒラタオニケシキスイ","Glischrochilus (Librodor) binaevus (Reitter, 1879)"
"ヒラタハバビロキクイゾウムシ","Tychiodes adamsii Wollaston, 1873"
"チャバネキクイゾウムシ","Kojimazo lewisii (Wollaston, 1873)"
"アズマゴモクムシ","Harpalus (Pseudoophonus) azumai Habu, 1968"
"アクセキミナミボタル","Drilaster akusekianus Nakane, 1983"
"コハナコメツキ　伊豆八丈島亜種","Paracardiophorus pullatus hachijo Kishii, 1994"
"ソボリンゴカミキリ","Oberea (Oberea) sobosana Ohbayashi, 1956"
"ユウレイヒメマキムシ","Eufallia seminivea (Motschulsky, 1866)"
"コブルリオトシブミ","Euops (Kobusynaptops) pustulosus Sharp, 1889"
"ホソケシガムシ","Paroosternum sorex Sharp, 1874"
"アラメニセマグソコガネ　北海道亜種","Psammoporus nakanei horii Ochi & Kawahara, 2012"
"ドロノキハムシ","Chrysomela populi Linnaeus, 1758"
"オニヒラタチビタマムシ","Habroloma (Parahabroloma) tsutsumiuchii Tamadera, 2025"
"フトチャイロコメツキダマシ","Fornax lewisi Fleutiaux, 1923"
"コシキカバイロコメツキ","Ectinus koshiki Kishii, 1984"
"トホシオサゾウムシ","Aplotes roelofsi (Chevrolat, 1882)"
"フタオビヒメコキノコムシ","Litargus (Alitargus) balteatus LeConte, 1856"
"ヒメマダラケシミズギワゴミムシ","Bembidion (Trepanes) octomaculatum (Goeze, 1777)"
"トカラスジツヤチビハネカクシ","Edaphus tokaraensis Puthz, 2010"
"シロヘリハンミョウ　琉球亜種","Callytron yuasai okinawense Hori & Cassola, 1989"
"ヒメヒゲブトアリヅカムシ","Microdiartiger japonicus Sawada, 1964"
"コチャイロコメツキダマシ","Fornax nippinicus Fleutiaux, 1923"
"ヤマトヒゲナガマルクビハネカクシ","Nitidotachinus japonicus Schülke, 2000"
"チビコブスジコガネ","Trox (Niditrox) niponensis Lewis, 1895"
"ショウグンキクイムシ","Scolytoplatypus shogun Blandford, 1894"
"クロモンイッカク","Notoxus trinotatus Pic, 1894"
"オキナワデバヒラタムシ","Prostomis okinawaensis Ito & Yoshitomi, 2017"
"ニホンカタホソヨツメハネカクシ","Philydrodes (Philydrodes) zipanguensis Y. Watanabe, 1990"
"ヒメナガマルガタゴミムシ","Amara (Zezea) elongata Baliani, 1936"
"クロスジツマキジョウカイ","Malthinus (Malthinus) mucoreus Kiesenwetter, 1879"
"キバナガマルズハネカクシ","Herperosoma excellens (Bernhauer, 1939)"
"サクラムナビロコケムシ","Cephennodes (Fusionodes) sakura Hoshina, 2019"
"2): 9-17.","Habu, A., 1976a. Three new species of Apatrobus, a subgenus of Patrobus, from Shikoku, Japan (Coleoptera: Carabidae). Transactions of the Shikoku Entomological Society, 13(1"
"ババムナビロコメツキ","Sadoganus babai Ôhira, 1956"
"オオチャイロコメツキダマシ","Fornax victor Fleutiaux, 1923"
"ツヤビロウドコガネ　徳之島亜種","Maladera (Eumaladera) nitididorsis ootsuboi (H. Kobayashi, 2009)"
"ミカワオチバメダカハネカクシ","Stenus mikawanis Naomi, 1997"
"イカリモンケシカミキリ","Exocentrus taniguchii Makihara, 1986"
"アササルゾウムシ","Cardipennis rubripes (Hustache, 1916)"
"チビムナビロヒメキノコハネカクシ","Sepedophilus exiguus Naomi & Maruyama, 1997"
"ヤマトオニニセチビシデムシ","Ptomaphaginus nipponensis Perreau, 1996"
"ヒメミイロオチバメダカハネカクシ","Stenus productus Naomi, 2007"
"カントウマルクビハネカクシ","Tachinus (Tachinus) subterraneoides Schülke & Hashizume, 2021"
"マエグロコミズギワゴミムシ","Tachyura (Tachyura) tosta (Andrewes, 1925)"
"タテヤマヒラタヨツメハネカクシ","Microedus yamanakai (Y. Watanabe, 1990)"
"ナメラキクイムシ","Xyleborus nameranus Murayama, 1954"
"ゲンゴロウモドキ　北海道亜種","Dytiscus dauricus zaitzevi Nakane, 1990"
"2): 26-32.","Hisamatsu, S., 1961a. Four new species of Nitidulidae from Japan (Coleoptera). Transactions of the Shikoku Entomological Society, 7(1"
"カンノウカレキゾウムシ","Trachodes (Atrachodes) kannohi Morimoto, 2001"
"シガヒメハネカクシ2","Shigatheta tortuosa (Sawada, 1970)"
"クリイロヒゲハナノミ","Macrotomoxia castanea Pic, 1922"
"ヨナグニエンマコガネ","Parascatonomus (Necramator) aokii (Nomura, 1976)"
"シガヒメハネカクシ1","Dimetrota shigae (Sawada, 1976)"
"アラメハラクボアリヅカムシ","Batriscenellus (Batriscenellus) puncticollis (Sharp, 1883)"
"ニッコウヒメハネカクシ2","Nikkostiba loebli Pace, 1984"
"ニッコウヒメハネカクシ1","Atheta (Datostiba) nikkoana Sawada, 1978"
"ヒラタチビノミゾウムシ","Isochnus sequensi (Stierlin, 1894)"
"ミドリナカボソタマムシ","Coraebus hastanus Gory & Laporte, 1839"
"ヤナギイネゾウモドキ","Dorytomus (Praeolamus) rectinasus (Morimoto & Enda, 1962)"
"キタノツブゲンゴロウ","Laccophilus vagelineatus Zimmermann, 1922"
"クボタメクラチビゴミムシ","Stygiotrechus kubotai S. Uéno, 1958"
"エサキサンゴハネカクシ","Brachypronomaea esakii Sawada, 1956"
"ムモンベニカミキリ","Amarysius sanguinipennis adachii Fujita, 2023"
"キイロムクゲテントウダマシ","Stenotarsus ryukyuensis Chûjô & Kiuchi, 1974"
"リョウモウナガゴミムシ","Pterostichus (Nialoe) ryomoensis Morita & Suda, 2007"
"ニセアイヌチビマルハナノミ","Nyholmia patiens (Klausnitzer, 1982)"
"コゲチャヒラタケシキスイ","Epuraea (Micruria) japonica (Motschulsky, 1861)"
"ヤマトチビミズギワゴミムシ","Polyderis naraensis S. Uéno, 1953"
"キバネクチボソコメツキ　基亜種","Glyphonyx (Glyphonyx) bicolor bicolor Candèze, 1895"
"ホソナガニジゴミムシダマシ","Ceropria striata Lewis, 1894"
"ハテルマクチボソコメツキ　石垣島亜種","Glyphonyx (Glyphonyx) haterumarum takahashii Kishii, 1974"
"コヤメクラチビゴミムシ","Trechiama (Trechiama) apicedentatus S. Uéno, 1979"
"マスモトヒメコバネナガハネカクシ","Lathrobium (Lathrobium) masumotoi Y. Watanabe, 2011"
"ケブカメダカハネカクシ","Stenus hirtiventris Sharp, 1889"
"キアシヒラタヒサゴコメツキ","Ascoliocerus fluviatilis (Lewis, 1894)"
"キュウシュウツヤバネクチキムシ","Doranalia ryoi (Akita & Masumoto, 2016)"
"シャープツブゲンゴロウ","Laccophilus sharpi Régimbart, 1889"
"ベニモンクシヒゲタマキノコムシ","Anisotoma biplagata (Portevin, 1927)"
"3): 99-106.","Matsushita, M., 1938a. Neue und wenig bekannte Bockkäfer aus Shikoku (I. Okubo's und M,Okamoto's Ausbeute). Insecta matsumurana, 12(2"
"ワタラセカクムネトビハムシ","Neocrepidodera ohkawai Takizawa, 2002"
"オオクチブトサルゾウムシ","Rhinoncus pericarpius (Linnaeus, 1758)"
"ケブカヒラタカミキリ","Nothorhina muricata (Dalman, 1817)"
"コクヌスト","Tenebroides mauritanicus (Linnaeus, 1758)"
"エサキナガゴミムシ","Pterostichus (Sphodroferonia) esakii Ishida, 1958"
"オオヒョウタンゴミムシ","Scarites (Scarites) sulcatus sulcatus Olivier, 1795"
"セミゾキノカワハネカクシ","Coprophilus impressus Sharp, 1889"
"イシガキチビコブツノゴミムシダマシ","Byrsax nishinoi Akita & Masumoto, 2012"
"クロヒメミゾコメツキダマシ","Dromaeolus lewisi Fleutiaux, 1923"
"キムネアオハムシ","Cneorane elegans Baly, 1874"
"ナナカマドノキクイムシ","Polygraphus nigrielytris Niijima, 1913"
"サイハテチビゴミムシ","Trechus (Trechus) apicalis Motschulsky, 1845"
"サクライクビチョッキリ","Deporaus (Pseudapoderites) septentrionalis Y. Sawada, 1993"
"ケラマヒメハムシ","Epaenidea reoi Suenaga & Shigetoh, 2024"
"ケマダラムクゲキスイ","Biphyllus flexuosus (Reitter, 1889)"
"リュウキュウドウガネ","Anomala xanthopleura Arrow, 1913"
"クロサワナガハナゾウムシ","Euphyllobiomorphus kurosawai Morimoto, 1962"
"クロヒメマキムシ","Latridius minutus (Linnaeus, 1767)"
"サツマスジボタル　徳之島亜種","Curtos satsunanus tokunoshimensis Kawashima, 2025"
"ハマベヒメテントウ","Scymnus (Scymnus) marinellus Kovář, 2007"
"ニッコウスジツヤチビハネカクシ","Edaphus bishamon Puthz, 2014"
"クリイロマルケシキスイ","Pallodes (Pallodes) umbratilis Reitter, 1873"
"ヒョウタンヒメドロムシ","Podonychus gyobu Yoshitomi & M. Hayashi, 2020"
"オガサワラトラカミキリ　基亜種","Chlorophorus boninensis boninensis Kano, 1933"
"カナムグラトゲサルゾウムシ","Homorosoma chinense Wagner, 1944"
"コンゴウコバネナガハネカクシ","Lathrobium (Lathrobium) hayashii Hayashi, 1999"
"ミドリヒメコメツキ","Vuilletus viridis (Lewis, 1894)"
"キベリクロクビボソジョウカイ","Asiopodabrus (Satopodabrus) inexpectus (Takahashi, 1992)"
"トウヨウダナエテントウダマシ","Danae orientalis (Gorham, 1873)"
"ヘイワカレハハネカクシ","Coenonica anteatomica Pace, 1993"
"アオキホソゴミムシダマシ","Corticeus (Stenophloeus) cephalotes (Gebien, 1914)"
"キイチゴトゲサルゾウムシ","Scleropteroides hypocrita (Hustache, 1916)"
"ハマベヒメサビキコリ　沖縄列島亜種","Agrypnus miyamotoi ihai (Ôhira, 1967)"
"アヤムネスジタマムシ","Chrysodema (Chrysodema) lewisii E. Saunders, 1873"
"コキムネマルハナノミ","Sacodes nakanei (Klausnitzer, 1973)"
"フタスジヒメハムシ","Medythia nigrobilineata (Motschulsky, 1861)"
"チビケセスジエンマムシ","Epiechinus arboreus (Lewis, 1884)"
"ダイセンオサムシ　隠岐亜種","Carabus (Ohomopterus) daisen okianus (Nakane, 1961)"
"チャイロチビヒラタエンマムシ","Eulomalus tardipes (Lewis, 1892)"
"カラフトモモブトカミキリ","Acanthocinus sachalinensis (Matsushita, 1933)"
"フタスジゴマフカミキリ　西南日本亜種","Mesosa (Lissomesosa) cribrata kirisimana Matsushita, 1943"
"オオバヤシミナミボタル","Drilaster ohbayashii M. Satô, 1968"
"ハコネエンマムシ","Margarinotus (Ptomister) sutus (Lewis, 1884)"
"クロヒメキノコハネカクシ","Sepedophilus varicornis (Sharp, 1888)"
"2): 21-26.","Miyatake, M., 1985a. Notes on the genus Tenomerga of Japan (Coleoptera: Cupedidae). Transactions of the Shikoku Entomological Society, 17(1"
"ミヤマヒサゴコメツキ　亜種2","Homotechnes motschulskyi akitensis (Kishii, 1979)"
"ミヤマヒサゴコメツキ　亜種1","Homotechnes motschulskyi aizu Kishii, 1994"
"マメアリヅカムシ","Morana discedens Sharp, 1874"
"オガサワラクシヒゲコメツキ","Tetrigus kusuii Ôhira, 1974"
"ミヤマヒサゴコメツキ　亜種8","Homotechnes motschulskyi fleutiauxi (Ôhira, 1968)"
"ミヤマヒサゴコメツキ　亜種7","Homotechnes motschulskyi etchu Kishii, 1996"
"ミナミモリヒラタゴミムシ","Nipponagonum meridies (Habu, 1975)"
"ミヤマヒサゴコメツキ　亜種9","Homotechnes motschulskyi fukube Kishii, 2011"
"ミヤマヒサゴコメツキ　亜種4","Homotechnes motschulskyi awaensis Ôhira, 2008"
"ケシガムシ","Cercyon (Cercyon) usutus Sharp, 1874"
"マツヤマイドケシゲンゴロウ","Matsuaymahydrus shigenobuensis Yanagi & Akita, 2025"
"ミヤマヒサゴコメツキ　亜種3","Homotechnes motschulskyi alpicola (Kishii, 1968)"
"ヤクカサハラハムシ","Demotina elegans Chûjô & Shirôzu, 1955"
"ホテイアリヅカムシ","Reichenbachia pulla (Sharp, 1874)"
"ミヤマヒサゴコメツキ　亜種6","Homotechnes motschulskyi echigoanus (Kishii & Ôhira, 1956)"
"エゾアザミテントウ","Henosepilachna pustulosa (Kono, 1937)"
"ミヤマヒサゴコメツキ　亜種5","Homotechnes motschulskyi babai (Kishii, 1957)"
"アワカタホソヨツメハネカクシ","Philydrodes (Minyphilydrodes) yujii Y. Watanabe, 2012"
"ミヤマサビゾウムシ","Metahylobius runiginosus Morimoto, 1982"
"ナガイホソナガクチキ","Rushia nagaii (Nakane, 1975)"
"Caccodes kanekoi","Caccodes kanekoi Takahashi, 1999"
"フトキクスイモドキカミキリ","Asaperda silvicultrix Toyoshima & Iwata, 1990"
"トウヒノキクイムシ","Polygraphus subopacus C. G. Thomson, 1871"
"アズサチビコメツキ","Adzusa inexpecta Kishii, 1957"
"ムツボシトビハムシ","Ivalia bistripunctata (Chen, 1933)"
"2): 49-63.","Kono, H., 1929e. Die Cleoninen Japans (Col. Curc.). Insecta matsumurana, 4(1"
"アカバナガタマムシ","Agrilus sinuatus sachalinensis Obenberger, 1935"
"クロムネビロオオキノコ","Microsternus yamadai Chûjô & Shibata, 1963"
"アリタムネアカコメツキ　徳之島亜種","Ampedus (Miwaelater) aritai mikyoensis Ôhira, 1998"
"キベリハムシ","Oides bowringii (Baly, 1863)"
"ヒゲナガカマヒゲアリヅカムシ","Bythoxenites longicornis Löbl & Kurbatov, 1996"
"チャイロカナブン　与那国亜種","Cosmiomorpha (Microcosmiomorpha) similis yonakuniana Nomura, 1964"
"オガサワラビロウドカミキリ","Acalolepta boninensis Hayashi, 1971"
"アカケシガムシ","Cercyon (Cercyon) olibrus Sharp, 1874"
"ムツモンヒメコキノコムシ","Litargus (Litargosomus) sexsignatus Miyatake, 1957"
"ホシモンマダラヒゲナガゾウムシ","Litocerus kimurai Shibata, 1969"
"タカハシナガゴミムシ","Pterostichus (Nialoe) takahashii Ishida, 1958"
"ナガズムネスジナガハネカクシ","Sengenia angusticeps (Sharp, 1889)"
"タテスジマルケシキスイ","Neopallodes omogonis Hisamatsu, 1953"
"エノキドクビボソジョウカイ","Asiopodabrus (Asiopodabrus) enokidoi Takahashi, 2012"
"リュウガドウメクラチビゴミムシ","Ryugadous (Ryugadous) atorus S. Uéno, 1965"
"シロテンシギゾウムシ","Curculio (Curculio) yoshieae Notsu, 1978"
"キッコウモンケシカミキリ","Exocentrus testudineus Matsushita, 1931"
"ヒゴミズギワコメツキ","Fleutiauxellus (Migiwa) modestus (Lewis, 1894)"
"ムナビロサビキコリ","Agrypnus cordicollis (Candèze, 1865)"
"オオバヤシヒメメダカハネカクシ","Stenus ohbayashii Naomi, 1997"
"ヒメクロシデムシ","Nicrophorus tenuipes Lewis, 1887"
"アシュウキクイムシ","Xyleborus ashuensis Murayama, 1954"
"ケブカカクホソカタムシ","Philothermus japonicus Ślipiński, 1988"
"ナガサキヒメテントウ","Sasajiscymnus tainanensis (Ohta, 1929)"
"アマミアカハネムシ","Pseudodendroides amamiana (Nakane, 1988)"
"カギモンミズギワゴミムシ","Bembidion (Peryphus) poppii pohlai Kirschenhofer, 1984"
"ネジキトゲムネサルゾウムシ","Mecysmoderes brevicarinatus Hustache, 1916"
"サビノミナガクチキ","Lederina foenilis (Lewis, 1895)"
"シュゼンジツチゾウムシ","Trachyphilus shuzenjianus Morimoto, 2015"
"ヤマトデオキノコムシ","Scaphidium japonum Reitter, 1877"
"ゴマダラジンガサハムシ","Aspidimorpha (Aspidimorpha) miliaris (Fabricius, 1775)"
"カワリヒゲブトノミハムシ","Nonarthra amamiana Chûjô, 1957"
"マイマイカブリ　東北地方南部亜種","Carabus (Damaster) blaptoides babaianus (Ishikawa, 1985)"
"ムネクロテングベニボタル","Platycis consobrinus (Bourgeios, 1902)"
"スジマグソコガネ","Aphodius (Pharaphodius) rugosostriatus Waterhouse, 1875"
"コルベヨツコブエグリゴミムシダマシ","Uloma (Uloma) latimanus Kolbe, 1886"
"カナガワアバタコバネハネカクシ","Nazeris nipponicus Ito, 1991"
"ユニシガワクビボソジョウカイ","Asiopodabrus (Asiopodabrus) yunishigawanus (Takahashi, 2002)"
"マルガタゲンゴロウ","Graphoderus adamsii (Clark, 1864)"
"ムネアカオオクロテントウ","Synona consanguinea Poorani, Ślipiński & Booth, 2008"
"ブチヒゲハナカミキリ","Stictoleptura (Variileptura) variicornis tuyukii Fujita, 2018"
"ヨツボシテントウ","Platynaspis lewisii Crotch, 1874"
"コゲチャホソクチゾウムシ","Holotrichapion (Holotrichapion) semisericeum (Wagner, 1920)"
"ユリコヒメクチカクシゾウムシ","Anaechmura yurikoae Morimoto & Miyakawa, 1985"
"カンショハナコメツキ","Platynychus (Platynychus) formosanus (Matsumura, 1910)"
"アカバヒゲボソトガリハネカクシ","Thinocharis basicornis (Sharp, 1874)"
"トカラナガツツキノコムシ","Nipponocis unipunctatus Nakane & Nobuchi, 1956"
"ヒラシマメダカオオキバハネカクシ","Megalopinus (Megalopinus) hirashimai Naomi, 1986"
"ミドリクチブトゾウムシ","Cyphicerus (Cyphicerus) viridulus (Roelofs, 1873)"
"ツシマオオメナガヒゲナガゾウムシ","Ulorhinus akitai Senoh, 1989"
"ミドリオオキスイ","Neohelota cereopuncutata (Lewis, 1881)"
"セボシヒメテントウ","Sasajiscymnus seboshii (Ohta, 1929)"
"ムツコモンヒゲナガゾウムシ","Gonotropis murakamii Oda, 1979"
"ホソカッコウムシ","Cladiscus obeliscus Lewis, 1892"
"ダイセンツヤゴモクムシ","Trichotichnus (Trichotichnus) daisenus Habu, 1973"
"クロオサムシ　佐渡島亜種","Carabus (Ohomopterus) albrechti freyi Emden, 1932"
"カイホソクロコメツキ","Ampedus (Ampedus) ohsawai Kishii, 2004"
"ヤマシタホソヒラタハネカクシ","Siagonium yamashitai Takai & Nakane, 1985"
"ホソヒゲナガキマワリ","Ainu (Ainu) tenuicornis Lewis, 1894"
"シロクビボソジョウカイ","Asiopodabrus (Satopodabrus) albus Takahashi, 2012"
"ハルニレノキクイムシ","Neopteleobius scutulatus (Blandford, 1894)"
"ゲンジボタル","Nipponoluciola cruciata (Motschulsky, 1854)"
"ウマサカクビボソジョウカイ","Asiopodabrus (Asiopodabrus) umasakanus (Takahashi, 2002)"
"フトヨツミゾナガハネカクシ","Phacophallus parumpunctatus (Gyllenhal, 1827)"
"ダイコクコガネ","Copris (Copris) ochus (Motschulsky, 1860)"
"シラオビシデムシモドキ","Nodynus leucofasciatus Lewis, 1879"
"ヤハズカミキリ　基亜種","Uraecha bimaculata bimaculata Thomson, 1864"
"オワイヒメハネカクシ","Acrotona lutulenta (Sharp, 1888)"
"ヨツボシアカマルケシキスイ","Cyllodes punctidorsum Nakane & Hisamatsu, 1955"
"モンケシガムシ","Nipponocercyon shibatai M. Satô, 1963"
"カラフトヒメオトシブミ","Compsapoderus (Compsapoderus) erythropterus (Gmelin, 1790)"
"シロオビクチカクシゾウムシ","Cyamobolus sturmii Boheman, 1837"
"アシナガヒメハナムシ","Augasmus thoracicus (Fleutiaux, 1887)"
"キボシチビヒラタムシ","Laemophloeus submonilis Reitter, 1889"
"フジナガゴミムシ","Pterostichus (Nialoe) fujisanus Tanaka & Suga, 1972"
"ミツアナアトキリゴミムシ","Parena (Bothynoptera) tripunctata (Bates, 1873)"
"トゲツツクシヒゲコメツキダマシ","Semnodema harmandi Fleutiaux, 1896"
"エゾコガネヒメコメツキ","Sericus (Sericus) jezoensis Ôhira, 1992"
"アマミヤツボシヒゲナガゾウムシ","Deropygus cavus Shibata, 1986"
"ネムロクロヒメジョウカイ","Rhagonycha (Rhagonycha) pacifica Kazantsev, 1994"
"ジゴクダニダルマガムシ","Hydraena (Hydraena) kitayamai Jäch & Díaz, 2012"
"マメコメツキモドキ","Loberus excisus Grouvelle, 1919"
"ヨシカワメクラチビゴミムシ　基亜種","Kusumia yoshikawai yoshikawai S. Uéno, 1960"
"フタホシチビオオキノコ","Triplax devia Lewis, 1887"
"シラトリスジツヤチビハネカクシ","Edaphus perplexabilis Puthz, 2014"
"ツシマヒメミズギワヨツメハネカクシ","Lesteva tsushimae Y. Watanabe, 1990"
"ヤエヤマムナビロタマムシ","Sambus yaeyamanus Y. Kurosawa, 1985"
"ヒコサンモリヒラタゴミムシ","Negreum ehikoense (Habu, 1954)"
"クロボシツツハムシ","Cryptocephalus (Cryptocephalus) luridipennis pallescens Kraatz, 1879"
"キイヒメコバネナガハネカクシ","Lathrobium (Lathrobium) masaoi Y. Watanabe, 1999"
"スジカミナリハムシ　本州四国九州亜種","Altica latericosta subcostata Ohno, 1960"
"アオドウガネ　トカラ奄美諸島亜種","Anomala albopilosa gracilis Schönfeldt, 1890"
"カンミヤヒサゴトビハムシ","Chaetocnema (Tlanoma) kanmiyai Kimoto, 1974"
"オモゴツツキノコムシ","Syncosmetus japonicus Sharp, 1891"
"ダイセツヒメハネカクシ","Neodimetrota nobukii (Sawada, 1989)"
"キタコンボウヒゲブトハネカクシ","Tetrabothrus septentrionalis Kishimoto, 1997"
"セスジノミヒゲナガゾウムシ","Choragus mundulus Sharp, 1891"
"フカミゾセスジムシ","Omoglymmius (Orthoglymmius) sulcicollis (Lewis, 1888)"
"キバネナガニセクビボソムシ","Ariotus takedai M. Saitô & Young, 2015"
"カラカネケブカゴミムシ","Peronomerus fumatus Schaum, 1854"
"カバイロコメツキ　基亜種","Ectinus sericeus sericeus (Candèze, 1878)"
"エクボオノヒゲアリヅカムシ","Bryaxis humilis Raffray, 1909"
"アカクビボソハムシ","Lema (Lema) diversa Baly, 1873"
"ヒロムネトゲアリヅカムシ","Batrisodes laticollis (Jeannel, 1958)"
"シミンダメクラチビゴミムシ","Yamautidius (Yamautidius) dilaticollis S. Uéno, 1982"
"クロヒメツツハムシ","Coenobius piceus Baly, 1873"
"シロジュウシホシテントウ","Calvia quatuordecimguttata (Linnaeus, 1758)"
"ウスイロオサシデムシ","Ipelates curtus (Portevin, 1919)"
"ヒラノアラメムクゲキノコムシ","Ptiliolum hiranoi Sawada, 2021"
"チビヒゲナガハナノミ　奄美亜種","Ectopria opaca tomokunii Lee, P.-S. Yang & M. Satô, 1998"
"ツメアカナガヒラタタマムシ","Melanophila obscurata Lewis, 1893"
"ホソアシシバンムシ","Nesocoelopus miyatakei Sakai, 1979"
"コクロナガオサムシ　秋田県亜種","Carabus (Leptocarabus) arboreus akitanus (Ishikawa, 1992)"
"サメハダツブノミハムシ","Aphthona strigosa Baly, 1874"
"ベッチチビコフキゾウムシ","Sitona lineellus lineellus (Bonsdorff, 1785)"
"オキナワホテイデオキノコムシ","Scaphobaeocera sunadai Hoshina & Sugaya, 2003"
"ヒダカチビゴミムシ　夕張山脈亜種","Masuzoa notabilis favonius S. Uéno, 1971"
"ヒメハラクボアリヅカムシ","Batriscenellus (Batriscenellus) fallax (Sharp, 1883)"
"イシガキシロテンハナムグリ　喜界島亜種","Protaetia (Pseudocalopotosia) ishigakia kikaiana Nakane, 1960"
"マイマイカブリ　佐渡島亜種","Carabus (Damaster) blaptoides capito (Lewis, 1881)"
"オガサワラクロテントウ","Telsimia nitida Chapin, 1926"
"オオザイノキクイムシ","Indocryphalus major (Eggers, 1926)"
"ツヤマルガタゴミムシ","Amara (Amara) obscuripes Bates, 1873"
"トックリナガゴミムシ","Pterostichus (Eurythoracana) haptoderoides japanensis (Lutshnik, 1922)"
"モモナガオオタマキノコムシ","Leiodes yukihikoi Hoshina, 2012"
"イシガキオオキバノコギリカミキリ","Dorysthenes (Prionomimus) elegans ishigakiensis N. Ohbayashi, 1981"
"ムナゲクロサルハムシ","Basilepta hirticollis (Baly, 1874)"
"ニッコウオオズナガゴミムシ","Pterostichus (Smilodonialoe) macrogenys Bates, 1883"
"サキシマトビサルハムシ","Trichochrysea sakishimana Y. Komiya, 1985"
"アラメエンマムシ","Hister salebrosus subsolanus (Newton, 1991)"
"ハクサンツノアリヅカムシ","Basitrodes hakusanus Nomura, 2002"
"チャバネヒメヒラタゴミムシ","Agonum (Europhilus) jurecekianum Jedlička, 1952"
"ハヤシヒメヒラタホソカタムシ","Synchita hayashii (Sasaji, 1971)"
"クサカリメクラチビゴミムシ","Trechiama (Trechiama) kusakarii S. Uéno, 1986"
"ニセヒメエンマムシ","Margarinotus (Ptomister) agnatus (Lewis, 1884)"
"カワラハンミョウ　琉球亜種","Chaetodera laetescripta circumpictula (W. Horn, 1938)"
"リュウキュウケシツブムクゲキノコムシ","Acrotrichis (?) ryukyuensis Sawada & Hirowatari, 2002"
"アカハラアシナガミゾドロムシ","Stenelmis hisamatsui M. Satô, 1960"
"トガクシベニボタル","Lycostomus (Lycostomus) koshimizui Nakane, 1993"
"24): 87-98.","Nakane, T., 1977a. New or little known Coleoptera from Japan and its adjacent regions. XXVIII. Fragmenta Coleopterologica, (22"
"ウスモンナガクチキ","Melandrya (Eumelandrya) obsoletomaculata Nomura, 1958"
"ヌノビキメクラチビゴミムシ","Trechiama (Trechiama) ancorifer S. Uéno, 1995"
"クロウスバハムシ","Luperus moorii Baly, 1874"
"フタツノキクイムシ","Pityogenes bistridentatus (Eichhoff, 1878)"
"ミナミオオハネカクシ","Creophilus flavipennis (Hope, 1831)"
"ニッコウセマルヨツメハネカクシ","Mannerheimia tsurumii Y. Watanabe, 1990"
"ナガスネアリヅカムシ　基亜種","Batriscenaulax longipes longipes Jeannel, 1958"
"ケシチビゾウムシ","Nanomimus suturalis (Pic, 1907)"
"オゼクロヒメハナノミ","Pseudomordellina ozeana Nakane, 1957"
"アクセキクシコメツキ","Melanotus (Melanotus) akusekianus Ôhira, 1997"
"トカチクロコメツキ","Ampedus (Ampedus) tokachi Kishii, 1991"
"ヤエヤマケシガムシ","Cercyon (Cercyon) yayeyama Chûjô & M. Satô, 1970"
"ヤセモリヒラタゴミムシ　基亜種","Diacanthostylus elainus elainus (Bates, 1883)"
"ハイマダラクチボソヒゲナガゾウムシ","Plintheria variolosa Shibata, 1969"
"クチカクシセスジダルマガムシ","Ochthebius (Ochthebius) lobatus Pu, 1958"
"ヤマトコケホソハネカクシ","Leptusa (Drepanoleptusa) yamato (Sawada, 1990)"
"カタモンオオキノコ","Aulacochilus japonicus Crotch, 1873"
"タナカツヤゴミムシダマシ","Scaphidema shinichii Akita & Masumoto, 2015"
"シロウズクロヒメハナノミ","Mordellistena shirozui Nomura, 1951"
"セスジサルハムシ","Rhyparida lineolata (Weise, 1913)"
"アカオビカツオブシムシ","Dermestes (Dermestes) vorax Motschulsky, 1860"
"ツヤケシアサギナガタマムシ","Agrilus betuleti (Retzburg, 1867)"
"マルモンニセオオキバハネカクシ","Pseudoxyporus gnatho (Sharp, 1889)"
"アトコブゴミムシダマシ","Phellopsis suberea Lewis, 1887"
"カスミハナムグリヨツメハネカクシ","Eusphalerum kasumi Y. Watanabe, 1990"
"ヤマトミズギワヨツメハネカクシ","Geodromicus (Geodromicus) japonicus (Y. Watanabe, 1990)"
"チイワメクラチビゴミムシ","Trechiama (Trechiama) mammalis S. Uéno, 1987"
"クロヒメヒゲナガゾウムシ","Rhaphitropis nigra Morimoto, 1981"
"キュウシュウハネナシサビカミキリ","Pterolophia (Pseudale) kyushuensis Takakuwa, 1988"
"ヨツボシミズギワコメツキ","Fleutiauxellus (Migiwa) yotsuboshi (Kishii, 1976)"
"ホウマンツチゾウムシ","Trachyphilus homanus Morimoto, 2015"
"ヨツホシアナアキゾウムシ","Lepyrus quadrinotatus Boheman, 1842"
"ホソヒメクロオサムシ　富士山亜種","Carabus (Pentacarabus) harmandi fujisan Ishikawa, 1972"
"ネアカカクケシキスイ","Pocadites rufobasalis Reitter, 1884"
"アカヘリミドリタマムシ","Buprestis (Cypriacis) splendens niponica Hoscheck, 1931"
"ニセデオネスイ","Europs (Monotopion) ferrugineum (Reitter, 1884)"
"ピッククビボソムシ","Macratria pelegrini Pic, 1923"
"クロツヤヒゲナガハナノミ","Anchycteis monticola (Nakane, 1952)"
"ウスアヤカミキリ　本土亜種","Bumetopia oscitans japonica (Thomson, 1868)"
"ダイボサツツヤゴモクムシ","Trichotichnus (Trichotichnus) daibosatsunis Kasahara, 1991"
"ムロトアバタコバネハネカクシ","Nazeris pacificus Ito, 1990"
"モンハナノミ","Paratomoxia (Metatomoxia) nipponica (Kono, 1928)"
"デマーデスホソコガシラハネカクシ","Gabrius demades Smetana, 1984"
"カズサヒラタゴミムシ","Platynus (Batenus) kazuyoshii Morita & Y. Kurosa, 1994"
"サトウナガタマムシ","Agrilus satoi Y. Kurosawa, 1954"
"ヤエヤマセスジムシ","Omoglymmius (Orthoglymmius) microtis R. T. Bell & J. R. Bell, 1982"
"テンリュウメダカチビカワゴミムシ　吐噶喇亜種","Asaphidion tenryuense konoi S. Uéno, 1955"
"ツマアカオオヒメテントウ","Cryptolaemus montouzieri montrouzieri Mulsant, 1853"
"フトミツギリゾウムシ","Prophthalmus wichmanni Kleine, 1916"
"リュウキュウニジゴミムシダマシ","Tetraphyllus laevis M. T. Chûjô, 1977"
"ウエダタチゲメダカハネカクシ","Stenus uedai Naomi, 2015"
"ミカドヒメハナノミ","Pseudomordellistena mikado (Tokeji, 1953)"
"チビクビボソジョウカイ","Asiopodabrus (Asiopodabrus) ochraceus (Kiesenwetter, 1874)"
"ミナミチビアトキリゴミムシ","Microlestes exilis Schmidt-Göbel, 1846"
"オオオニアリヅカムシ","Batrisodes (Excavodes) angustus (Sharp, 1874)"
"シロオビトラカミキリ","Clytus raddensis Pic, 1904"
"ネアカヒメミズギワヨツメハネカクシ","Lesteva plagiata Sharp, 1889"
"アマミハナムグリヨツメハネカクシ","Eusphalerum amamiense Y. Watanabe, 1993"
"イケザキアシブトゾウムシ","Endaenidius ikezakii Morimoto, 1962"
"ケナガカクホソカタムシ","Cerylon takara Nakane, 1967"
"アオキノカワゴミムシ","Leistus (Pogonophorus) subaeneus Bates, 1883"
"ワタナベチビゴミムシ","Epaphiopsis (Pseudepaphius) watanabeorum S. Uéno, 1975"
"リュウキュウホソシバンムシ","Oligomerus chujoi Sakai, 1982"
"アマミアカクビキクイムシ","Ambrosiodmus asperatus (Blandford, 1895)"
"ホソネクイハムシ","Donacia (Donaciomima) vulgaris vulgaris Zschach, 1788"
"ボンジュサンハナムグリヨツメハネカクシ","Eusphalerum bonjuense Y. Watanabe, 2003"
"イチブサチビマルトゲムシ","Simplocaria (Simplocaria) munetoshii Pütz, 2002"
"アオドウガネ　先島亜種","Anomala albopilosa sakishimana Nomura, 1964"
"フトゲチビツチゾウムシ","Trachyphloeosoma roelofsi Sharp, 1896"
"ズグロセダカガムシ","Pacrillum manchuricum d'Orchymont, 1941"
"アカオニアメイロカミキリ","Obrium cantharinum shimomurai Takakuwa, 1984"
"シロオビチビカミキリ　基亜種","Sybra (Sybrodiboma) subfasciata subfasciata (Bates, 1884)"
"シバタナガタマムシ","Agrilus shibatai Y. Kurosawa, 1964"
"ヤクシママルガムシ","Hydrocassis fujiwarai Kamite & Hayashi, 2019"
"ヒダカチビゴミムシ　基亜種","Masuzoa notabilis notabilis S. Uéno, 1960"
"アマミクリイロクシコメツキ","Melanotus (Melanotus) nodai Arimoto, 2011"
"リュウキュウルリボシカミキリ　伊豆諸島亜種","Glenea (Glenea) chlorospila hachijonis Matsumura & Matsushita, 1933"
"オオクリイロツヤハダコメツキ","Elathous yamamotoi Ôhira, 1995"
"アオジョウカイ","Themus (Themus) cyanipennis Motschulsky, 1858"
"イタヒゲヒメコメツキダマシ","Hylis yoshidai (Nakane, 1987)"
"オオトゲツメコガシラハネカクシ","Philonthus (Onychophilonthus) bicaudus Sharp, 1889"
"オオサワクビボソジョウカイ","Hatchiana osawai (Nakane & Makino, 1981)"
"ムネマルミズギワゴミムシ","Bembidion (Sinechostictus) nakabusei Jedlička, 1958"
"キシクビボソジョウカイ","Asiopodabrus (Asiopodabrus) kishii (Nakane & Makino, 1989)"
"ルリゴミムシダマシ","Derosphaerus subviolaceus (Motschulsky, 1860)"
"モリモトコバネナガハネカクシ","Lathrobium (Lathrobium) morimotoi Y. Watanabe, 2016"
"ルリホシカムシ","Necrobia violacea (Linnaeus, 1758)"
"ヤエヤマケシカミキリ","Sciades (Miaenia) brevicollis (Gressitt, 1951)"
"ヤエヤマタテスジジョウカイ","Lycocerus ueharaensis (Okushima, 1996)"
"クシヒゲツヤムネハネカクシ","Quedius (Velleius) pectinatus (Sharp, 1874)"
"オオクラミズギワゴミムシ","Bembidion (?) ohkurai Morita, 1992"
"ハネナガイクビハネカクシ","Ischnosoma convexum (Sharp, 1888)"
"クルミクチカクシゾウムシ","Shirahoshizo juglandis Zherichin, 1991"
"ユアサクロベニボタル","Matsudanoeus yuasai (Nakane, 1969)"
"コガシラアオゴミムシ","Chlaenius (Achlaenius) variicornis Morawitz, 1863"
"フトキバスナハラゴミムシ","Diplocheila (Isorembus) macromandibularis (Habu & Tanaka, 1956)"
"クロオビカサハラハムシ","Demotina fasciata (Baly, 1874)"
"オオキカワムシ","Pytho nivalis Lewis, 1888"
"ニホンキクイムシ","Scolytus japonicus Chapuis, 1876"
"オオツカヌレチゴミムシ","Apatrobus ohtsukai Morita, 1993"
"マルムネアリヅカムシ","Triomicrus protervus (Sharp, 1874)"
"ハラビロハンミョウ","Calomera angulata niponensis (Bates, 1883)"
"ケシツブスナサビキコリ","Rismethus ryukyuensis Ôhira, 1999"
"ブドウナガタマムシ","Agrilus marginicollis E. Saunders, 1873"
"ジョウシュウツヤゴモクムシ","Trichotichnus (Trichotichnus) asper Morita, 1997"
"アマミヒゲコメツキ　徳之島亜種","Pectocera amamiinsulana ogatai Kishii, 1996"
"アカマダラヒゲナガゾウムシ　基亜種","Litocerus tokarensis tokarensis (Nakane, 1963)"
"ミゾムネアカコメツキ　基亜種","Ampedus (Parelater) canalicollis canalicollis (Lewis, 1894)"
"ワダオオアリガタハネカクシ","Paederus (Megalopaederus) wadai Scheerpeltz, 1957"
"ハラアカトゲバコメツキダマシ","Spinifornax miurai Nakane, 1987"
"ツメクサタコゾウムシ","Hypera (Hypera) nigrirostris (Fabricius, 1775)"
"ヤエヤマクロジョウカイ","Lycocerus yaeyamanus (Okushima, 1996)"
"ナミクチキムシ","Upinella (Upinella) melanaria (Mäklin, 1875)"
"ヒュウガチビシデムシ","Catops andoi Hayashi, 1994"
"ホソチャバネコガシラハネカクシ","Rabigus inconstans (Sharp, 1889)"
"チビマルカツオブシムシ","Anthrenus (Florilinus) japonicus N. Ohbayashi, 1985"
"ヤノチャイロコガネ","Sericania yanoi Kobayashi, 2014"
"ホオアカオサゾウムシ","Otidognathus jansoni Roelofs, 1875"
"ルイスツブゲンゴロウ","Laccophilus lewisius Sharp, 1873"
"サヨヒメコケムシ","Euconnus (Euconnus) sayo Hoshina, 2020"
"ヒメクロツツキクイゾウムシ","Magdalis (Panopsis) flavicornis (Gyllenhal, 1836)"
"シュイロテントウ","Rodolia shuiro Kitano, 2014"
"アカサビシギゾウムシ","Curculio (Curculio) lateritius Morimoto, 1981"
"ダイセツツヤムネハネカクシ","Quedius (Raphirus) sugayai Smetana, 2002"
"リュウキュウツヤハナムグリ　奄美大島亜種","Protaetia (Pyropotosia) pryeri oschimana (Nonfried, 1895)"
"アマミアラハダトビハムシ","Trachytetra amamiana (Ohno, 1961)"
"ニセマグソコガネダマシ","Trachyscelis sabuleti Lewis, 1894"
"2): 49-55.","Habu, A., 1974d. A new species of Hikosanoagonum, a subgenus of Platynus, from Japan (Coleoptera: Carabidae). Transactions of the Shikoku Entomological Society, 12(1"
"ヒゲナガヒメルリカミキリ　八重山亜種","Praolia citrinipes ishigakiana (Ohbayashi, 1970)"
"クシバアラゲサルハムシ","Demotina serriventris Isono, 1990"
"トゲアトキリゴミムシ","Aephnidius adelioides (MacLeay, 1825)"
"シロオビドイカミキリ","Mimectatina fuscoplagiata (Breuning, 1939)"
"チュウゴクカタホソヨツメハネカクシ","Philydrodes (Philydrodes) grandiculus Senda, 2023"
"ヨシダヒョウタンメダカハネカクシ","Dianous yoshidai Naomi, 1988"
"トホシクビボソハムシ","Lema (Lema) decempunctata Gebler, 1829"
"ミヤタアカコメツキ","Ampedus (Ampedus) miyatai Ôhira, 1992"
"カミヤコバンゾウムシ","Cleopomiarus kamiyai (Morimoto, 1959)"
"ヒゴツツナガクチキ","Hypulus higonius Lewis, 1895"
"ズグロチビコガシラハネカクシ","Gabronthus thermarum (Aubé, 1850)"
"デバヒラタムシ","Prostomis latoris Reitter, 1889"
"キタジマモモブトカミキリ","Boninoleiops kitajimai M. Hasegawa & Makihara, 2001"
"サンゴジュハムシ","Pyrrhalta lineatipes (Takei, 1916)"
"ノコギリクモゾウムシ","Mecopomorphus amurensis (Heyden, 1884)"
"リュウキュウツツハムシ　宮古島亜種","Cryptocephalus (Cryptocephalus) loochooensis miyakoensis Kimoto, 1974"
"ケブカシバンムシ","Nicobium castaneum (Olivier, 1790)"
"クロメダマテントウ","Medamatento secunda Sasaji, 1989"
"オオナガエンマムシ","Niposoma lewisi (Marseul, 1873)"
"トビイロヒョウタンゾウムシ","Scepticus griseus (Roelofs, 1873)"
"コモノオチバメダカハネカクシ","Stenus ingens Naomi, 2006"
"カントウツヤミズギワコメツキ","Oedostethus kanmiyai Ôhira, 1991"
"ハコネコケホソハネカクシ","Silusa (Silusa) conferta Sharp, 1888"
"オキナワセンノカミキリ","Acalolepta kuniyoshii Hayashi, 1963"
"ニセクシヒゲシバンムシ","Ptilinastis gerardi Lesne, 1913"
"オモゴウマルタマキノコムシ　基亜種","Agathidium (Neoceble) omogoense omogoense Angelini & De Marzo, 1990"
"ヤマグチナガゴミムシ","Pterostichus (Sphodroferonia) kaorui Morita, 2005"
"リシリツチゾウムシ","Trachyphilus rishirianus Morimoto, 2015"
"ウスイロナガケシゲンゴロウ","Hydroporus ijimai Nilsson & Nakane, 1993"
"ヒメシマチビゲンゴロウ","Nebrioporus nipponicus (Takizawa, 1933)"
"ニセチビヒョウタンゴミムシ","Dyschirius (Eudyschirius) gracilis gracilis (Heer, 1837)"
"ダイセンサンオオコバネナガハネカクシ","Lathrobium (Lathrobium) daisensanum Y. Watanabe, 1998"
"アマミツヤヒラタゴミムシ","Synuchus (Calathosynuchus) amamioshimae Habu, 1978"
"アワオサムシ　高縄半島亜種","Carabus (Ohomopterus) kawanoi botchan Imura & Mizusawa, 1995"
"イシガキチャイロコメツキ","Reitterelater kuriharai Ôhira, 2000"
"ヤエヤマクロスジツマキジョウカイ","Malthinus (Malthinus) orbiculatus N. Takahashi, 2010"
"ナナフシハネカクシ","Parocyusa (Tetralaucopora) japonica (Cameron, 1933)"
"ツマキヒラタチビタマムシ　八重山亜種","Habroloma (Parahabroloma) eximium eupoetum (Obenberger, 1929)"
"ヤマトツブタマキノコムシ","Besuchetionella nipponica Angelini & Peck, 2000"
"コナラシギゾウムシ","Curculio (Curculio) dentipes (Roelofs, 1875)"
"エチゴトックリゴミムシ","Oodes echigonus Habu & Baba, 1960"
"リョウコニンフジョウカイ　基亜種","Asiopodabrus (Imasakapodabrus) ryokoae ryokoae Imasaka, 2010"
"グルーベルカタビロサルゾウムシ","Cyphosenus (Cyphosenus) grouvellei Hustache, 1916"
"コウベツブゲンゴロウ","Laccophilus kobensis Sharp, 1873"
"ウスチャデオキスイ","Carpophilus (Myothorax) nepos Murray, 1864"
"コブヒメマキムシ","Cartodere (Aridius) nodifer (Westwood, 1839)"
"ミヤマコキクイムシ","Cryphalus montanus Nobuchi, 1964"
"シモヤマミズギワゴミムシ","Bembidion (Neoemphanes) shimoyamai Habu, 1978"
"キュウシュウマルキマワリ","Amarygmus (Amarygmus) incognitus Bremer & Ando, 2009"
"ミスミメクラチビゴミムシ　亜種","Rakantrechus (Uozumitrechus) mukaibarai brevicollis Naitô, 2022"
"イワワキオサムシ　志摩半島亜種","Carabus (Ohomopterus) iwawakianus shima Ishikawa & Kubota, 1995"
"コバネヒメハネカクシ","Geostiba circellaris Gravenhorst, 1806"
"ナガエンマムシ","Platysoma (Cylister) lineicolle Marseul, 1873"
"キュウシュウクロナガオサムシ　基亜種","Carabus (Leptocarabus) kyushuensis kyushuensis Nakane, 1961"
"アカミソニセケシガムシ","Peltocercyon ohnoi Hoshina, 2021"
"シロウズヒラタチビタマムシ","Habroloma (Parahabroloma) marginicolle (Fairmaire, 1888)"
"ホソケシマグソコガネ","Trichiorhyssemus asperulus (Waterhouse, 1875)"
"ナカネケシマキムシ","Corticarina nakanei Johnson, 1976"
"ルイスハンミョウ","Cicindela (Cicindela) lewisi lewisi Bates, 1873"
"アトモンミズギワゴミムシ","Bembidion (Notaphocampa) niloticum batesi Putzeys, 1875"
"アカアシナガキマワリ","Strongylium (Strongylium) erythrocephalum (Fabricius, 1801)"
"イシズチオニニセチビシデムシ","Ptomaphaginus ishizuchiensis Perreau, 1996"
"オオキバナガミズギワゴミムシ","Bembidion (Desarmatocillenus) sumaoi Morita, 1981"
"イシガキリンゴカミキリ","Oberea (Oberea) ishigakiana Matsushita, 1941"
"ヨツモンヒメテントウ","Nephus (Nephus) yotumon (H. Kamiya, 1961)"
"アカアトマルキクイムシ","Dryocoetes hectographus Reitter, 1913"
"オオキクビボソジョウカイ","Asiopodabrus (Asiopodabrus) ohkii Takahashi, 2012"
"タイワンツブノミハムシ","Aphthona formosana S. -H. Chen, 1934"
"トラフカミキリ　本土亜種","Xylotrechus (Xyloclytus) chinensis kurosawai Fujita, 2010"
"ツマグロハナコメツキ","Allocardiophorus nigroapicalis (Miwa, 1927)"
"トガリバシラホシナガタマムシ","Agrilus tokyoensis Y. Kurosawa, 1985"
"ミズタマソウカミナリハムシ","Altica circaeae Ohno, 1960"
"ベニナガタマムシ","Agrilus viduus Kerremans, 1914"
"ツヤナガタマムシ","Agrilus cupes Lewis, 1893"
"サトウオガサワラカミキリ　基亜種","Boninella satoi satoi N. Ohbayashi, 1976"
"キイニセコルリクワガタ","Platycerus akitaorum Imura, 2007"
"オシマヒメテントウ","Nephus (Bipunctatus) oshimensis Sasaji, 1976"
"キュウシュウマルマグソコガネ","Mozartius kyushuensis Ochi, Kawahara & Kawai, 2002"
"カバイロハバビロハネカクシ","Megarthrus hemipterus (Illiger, 1794)"
"クヌギノキクイムシ","Eidophelus imitans Eichhoff, 1876"
"ナガヨワコブカギアシゾウムシ","Bagous (Macropelmus) fractodes O'Brien & Morimoto, 1995"
"セスジムシ","Omoglymmius (Pyxiglymmius) crassiusculus (Lewis, 1888)"
"ウスチャナギサハネカクシ","Bryothinusa fulvipennis Liu, Ono & Maruyama, 2021"
"ウスモンコミズギワゴミムシ","Tachyura (Tachyura) fuscicauda (Bates, 1873)"
"オガサワラトビイロカミキリ","Nysina boninensis (Gressitt, 1937)"
"カダメクラチビゴミムシ","Trechiama (Trechiama) morii Ashida, 1999"
"マエアカホソトビハムシ","Luperomorpha birmanica (Jacoby, 1892)"
"ケンザンミヤママルガタゴミムシ　本州亜種","Amara (Armatoleirides) kenzanensis yadai Morita, 2011"
"ワタナベメクラチビゴミムシ","Trechiama (Trechiama) watanabei S. Uéno, 1971"
"マルセルエグリゴミムシダマシ　大東島亜種","Uloma (Uloma) marseuli fujitai Masumoto, 1985"
"ヒメキバネセスジハネカクシ","Oxytelus (Oxytelus) iners Weise, 1877"
"ヤマトシリグロハネカクシ","Astenus (?) chloroticus (Sharp, 1874)"
"ニセビロウドカミキリ　男女群島亜種","Acalolepta sejuncta morii Makihara, 1980"
"ムナビロムクゲキノコムシ","Acrotrichis (Flachiana) lewisi (Matthews, 1884)"
"ミヤマヨモギハムシ","Chrysolina (Apterosoma) porosirensis Takizawa, 1970"
"ムネグロコチビシデムシ","Sciodrepoides watsoni (Spence, 1815)"
"ミクラチビコブツノゴミムシダマシ","Byrsax takakuwai Akita & Masumoto, 2012"
"サキシママルクチカクシゾウムシ","Orochlesis sakishimensis Tsuji & Yoshitake, 2020"
"ツヤグロシリホソハネカクシ","Tachyporus (Tachyporus) suavis Sharp, 1888"
"ヨシヒコナガチビゴミムシ","Trechiama (Trechiama) yoshihikoi S. Uéno, 2001"
"アマミエンマコガネ","Parascatonomus (Necramator) shibatai (Nakane, 1960)"
"アムールナガタマムシ","Agrilus subauratus amurensis Obenberger, 1922"
"ミヤマハンミョウ　基亜種","Cicindela (Cicindela) sachalinensis sachalinensis A. Morawitz, 1862"
"コモンハナノミ","Variimorda (Variimorda) ainu (Nomura, 1958)"
"アカヒラタガムシ","Helochares (Hydrobaticus) anchoralis Sharp, 1890"
"チビケブカチョッキリ","Involvulus (Parinvolvulus) apionoides (Sharp, 1889)"
"ホンドホソアカクチキムシ","Allecula (Allecula) tenuis Marseul, 1876"
"タカネザイノキクイムシ","Ambrosiodmus obliquecauda (Motschulsky, 1863)"
"ヌタッカゾウムシ","Nipponalophus nutakkanus (Kono, 1936)"
"イシガキキムネクロコメツキ","Ampedus (Ampedus) yousukei Arimoto, 2004"
"キアシマルガタゴミムシ","Amara (Bradytus) ampliata (Bates, 1873)"
"ヤマウチチャイロコガネ　基亜種","Sericania yamauchii yamauchii Sawada, 1938"
"オオヒラタコメツキ　基亜種","Paraphotistus (Paraphotistus) notabilis notabilis (Candèze, 1873)"
"ミゾチビヒラタエンマムシ","Eulomalus lombokanus Cooman, 1937"
"ムナビロフタモンヒメキノコハネカクシ　基亜種","Sepedophilus glabratus glabratus Naomi & Maruyama, 1997"
"ケンザンメクラチビゴミムシ","Trechiama (Trechiama) chikaichii S. Uéno, 1957"
"ネブトクワガタ　沖永良部島亜種","Aegus laevicollis tamanukii Ichikawa & Imanishi, 1976"
"スジシロカミキリ　沖縄亜種","Glenea (Glenea) lineata ihai Hayashi, 1960"
"ヤマトキカワアリヅカムシ","Bibloporus (Bibloporus) japonicus Sawada, 1956"
"ウツギクビボソジョウカイ","Asiopodabrus (Asiopodabrus) utsugidakensis Takahashi, 2012"
"イワワキオサムシ　布引山地亜種","Carabus (Ohomopterus) iwawakianus narukawai Ishikawa & Kubota, 1995"
"ヒメツヤドロムシ","Zaitzeviaria brevis (Nomura, 1958)"
"ヤエヤママドボタル","Pyrocoelia atripennis Lewis, 1896"
"ミナミトビイロクチキムシ","Borboresthes fuliginosus Fairmaire, 1897"
"エカシマルトゲムシ","Byrrhus (Byrrhus) ekashi Kono, 1934"
"ウスモンカレキゾウムシ","Acicnemis palliata Pascoe, 1872"
"キリシマキクイムシ","Microperus kirishimanus (Murayama, 1955)"
"ケシコメツキモドキ　吐噶喇列島亜種","Microlanguria jansoni takarana Nakane, 1959"
"キョクトウオオツノハネカクシ","Bledius (Bledius) gigantulus Bernhauer, 1922"
"エサキナガタマムシ","Agrilus esakii Y. Kurosawa, 1964"
"コクロナガオサムシ　東北地方南部亜種","Carabus (Leptocarabus) arboreus parexilis Nakane, 1961"
"アカタマゾウムシ","Stereonychus thoracicus Faust, 1887"
"ハレヤヒメテントウ","Sasajiscymnus hareja (Weise, 1879)"
"アカチャコガネ","Brahmina (?) sakishimana Nomura, 1965"
"ニセキバネセスジハネカクシ","Oxytelus (Tanycraerus) varipennis Kraatz, 1859"
"イガラシカッコウムシ","Tillus igarashii Kono, 1930"
"クヌギチビシギゾウムシ","Balanobius (Balanobius) kunugi (Morimoto, 1962)"
"マルムネホソヒラタムシ","Silvanolomus inermis (Reitter, 1876)"
"ナガムネトゲアリヅカムシ","Batrisodes longulus (Jeannel, 1958)"
"ツヤビロウドコガネ　基亜種","Maladera (Eumaladera) nitididorsis nitididorsis (Nomura, 1967)"
"トガクシフサヒゲアオカミキリ","Agapanthia (Epoptes) yagii Hayashi, 1982"
"オキチャイロコガネ","Sericania kadowakii Nakane, 1983"
"ヒラヤマカバイロコメツキ","Agriotes (Agriotes) hirayamai Miwa, 1934"
"ヤマトカネコメツキ","Gambrinus yamato (Kishii, 1998)"
"ツシマコブスジコガネ","Trox (Trox) horiguchii Ochi & Kawahara, 2002"
"クロチビジョウカイ","Malthodes (Micromalthodes) minutopygus Wittmer, 1954"
"キボシイネゾウモドキ","Notaris scirpi (Fabricius, 1792)"
"マツクシヒゲヒメコケムシ","Euconnus (Cladoconnus) matsuae Hoshina, 2004"
"アミメベニボタル","Xylometanoeus angusticollis (Motschulsky, 1860)"
"セグロホソクビゴミムシ","Brachinus (?) nigridorsis Nakane, 1962"
"ヒゲナガコメツキ　基亜種","Mulsanteus junior junior (Candèze, 1873)"
"クロアシムクゲキスイ","Biphyllus japonicus Sasaji, 1983"
"ヤバケイスジツヤチビハネカクシ","Edaphus percongruus Puthz, 2014"
"フジモトオオコバネナガハネカクシ","Lathrobium (Lathrobium) fujimotoi Watanabe, 2001"
"ヤナギヒメテントウ","Nephus (Geminosipho) koltzei (Weise, 1887)"
"ズアカメツブテントウ","Sticholotis ruficeps Weise, 1902"
"ハマベゴミムシ","Pogonus (Pogonus) japonicus Putzeys, 1875"
"チュウジョウアナアキゾウムシ　基亜種","Seleuca chujoi chujoi Voss, 1957"
"ウエマツシギゾウ","Curculio (Curculio) uematsuae Notsu, 2004"
"タラクビボソジョウカイ","Hatchiana nishidai Imasaka, 2001"
"チビマルアリヅカムシ","Eupines sphaerica (Motschulsky, 1851)"
"オワラダルマガムシ","Hydraena (Hydraena) namiae Jäch & Díaz, 2016"
"ミチノクカタホソヨツメハネカクシ","Philydrodes (Philydrodes) michikoae Y. Watanabe, 1990"
"ザウターシリホソハネカクシ","Tachyporus (Tachyporus) cephalotes Schülke, 1998"
"クラホソムネトゲアリヅカムシ","Tribasodes kamedai Nomura, 2012"
"フタツメゴミムシ","Lebidia bioculata bioculata Morawitz, 1863"
"ヌカキビタマトビハムシ","Sphaeroderma seriatum Baly, 1874"
"アリタクリイロコガネ","Rufotrichia aritai (Nomura, 1964)"
"ツルギヤマツヤゴモクムシ","Trichotichnus (Trichotichnus) tsurugiyamanus Habu, 1959"
"ウンモンナガクチカクシゾウムシ　琉球亜種","Rhadinomerus unmon ryukyuensis Morimoto, 1987"
"ミナミカワクロモリヒラタゴミムシ","Nipponagonum minamikawai (Habu, 1959)"
"ネムムナビロコケムシ","Cephennodes (Fusionodes) nemu Hoshina, 2019"
"タイショウオオキノコ","Episcapha (Psiloscapha) morawitzi (Solsky, 1871)"
"ヒメヒゲナガハナノミ","Drupeus laetabilis Lewis, 1895"
"ヒョウゴマルガタゴミムシ","Amara (Curtonotus) hiogoensis (Bates, 1873)"
"アマミツヤケシコメツキ","Megapenthes taichii Kishii, 1975"
"エグリバケブカハムシ","Pyrrhalta esakii Kimoto, 1963"
"カサハラツヤケシハナカミキリ","Anastrangalia kasaharai Makihara, 2002"
"クロハナケシキスイ","Carpophilus (Carpophilus) chalybeus Murray, 1864"
"ハスジゾウムシ　北海道亜種","Cleonis japonica hasujizo (Kono, 1929)"
"ハネナシトビハムシ","Batophila acutangula Heikertinger, 1921"
"オカモトホソコガシラハネカクシ","Gabrius okamotoi Shibata, 1991"
"ノコムネホソカタムシ","Neotrichus serraticollis Sasaji, 1986"
"マルヤマハヤシメダカハネカクシ","Stenus maruyamai Naomi, 2004"
"ネアカマルクビハネカクシ","Tachinus (Tachinus) trifidus Sharp, 1888"
"コクロヒメジョウカイ","Cephalomalthinus viaticus (Lewis, 1895)"
"ミカドキクイムシ","Scolytoplatypus mikado Blandford, 1893"
"テツイロヒメカミキリ","Ceresium sinicum A. White, 1855"
"カラカネゴモクムシ","Platymetopus flavilabris (Fabricius, 1798)"
"カバイロビロウドコガネ","Nipponoserica similis (Lewis, 1895)"
"アカネキスジトラカミキリ　北海道亜種","Brachyclytus monticallisus jezoensis Fujita, 2023"
"アカアシクロトガリハネカクシ","Medon discedens Sharp, 1889"
"ホソミツギリゾウムシ","Cyphagogus signipes Lewis, 1883"
"ヘリビロトゲハムシ","Platypria (Platypria) echidna (Guérin-Méneville, 1840)"
"ギョウトクテントウ","Hyperaspis gyotokui H. Kamiya, 1963"
"スジカブトゴミムシダマシ","Bradymerus kondoi Kulzer, 1957"
"マエダクビボソジョウカイ","Asiopodabrus (Asiopodabrus) maedai (Nakane, 1989)"
"ハネナガオオクシコメツキ","Melanotus (Spheniscosomus) japonicus Ôhira, 1974"
"シコクツヤコメツキ","Scutellathous shikokuanus Kishii, 1985"
"キタツチゾウムシ","Trachyphilus boreojapanus Morimoto, 2015"
"トビサルハムシ","Trichochrysea japana (Motschulsky, 1858)"
"イリオモテハナコメツキ","Platynychus (Platynychus) masafumii (Ôhira, 1973)"
"キモンツツナガハネカクシ","Lobrathium (Lobrathium) cribricolle (Sharp, 1889)"
"ミヤマアカコメツキ　北海道亜種","Ampedus (Ampedus) alticola tokoro Kishii, 1998"
"タカネマルクビハネカクシ","Tachinus (Tachinus) dujieae Hashizume, Schülke & Maruyama, 2024"
"マヒルナガチビゴミムシ","Trechiama (Trechiama) meridianus S. Uéno, 1994"
"ツヤケシアカバウミベハネカクシ","Cafius pectralis (Boheman, 1858)"
"ツシマゴマダラコクヌスト","Kolibacia tsushimana (Nakane, 1985)"
"オオメコバネジョウカイ","Microichthyurus pennatus (Lewis, 1895)"
"オオオサムシ　四国東部亜種","Carabus (Ohomopterus) dehaanii katsumai Imura & Mizusawa, 1995"
"ウネメオチバメダカハネカクシ","Stenus uneme Naomi, 1989"
"サツマイモヒサゴトビハムシ","Chaetocnema (Tlanoma) confinis Crotch, 1873"
"クロテントウノミハムシ","Argopistes unicolor Jacoby, 1885"
"ハコダテマルハナノミ","Scirtes ovatulus Lewis, 1895"
"ナガシマコバネナガハネカクシ","Lathrobium (Lathrobium) nagashimanum Y. Watanabe, 2005"
"ヒゲナガホソクチゾウムシ","Pseudopiezotrachelus placidus (Faust, 1887)"
"カイツヤミズギワコメツキ","Oedostethus hosodai Kishii, 1992"
"メスグロカミキリモドキ","Indasclera carinicollis (Lewis, 1895)"
"ウンモンアナアキゾウムシ","Lepyrus nebulosus Motschulsky, 1860"
"カメノコデオキノコムシ","Cyparium mikado Achard, 1923"
"リュウキュウトビイロカミキリ　奄美沖縄亜種","Nysina insularis amamiensis (Hayashi, 1961)"
"ハーグコキノコムシ","Typhaea haagi Reitter, 1874"
"ヘラヒメクビボソハネカクシ","Scopaeus (Scopaeus) paliferus Frisch, 2011"
"コヒゲチビオオキノコ","Pseudotritoma arakii arakii (Nakane, 1954)"
"トウアニセクシヒゲタマキノコムシ","Decuria smetanai (Angelini & De Marzo, 1995)"
"エゾヒラタコケムシ","Veraphis hisamatsui Jałoszyński & Hoshina, 2005"
"コスナゴミムシダマシ","Gonocephalum (Gonocephalum) coriaceum Motschulsky, 1857"
"アマミカタモンヒメクチキムシ","Mycetochara (Ernocharis) amamiensis Akita & Masumoto, 2014"
"ウスイロヒメハナノミ","Pseudomordellistena palliata (Kono, 1932)"
"ミツボシチビオオキノコ","Tritoma (Tritoma) maculifrons (Lewis, 1887)"
"タイシャクナガチビゴミムシ　蛇の穴亜種","Trechiama (Trechiama) yokoyamai rectus S. Uéno, 1958"
"オオツツキノコムシ","Cis polypori Chûjô, 1939"
"サイカチマメゾウムシ","Megabruchidius dorsalis (Fahraeus, 1839)"
"ホソハマベゴミムシダマシ","Micropedinus pullulus (Boheman, 1858)"
"アオモリキクイムシ","Polygraphus japonicus Nunberg, 1956"
"カラフトトホシハナカミキリ","Brachyta sachalinensis Matsumura, 1911"
"オガサワラフトヒゲナガゾウムシ","Basitropis seinoi Morimoto, 1978"
"ウスアヤカミキリ　沖縄亜種","Bumetopia oscitans okinawana Hayashi, 1963"
"ムネアカアオチビケシキスイ","Meligethes (Odonthogethes) pectoralis Rebmann, 1956"
"ナミハマベエンマムシ　小笠原亜種","Hypocaccus (Baeckmanniolus) varians hatsune (Nakane, 1977)"
"リュウキュウホソヒラタハネカクシ","Siagonium densepunctatum Naomi & Nakane, 1995"
"クビボソコガシラミズムシ","Haliplus (Nipponiplus) japonicus Sharp, 1873"
"オオアイヌケシマグソコガネ","Rakovicius subopacus (Nomura, 1973)"
"キムネスジコメツキ","Harminius nikkoensis Miwa, 1928"
"サツマヒメコバネカミキリ　基亜種","Epania dilaticornis dilaticornis Hayashi, 1950"
"チビマメコメツキ","Quasimus (Quasimus) chibi Kishii, 1976"
"ヒラセノミゾウムシ","Orchestes (Granulorchestes) dorsoplanatus Roelofs, 1875"
"ヨナグニジュウジクロカミキリ","Euryclytosemia nomurai Hayashi, 1963"
"カミヤカンショコガネ","Apogonia kamiyai Sawada, 1940"
"モノベメクラチビゴミムシ","Awatrechus simplicior S. Uéno, 2003"
"オオズチビゴモクムシ","Uenanthracus perigonoides Kasahara, 1994"
"シバタヒメミズギワヨツメハネカクシ","Lesteva shibatai Y. Watanabe, 1990"
"ヤマトツヤヒラタゴミムシ","Synuchus (Synuchus) narae Lindroth, 1956"
"ホソツツコメツキダマシ","Melanoscython ohmomoi Muona, 1988"
"アダチアナアキゾウムシ","Hylobius (Hylobius) adachii Kono, 1934"
"ツノフトツツハネカクシ","Osorius taurus taurus Sharp, 1889"
"12): 42-48.","Nakane, T., 1963g. New or little known Coleoptera from Japan and its adjacent regions. XXII. Fragmenta Coleopterologica, (10"
"エダモンハバビロハネカクシ","Megarthrus corticalis Sharp, 1889"
"アカアシオオクシコメツキ　基亜種","Melanotus (Spheniscosomus) cete cete Candèze, 1860"
"ヤマトアミメベニボタル","Xylometanoeus japonicus (Bourgeois, 1902)"
"スギエタチゲメダカハネカクシ","Stenus sugiei Naomi, 1997"
"クロバネホソサビイロモンキハネカクシ","Miobdelus insignis (J. Müller, 1926)"
"キタケブカメダカハネカクシ","Stenus immarginatus Mäklin, 1853"
"マキハラナガタマムシ","Agrilus makiharai Ohmomo, 2005"
"セスジコクヌストモドキ","Tribolium uezumii Nakane, 1963"
"キバネコキクイムシ","Eidophelus fulvipennis (Nobuchi, 1975)"
"カツラギツチゾウムシ","Trachyphilus katsuragianus Morimoto, 2015"
"オオアカチビキカワムシ","Istrisia rufobrunnea Lewis, 1895"
"ヨツスジトラカミキリ　先島諸島亜種","Humeromaculatus (Humeromaculatus) quinquefasciatus hanatanii Fujita, 2023"
"オキナワチビマルヒゲナガハナノミ","Macroeubria okinawana Lee, P.-S. Yang & M. Satô, 1997"
"キタマルクビゴミムシ","Nebria (Boreonebria) rufescens rishiriensis Habu, 1972"
"マメデオキノコムシ","Baeocera curtula Achard, 1923"
"ヨナグニヒメジョウカイモドキ","Attalus (Attalus) yonaguni M. Satô, 1986"
"スベリビユサルゾウムシ","Hypurus bertrandti (Perris, 1852)"
"ニセツヤヒメコメツキダマシ","Xylophilus minimus (Hisamatsu, 1959)"
"カトウカミキリモドキ","Nacerdes (Xanthochroa) katoi (Kono, 1932)"
"カガチャバネコメツキ","Ampedus (Ampedus) ishikawai Kishiii, 1998"
"ヒメクロコメツキ","Ampedus (Miwaelater) carbunculus (Lewis, 1879)"
"アイヌオオタマキノコムシ","Leiodes shigehisai Hoshina, 2012"
"ビロウジマコキクイムシ","Eidophelus birosimensis (Murayama, 1958)"
"ミナミナガヒメタマキノコムシ","Liocyrtusa onodai Hoshina, 1998"
"ムネアカチビナカボソタマムシ　基亜種","Nalanda rutilicollis rutilicollis (Obenberger, 1914)"
"ハクサンツツナガハネカクシ","Lobrathium (Lobrathium) hakusanense Ito, 2021"
"キソコマチビマルトゲムシ","Simplocaria (Simplocaria) naganoensis Pütz, 2004"
"ウスイロホソアリモドキ","Clavicollis lepidulus (Marseul, 1876)"
"アマミカタビロキマワリモドキ　基亜種","Phaedis (Phaedis) oshimensis oshimensis Nakane, 1979"
"ミゾムネチビサビキコリ","Adelocera brunneus (Lewis, 1894)"
"モンツブゾウムシ","Thamnobius orientalis Kojima & Morimoto, 2002"
"アマミヒゲナガアリヅカムシ","Pselaphogenius lanceolatus Sawada, 1969"
"サビチビコフキゾウムシ","Sitona obsoletus obsoletus (Gmelin, 1790)"
"トガリハネナガキクイムシ","Treptoplatypus solidus (Walker, 1859)"
"カイツツナガハネカクシ","Lobrathium (Lobrathium) kaisense Ito, 2019"
"ヒラケメクラチビゴミムシ　基亜種","Kurasawatrechus hirakei hirakei S. Uéno, 1979"
"フクガクチメクラチビゴミムシ","Kurasawatrechus grandis S. Uéno, 1973"
"サタヒラタゴミムシ","Agonum (Achaetoprothrax) sataense Habu, 1954"
"ギンスジゾウムシ","Tychius (Tychius) albolineatus Motschulsky, 1860"
"クロアオカミキリモドキ","Oedemera (Oedemera) concolor Lewis, 1895"
"スジハラハネカクシ","Autalia rivularis (Gravenhorst, 1802)"
"ヨコヅナトゲアリヅカムシ","Batrisodes palpalis (Sharp, 1883)"
"ミスジヒゲカタアリヅカムシ","Tmesiphorus costatus Weise, 1877"
"ヒゲブトゴミムシダマシ","Luprops orientalis (Motschulsky, 1868)"
"ニセビロウドカミキリ　基亜種","Acalolepta sejuncta sejuncta (Bates, 1873)"
"チビマルガタゴミムシ","Amara (Amara) tibialis (Paykull, 1798)"
"オオツヤムクゲキノコムシ","Ptenidium (Wankowizium) magnum Ericson, 1909"
"イシミカワクロクチブトサルゾウムシ","Rhinoncomimus (Homorosomulus) latipes Korotyaev, 1997"
"セスジナガキマワリ　基亜種","Strongylium (Strongylium) cultellatum cultellatum Mäklin, 1867"
"ウミセミゾハネカクシ","Myrmecopora (Lamproxenusa) algarum (Sharp, 1874)"
"ヤエヤマトラカミキリ　基亜種","Chlorophorus yayeyamensis yayeyamensis (Kano, 1933)"
"シラフヨツボシヒゲナガカミキリ","Monochamus (Monochamus) rosenmuelleri (Cederhjelm, 1798)"
"ニセニッポンクロチビジョウカイ","Malthodes (Maltharchus) pseudonipponicus Takahashi, 1996"
"チクゼンチャイロコガネ","Sericania chikuzensis Sawada, 1938"
"サキシマコイチャコガネ","Adoretus formosanus sakishimanus H. Kobayashi, 1982"
"シミノコギリゾウムシ","Ixalma guttulum Kono, 1928"
"サヌキカタホソヨツメハネカクシ","Philydrodes (Philydrodes) sanukiensis Y. Watanabe, 2009"
"トランスバイカルキクイムシ","Hylurgops transbaicalicus Eggers, 1941"
"ウスグロトラカミキリ","Chlorophorus signaticollis (Laporte & Gory, 1836)"
"オンタケヌレチゴミムシ","Apenetretus ambiguus (Bates, 1883)"
"マダラコガシラミズムシ","Haliplus (Liaphlus) sharpi Wehncke, 1880"
"マツアナアキゾウムシ","Hylobius (Callirus) haroldi Faust, 1882"
"オビスジクシヒゲタマキノコムシ","Anisotoma didymata (Portevin, 1927)"
"クビアカヒメテントウ","Sasajiscymnus sylvaticus (Lewis, 1896)"
"シマメクラチビゴミムシ","Trechiama (Trechiama) sigma S. Uéno, 1980"
"ミヤマヒサゴコメツキ　亜種36","Homotechnes motschulskyi oginoi Kishii, 2001"
"ニセヒメクビボソハネカクシ","Scopaeus (Scopaeus) curraxoides Adachi, 1955"
"ミヤマヒサゴコメツキ　亜種37","Homotechnes motschulskyi ohbayashii (Ôhira, 1968)"
"アカアシスジデオキノコムシ","Ascaphium sulcipenne Lewis, 1893"
"ミヤマヒサゴコメツキ　亜種34","Homotechnes motschulskyi narukawai Kishii, 1998"
"ミヤマホソアリモドキ","Stricticollis coreanus (Pic, 1938)"
"ミヤマヒサゴコメツキ　亜種35","Homotechnes motschulskyi nyohou Kishii, 2006"
"ミヤマヒサゴコメツキ　亜種32","Homotechnes motschulskyi morii Kishii, 2004"
"マトバコバネナガハネカクシ","Lathrobium (Lathrobium) matobai Y. Watanabe, 2005"
"ミヤマヒサゴコメツキ　亜種33","Homotechnes motschulskyi mutsuurai (Nakane, 1963)"
"ミヤマヒサゴコメツキ　亜種30","Homotechnes motschulskyi kurotai (Ôhira, 1994)"
"ツェルヘハネスジキノコハネカクシ","Carphacis zerchei Schülke, 1995"
"ミヤマヒサゴコメツキ　亜種31","Homotechnes motschulskyi monnaiensis (Ôhira, 1968)"
"タラダケツヤツチゾウムシ","Asphalmus taradakensis Morimoto, 2015"
"カブトムシ　屋久島・種子島亜種","Trypoxylus dichotomus shizuae Adachi, 2017"
"オキナワマルバネクワガタ","Neolucanus okinawanus Sakaino, 1984"
"ミヤマヒサゴコメツキ　亜種38","Homotechnes motschulskyi ohkawai (Kishii, 1986)"
"ミヤマヒサゴコメツキ　亜種39","Homotechnes motschulskyi ohmi Kishii, 1996"
"ミヤマヒサゴコメツキ　亜種40","Homotechnes motschulskyi oikensis Kishii, 2002"
"ニッコウホソコガシラハネカクシ","Gabrius gelo Smetana, 1984"
"ムネスジノミゾウムシ","Orchestes (Orchestes) amurensis Faust, 1887"
"ニセジュウジベニボタル　中国地方亜種","Eulopheros harmandi hiroshimensis (Nakane, 1969)"
"ヨコゼキツチゾウムシ","Trachyphilus yokozekii Morimoto, 2015"
"ヒメキンオビハナノミ　基亜種","Variimorda (Variimorda) miyarabi miyarabi Nomura, 1962"
"ミヤマヒサゴコメツキ　亜種25","Homotechnes motschulskyi kawasei (Ôhira, 1995)"
"ミヤマヒサゴコメツキ　亜種26","Homotechnes motschulskyi kengoi Kishii, 2006"
"ガロアノミゾウムシ","Orchestes (Alyctus) galloisi Kono, 1930"
"ミヤマヒサゴコメツキ　亜種23","Homotechnes motschulskyi kaniei (Ôhira, 1996)"
"ミヤマヒサゴコメツキ　亜種24","Homotechnes motschulskyi karasawa Kishii, 1999"
"ミヤマヒサゴコメツキ　亜種21","Homotechnes motschulskyi izumii (Kishii, 1985)"
"チゴクサアリハネカクシ","Pella indiscreta (Sharp, 1888)"
"ミヤマヒサゴコメツキ　亜種22","Homotechnes motschulskyi kai Kishii, 1996"
"アマミコブスジツノゴミムシダマシ","Boletoxenus sasajii Masumoto & Akita, 2001"
"マグソコガネ","Aphodius (Phaeaphodius) rectus Motschulsky, 1866"
"ミヤマヒサゴコメツキ　亜種20","Homotechnes motschulskyi izucola Kishii, 2001"
"ヒサマツチビコメツキ　八重山亜種","Neodrasterius hisamatsui yaeyamensis (Kishii, 1972)"
"ニセヤツボシヒゲナガゾウムシ","Deropygus nipponicus Senoh, 1984"
"ナラトウゲクビボソジョウカイ","Asiopodabrus (Asiopodabrus) naratougeanus (Takahashi & Kiriyama, 2000)"
"エゾクロミズギワゴミムシ","Bembidion (Trichoplataphus) deplanatum A. Morawitz, 1862"
"ミヤマヒサゴコメツキ　亜種29","Homotechnes motschulskyi kuratai (Kishii, 1968)"
"ミヤマヒサゴコメツキ　亜種27","Homotechnes motschulskyi kohshin Kishii, 2006"
"ミヤマヒサゴコメツキ　亜種28","Homotechnes motschulskyi kongoensis (Kishii, 1969)"
"トゲマダラオトシブミ","Hoplapoderus hystrix (Fabricius, 1801)"
"オオヒラタエンマムシ","Hololepta (Hololepta) amurensis Reitter, 1879"
"クビナガゴモクムシ","Oxycentrus (Oxycentrus) argutoroides (Bates, 1873)"
"ナラマメヒゲナガゾウムシ","Misthosima shoi Senoh, 1990"
"ミヤマヒサゴコメツキ　亜種58","Homotechnes motschulskyi yokozekii Kishii, 2001"
"ミヤマヒサゴコメツキ　亜種59","Homotechnes motschulskyi yoshizawai (Ôhira, 1996)"
"ヤクメダカハンミョウ　八重山亜種","Therates alboobliquatus iriomotensis Chûjô, 1970"
"ミヤマヒサゴコメツキ　亜種56","Homotechnes motschulskyi tsurugi (Ôhira, 1963)"
"ミヤマヒサゴコメツキ　亜種57","Homotechnes motschulskyi yashu Kishii, 2006"
"ミヤマヒサゴコメツキ　亜種54","Homotechnes motschulskyi tachikawai (Ôhira, 1968)"
"ミヤマヒサゴコメツキ　亜種55","Homotechnes motschulskyi taichii (Nakane, 1963)"
"ミヤマヒサゴコメツキ　亜種52","Homotechnes motschulskyi shiobarensis Kishii, 2006"
"ミヤマヒサゴコメツキ　亜種53","Homotechnes motschulskyi suzukii Ôhira, 2006"
"オカモトハヤシメダカハネカクシ","Stenus okamotoi Naomi, 1989"
"ヨツボシケナガマルキスイ","Toramus quadriguttatus Sasaji, 1989"
"ツヤコツブゲンゴロウ","Canthydrus nitidulus Sharp, 1882"
"チビコエンマコガネ","Caccobius (Caccophilus) unicornis (Fabricius, 1798)"
"シロテンナガタマムシ","Agrilus sospes Lewis, 1893"
"キイロムクゲオオキノコ","Cryptophilus cryptophagoides Grouvelle, 1916"
"アワミズギワコメツキ","Fleutiauxellus (Migiwa) awaensis Ôhira, 1994"
"アカホソクシコメツキ　沖縄島亜種","Priopus ferrugineipennis kuniyoshii (Ôhira, 1967)"
"チュウジョウホソハナカミキリ","Nanostrangalia chujoi (Mitono, 1938)"
"ベーリークビナガハムシ","Lilioceris (Lilioceris) balyi Chûjô, 1961"
"オオハラブトメダカハネカクシ","Stenus coronatus zipanguensis Puthz, 1968"
"ババマルドロムシ","Georissus (Georissus) babai M. Satô, 1970"
"ハバビロテントウダマシ","Endomychus quadra (Gorham, 1887)"
"ニレザイノキクイムシ","Anisandrus apicalis (Blandford, 1894)"
"ウスモンヒメヒラタホソカタムシ","Synchita lecontei Ivie, Lord, Foley & Ślipiński, 2016"
"アマミアカハネクロベニボタル","Cautires amamiensis Nakane, 1961"
"キタノヒラタゴミムシ","Agonum (Nagonium) kitanoi Habu, 1956"
"ミヤマヒサゴコメツキ　亜種47","Homotechnes motschulskyi saitoui Ôhira, 2005"
"ミヤマヒサゴコメツキ　亜種48","Homotechnes motschulskyi sawadai (Ôhira, 1963)"
"ヒメヒラタゴミムシダマシ","Catapiestus rugipennis M. T. Chûjô, 1984"
"ミヤマヒサゴコメツキ　亜種45","Homotechnes motschulskyi renge Kishii, 2011"
"タイワンナガメダカハネカクシ","Stenus formosanus Benick, 1914"
"キウチメクラチビゴミムシ","Himiseus kiuchii (S. Uéno, 1969)"
"ミヤマヒサゴコメツキ　亜種46","Homotechnes motschulskyi ryoheii Ôhira, 2009"
"ミヤマヒサゴコメツキ　亜種43","Homotechnes motschulskyi ontakecola (Kishii, 1968)"
"チョウセンシロカミキリ","Olenecamptus subobliteratus Pic, 1923"
"ミヤマヒサゴコメツキ　亜種44","Homotechnes motschulskyi ozaku Kishii, 2006"
"オオダンダラチビタマムシ","Trachys dilaticeps Gebhardt, 1929"
"ツヤホソチビゴミムシ","Perileptus (Perileptus) naraensis S. Uéno, 1955"
"ミヤマヒサゴコメツキ　亜種41","Homotechnes motschulskyi okudai Kishii, 1998"
"ミヤマヒサゴコメツキ　亜種42","Homotechnes motschulskyi ondai (Kishii, 1990)"
"エノキノミゾウムシ","Orchestes (Orchestes) horii (Kono, 1937)"
"トカラキムネクロハナボタル","Plateros sekii Matsuda, 2024"
"アマミタチゲメダカハネカクシ","Stenus amamiensis Naomi, 1988"
"ツヤヒメマルタマムシ","Kurosawaia yanoi (Y. Kurosawa, 1963)"
"ミヤマヒサゴコメツキ　亜種49","Homotechnes motschulskyi shimotsuke (Kishii, 1986)"
"シャシャンボナガタマムシ","Agrilus shashamboe Y. Kurosawa, 1963"
"カワアトキリゴミムシ","Cymindis (Baicalotarus) rivularis Motschulsky, 1844"
"ミズサワキクイムシ","Immanus permarginatus (Schedl, 1933)"
"エゾハイイロハナカミキリ　本州亜種","Rhagium (Rhagium) heyrovskyi hayakawai Takakuwa, 1984"
"アマミニセツヤケシコメツキ　基亜種","Sawadapenthes amami amami Kishii, 1959"
"クロモンキスイ","Cryptophagus decoratus Reitter, 1874"
"ミヤマヒサゴコメツキ　亜種50","Homotechnes motschulskyi shimoyamai (Ôhira, 1984)"
"ミヤマヒサゴコメツキ　亜種51","Homotechnes motschulskyi shinano Kishii, 2011"
"クロナガタマムシ","Agrilus cyaneoniger E. Saunders, 1873"
"ムコウジマヒメカタゾウムシ","Ogasawarazo (Ogasawarazo) makiharai Morimoto, 2015"
"ケイジョウクロコガネ","Testaceitrichia sichotana (Brenske, 1896)"
"フタモンチビヒゲナガゾウムシ","Unciferina oculimaculata Park, 2012"
"ヤナギホシハムシ　基亜種","Gonioctena (Gonioctena) honshuensis honshuensis Nakane, 1963"
"ホソナカボソタマムシ","Coraebus sakagutii sakagutii Y. Kurosawa, 1962"
"オクタマツヤゴモクムシ","Trichotichnus (Trichotichnus) yoshiroi Morita, 1997"
"ヘリアカナガハナゾウムシ","Bradybatus (Bradybatus) limbatus Roelofs, 1875"
"ヒラタアオコガネ","Anomala octiescostata Burmeister, 1844"
"サナイケシガムシ","Peltocercyon sanaii (Hoshina, 2008)"
"ホソナガコキクイムシ","Eidophelus insularum (Krivolutskaya, 1968)"
"タキモトクビボソジョウカイ","Hatchiana takimotoana (Kiriyama, 2000)"
"ヒガシズビロキマワリモドキ","Gnesis fujitai Akita & Masumoto, 2013"
"カキノフタトゲナガシンクイ","Sinoxylon japonicum Lesne, 1895"
"アズミノクシヒゲベニボタル","Macrolycus (Cerceros) confusus Nakane, 1994"
"コクロナガオサムシ　石狩亜種","Carabus (Leptocarabus) arboreus ishikarinus (Ishikawa, 1992)"
"ヤケイシミズギワゴミムシ","Bembidion (Ocydromus) uenoianum (Morita, 1995)"
"ヒラノトホシハムシ","Gonioctena (Gonioctena) hiranoi Takizawa, 1989"
"ムネミゾサルゾウムシ","Cardipennis sulcithorax (Hustache, 1916)"
"クビナガキベリアオゴミムシ","Chlaenius (Chlaeniellus) prostenus Bates, 1873"
"エサキキンヘリタマムシ","Lamprodila (Lamprodila) decipiens kamikochiana (Obenberger, 1940)"
"ナスクロナガゴミムシ","Pterostichus (Eosteropus) nasuensis Morita, 2007"
"ホソガタヒメカミキリ 基亜種","Ceresium elongatum elongatum Matsushita, 1933"
"ニセコチビゴミムシ　亜種","Epaphiopsis (Epaphiama) brevis rectilobata S. Uéno, 1978"
"ホンツヤヒメハネカクシ","Liogluta libraria Sawada, 1989"
"チャバネトガリハネカクシ","Medon spadiceus Sharp, 1889"
"アラムネクチカクシゾウムシ","Monaulax rugicollis Roelofs, 1875"
"コウイチクビボソジョウカイ","Asiopodabrus (Asiopodabrus) kouichii (Takahashi & Kiriyama, 2000)"
"ウンゼンアバタコバネハネカクシ　熊本亜種","Nazeris suensoni higonius Ito, 1992"
"ナガサキキムネマルハナノミ","Sacodes flavicollis notatus Pic, 1918"
"イマダテメクラチビゴミムシ　亜種","Trechiama (Trechiama) imadatei iwatai (S. Uéno, 1954)"
"スジアシチャイロコガネ","Sericania serripes Nomura, 1973"
"キュウシュウグミトビハムシ","Zipanginia bungoensis Takizawa, 2015"
"イリオモテケシデオキノコムシ","Scaphisoma iriomotense Löbl, 1977"
"アマミヒョウタンキマワリ","Eucrossoscelis broscosomoides Nakane, 1963"
"シマツチケシハネカクシ","Dictyon insulicola Kishimoto, 1999"
"セスジチャイロコガネ","Sericania sutralis Nomura, 1976"
"ツルギツヤムネハネカクシ","Quedius (Microsaurus) tsurugiensis Y. Watanabe & Yoshida, 1970"
"ツヤケシコケホソハネカクシ","Silusa (Stenusa) rugosa Sharp, 1888"
"ミヤコクロコガネ","Nigrotrichia miyakoana Matsumoto, 2022"
"シワドウガネサルハムシ","Heteraspis sauteri (Chûjô, 1938)"
"イシガキゴマフカミキリ　基亜種","Mesosa (Mesosa) yonaguni yonaguni Hayashi, 1962"
"ハイイロカミキリモドキ　基亜種","Eobia (Eobia) cinereipennis cinereipennis (Motschulsky, 1866)"
"クロナガハムシ","Orsodacne arakii Chûjô, 1942"
"クビアカトゲバコメツキダマシ","Spinifornax oshimanus Nakane, 1987"
"オキナワツヤゴモクムシ","Trichotichnus (Bottchrus) uedai Morita, 2016"
"ニセビロウドカミキリ　吐噶喇亜種","Acalolepta sejuncta hamai (Hayashi, 1962)"
"アマミヒメアカコメツキ","Ampedus (Ampedus) mukunokii Kishii, 2004"
"シロウズアシナガハムシ","Monolepta shirozui Kimoto, 1965"
"クロモンマメゾウムシ","Sennius lebasi Fåhraeus, 1839"
"アシグロチビオオキノコ","Pseudotritoma atripes (Araki, 1943)"
"クロサワヒメジョウカイモドキ　男女群島亜種","Attalus (Attalus) kurosawai ejimai Nakane, 1989"
"ツマキカワベハネカクシ","Bledius (Hesperophilus) cribratus Sharp, 1889"
"キバネハバムネヒメハネカクシ","Pelioptera (Pelioptera) testaceipennis (Motschulsky, 1858)"
"キュウシュウスジツヤチビハネカクシ","Edaphus perparvus Puthz, 2014"
"シバタツヤゴモクムシ","Trichotichnus (Iridessus) shibatai Habu, 1973"
"アマミシロオビチビカミキリ","Sybra (Sybrodiboma) trimeresura Takakuwa, 1984"
"4): 187-190.","Kawanabe, M., 1994b. A new species of the genus Orthocis Casey from Japan (Coleoptera: Ciidae). Transactions of the Shikoku Entomological Society, 20(3"
"チャイロケブカテントウダマシ","Ectomychus nigriclavis (Gorham, 1873)"
"クロボシヒラタシデムシ","Oiceoptoma nigropunctatum (Lewis, 1888)"
"ババハバムネヒメハネカクシ","Earota babai (Sawada, 1989)"
"ヒロオビヒメコキノコムシ","Litargus (Litargosomus) vestitus Sharp, 1879"
"サトウクシコメツキ　先島諸島亜種","Melanotus (Melanotus) satoi sakishimensis Ôhira, 1982"
"ホソクロハナノミ","Mordella niveoscutellata Nakane & Nomura, 1950"
"アサカミキリ","Thyestilla gebleri (Faldermann, 1835)"
"ミヤマカタホソヨツメハネカクシ","Philydrodes (Philydrodes) horioi Nakane & Sawada, 1956"
"ナガケシデオキノコムシ","Scaphoxium japonicum Löbl, 1981"
"ナガサキヒメナガゴミムシ","Pterostichus (Badistrinus) procephalus Bates, 1873"
"オオヨツミゾナガハネカクシ","Phacophallus pallidipennis (Motschulsky, 1858)"
"ベニカメノコハムシ","Cassida murraea Linnaeus, 1767"
"クロソンメクラチビゴミムシ","Yamautidius (Yamautidius) croson S. Uéno & Naitô, 2006"
"オキナワミジンダルマガムシ　沖縄島亜種","Limnebius nakanei okinawensis Jäch & Matsui, 1994"
"ヒメヌレチゴミムシ","Apatrobus echigonus (Habu & Baba, 1962)"
"セグロツブゾウムシ","Sphinxis ihai (Chûjô & Voss, 1960)"
"ヒルガオトビハムシ","Longitarsus (Longitarsus) adamsii (Baly, 1874)"
"アワチャイロコガネ","Sericania awana Nomura, 1976"
"チビカドマルコガシラハネカクシ","Philonthus (Cephalonthus) productus Kraatz, 1859"
"クロオオハナノミ","Metoecus satanas Schilder, 1924"
"フタキボシゾウムシ","Lepyrus japonicus Roelofs, 1873"
"ヒゲナガハナノミ","Paralichas pectinatus (Kiesenwetter, 1874)"
"ミツモンセマルヒラタムシ","Psammoecus trimaculatus (Motschulsky, 1858)"
"エナクロナガゴミムシ","Pterostichus (Eosteropus) yoshizawai Morita, 2010"
"フトヒゲカミキリモドキ","Hyperopselaphus ikedai Mizota, 1999"
"ハバビロカレキゾウムシ","Trachodes (Atrachodes) ovipennis Morimoto & Miyakawa, 1995"
"ミヤマチビコブカミキリ　基亜種","Miccolamia (Isomiccolamia) glabricula glabricula Bates, 1884"
"キアシヌレチゴミムシ","Archipatrobus flavipes flavipes (Motschulsky, 1864)"
"ナルカワツヤゴモクムシ","Trichotichnus (Trichotichnus) narukawai Morita, 1997"
"クローソンホソヒラタハネカクシ","Siagonium crowsoni Naomi & Nakane, 1995"
"ツシマツマグロコメツキ","Ampedus (Ampedus) kuriharai Ôhira, 2005"
"ヤマジメクラチビゴミムシ","Trechiama (Trechiama) yamajii S. Uéno, 2000"
"ザウテルマメゾウムシ","Sulcobruchus sauteri (Pic, 1927)"
"アカツヤバネクチキムシ","Doranalia rufipennis (Marseul, 1876)"
"ハンノキコブキクイゾウムシ","Xenomimetes alni Konishi, 1955"
"ラッコメクラチビゴミムシ","Trechiama (Trechiama) teradai S. Uéno, 1971"
"ヤクシマコブハムシ","Chlamisus yakushimanus Ohno, 1961"
"キタオチバアリヅカムシ","Philoscotus septentrionalis Nomura, 1988"
"ニセツヅミキクイムシ","Microperus calamoides (Murayama, 1934)"
"マルモンホソアリモドキ","Sapintus (Sapintus) nomurai Nardi, 2004"
"イシガキヒメビロウドカミキリ","Acalolepta nishimurai Makihara, 1992"
"ヒメベニボタル","Lyponia (Lyponia) delicatula (Kiesenwetter, 1874)"
"サイカイヒサゴアリヅカムシ","Arthromelodes saikaiensis Nomura, 1991"
"カタモンヒメハナノミ","Pseudomordellistena arakii (Nomura, 1951)"
"メノコアカコメツキ","Ampedus (Ampedus) menoko Kishii, 1994"
"アオカミキリ　基亜種","Schwarzerium quadricollis quadricollis (Bates, 1884)"
"フイリヒメハナカミキリ","Pseudopidonia signata (Matsushita, 1933)"
"ヤエヤマトラカミキリ　尖閣諸島亜種","Chlorophorus yayeyamensis yakitai Niisato, 2005"
"オオスミヒメハナノミ","Pseudotolida ohsumiana (Nakane, 1957)"
"メダカケブカキクイゾウムシ","Pholidoforus squamosus Wollaston, 1873"
"ヒゲナガアラハダトビハムシ","Trachytetra sordida (Baly, 1874)"
"クロコバンゾウムシ","Miarus atricolor Morimoto, 1983"
"タケベメクラチビゴミムシ","Trechiama (Trechiama) ion Ashida & Souma, 2008"
"イシガキカタキバゴミムシ","Badister (Baudia) ishigakiensis Habu, 1975"
"タテモンマメゾウムシ","Callosobruchus phaseoli (Gyllenhal, 1833)"
"シロマダラネブトヒゲナガゾウムシ","Habrissus pardalis (Sharp, 1891)"
"ヤマモトメクラチビゴミムシ","Ishikawatrechus ishikawai (S. Uéno, 1951)"
"ワダイクビキノコハネカクシ","Bryoporus transbaicalicus Scheerpeltz, 1959"
"ネッタイサビコメツキ","Lacon modestus (Boisduval, 1835)"
"セマルトビハムシ","Minota (Minota) nigropicea (Baly, 1874)"
"アマミクシヒゲツヤムネハネカクシ","Quedius (Velleius) amamiensis Y. Watanabe, 1990"
"ヒダカノミゾウムシ","Orchestes (Orchestes) hidakai (Morimoto, 1984)"
"クワササラゾウムシ","Demimaea mori Kono, 1939"
"アカモンチビオオキノコ","Pseudotritoma consobrina (Lewis, 1874)"
"カサブチビコブツノゴミムシダマシ","Byrsax kaszabi Miyatake, 1970"
"マルムネヒメゴミムシ","Pterostichus (Rhagadus) thorectes Bates, 1873"
"アマミハナボタル","Plateros shirakii Nakane, 1961"
"スジバネアリヅカムシ","Odontalgus masaoi Arai & Nomura, 2003"
"リュウキュウヒメクモゾウムシ","Podeschrus ryukyuensis Fujisawa & Kojima, 2016"
"ヨツノチビゴミムシダマシ","Pentaphyllus quadricornis Gebien, 1914"
"カザリムネトゲアリヅカムシ","Tribasodites picticornis Nomura, 1986"
"ゴトウトゲヒサゴゴミムシダマシ","Misolampidius gotoensis M. T. Chûjô & Imasaka, 1982"
"オキナワスジゲンゴロウ","Hydaticus (Prodaticus) vittatus (Fabricius, 1775)"
"タイワンケシデオキノコムシ","Scaphisoma taiwanum Löbl, 1980"
"ニセヒメコメツキダマシ","Hylis olexai (Palm, 1955)"
"キンシャメクラチビゴミムシ","Ishikawatrechus robustior S. Uéno, 1997"
"タイワンチビカミキリ　先島諸島亜種","Sybra (Sybra) pascoei ishigakii Breuning & K. Ohbayashi, 1964"
"オオギンスジゾウムシ","Tychius (Tychius) iwatensis Kono, 1930"
"ミカワオサムシ　基亜種","Carabus (Ohomopterus) arrowianus arrowianus (Breuning, 1934)"
"トヨシマナガタマムシ","Agrilus toyoshimai Tôyama, 1988"
"アカアシナガトビハムシ","Longitarsus (Longitarsus) cervinus Baly, 1875"
"トカラケシカミキリ","Sciades (Miaenia) nakanei (Hayashi, 1956)"
"アメイロチビフトハネカクシ","Octavius flavescens Kistner, 1961"
"マルマグソコガネ　五島列島亜種","Mozartius jugosus horii Ochi, Kawahara & Inagaki, 2006"
"コマツノシラホシゾウムシ","Shirahoshizo pini Morimoto, 1962"
"エサキアカホシテントウ","Chilocorus esakii H. Kamiya, 1959"
"アラスカカレキゾウムシ","Sthereus ptinoides (Germar, 1824)"
"チュウジョウトラカミキリ　基亜種","Xylotrechus (Xylotrechus) chujoi chujoi Hayashi, 1960"
"アマギツチゾウムシ","Trachyphilus amagianus Morimoto, 2015"
"ツヤカタビロメダカハネカクシ","Stenus oblitus Sharp, 1874"
"ツヤヒラタガムシ","Agraphydrus narusei (M. Satô, 1960)"
"ヒョウモンケシキスイ","Glischrochilus (Librodor) pantherinus (Reitter, 1879)"
"ハコベタコゾウムシ","Hypera (Boreohypera) basalis (Voss, 1937)"
"ズナガホソクビハネカクシ","Zeteotomus maximus (Bernhauer, 1907)"
"テウリサシゲマルトゲムシ","Curimopsis (Curimopsis) teuriensis Pütz, 2004"
"クロゲクロコメツキ","Ampedus (Ampedus) tsutsumiuchii Arimoto, 2013"
"ナスクビボソハムシ","Lema (Petauristes) trivittata Say, 1824"
"エゾカワベナガエハネカクシ","Ochthephilum hokkaidense T. Ito, 2008"
"ムネアカクシヒゲムシ","Simianus niponicus (Lewis, 1895)"
"ヤマトヒラタタマキノコムシ","Stetholiodes nipponica Angelini & De Marzo, 1987"
"サントウメクラチビゴミムシ","Trechiama (Trechiama) siva Ashida, 2004"
"ナルサワマルタマキノコムシ","Agathidium (Macroceble) narusawae Hoshina, 1998"
"ニッコウチビミズギワコメツキ","Zorochros (Zorochros) nikkoensis (Kishii, 1976)"
"ヒメチャイロニセクビボソムシ","Aderus rufulus (Marseul, 1876)"
"ヒゲブトヒメマキムシ","Enicmus brevicornis (Mannerheim, 1844)"
"スジアカベニボタル","Conderis orientis Gorham, 1883"
"オセアニアモンアリモドキ","Sapintus (Sapintus) oceanicus (LaFerté-Sénectère, 1849)"
"エリモクロヒメジョウカイ","Rhagonycha (Rhagonycha) erimoensis Kazantsev & Takahashi, 2001"
"ナンキナガゴミムシ　基亜種","Pterostichus (Nialoe) shotaroi shotaroi Morita, 1987"
"ガッサンナガチビゴミムシ","Trechiama (Trechiama) montislunae S. Uéno, 2001"
"チョウカイシモフリコメツキ","Actenicerus (Acnitecerus) chokai (Kishii, 1966)"
"ササコクゾウムシ","Diocalandra sasa Morimoto, 1978"
"シロモンシギゾウムシ","Curculio (Curculio) alboscutellatus (Roelofs, 1875)"
"カスガノミヤアナアキエンマムシ","Epierus lucas Lewis, 1884"
"モリヒサゴゴミムシダマシ","Misolampidius morii Akita & Masumoto, 2016"
"サドモリヒラタゴミムシ","Metacolpodes limodromoides (Bates, 1883)"
"イエカミキリ","Stromatium longicorne (Newman, 1842)"
"クルマバメクラチビゴミムシ","Yamautidius (Yamautidius) hirakei S. Uéno, 1982"
"イエリネクケシデオキノコムシ","Scaphisoma jelineki Löbl, 1965"
"チャイロコキノコムシ","Typhaea stercorea (Linnaeus, 1758)"
"ギシギシクチブトサルゾウムシ","Rhinoncus jakovlevi Faust, 1893"
"ババチビマメコメツキ","Quasimus (Quasimus) babai Kishii, 1970"
"オキナワムツボシタマムシ　八重山亜種","Chrysobothris (Chrysobothris) saliaris yaeyamana Y. Kurosawa, 1975"
"ジョウヤマハネナシナガクチキ","Nipponomarolia kidoi Nakane, 1989"
"ネジロツブゾウムシ","Sphinxis pubescens Roelofs, 1875"
"キクチクロコメツキ","Ampedus (Ampedus) kikuchii W. Suzuki, 1985"
"サキシマクチボソコメツキ","Glyphonyx (Glyphonyx) pallidipes Miwa, 1934"
"キオビヒメゾウムシ","Athesapeuta flavofasciata Yoshihara, 2016"
"ツシマデオキノコムシ","Scaphidium amurense Solsky, 1871"
"ニセキボシツツハムシ","Cryptocephalus (Cryptocephalus) tsutsumiuchii Shigetoh, 2025"
"リュウキュウトビイロカミキリ　基亜種","Nysina insularis insularis (Mitono, 1947)"
"ヒラタクワガタ　八丈島亜種","Dorcus titanus hachijoensis (Fujita & Okuda, 1989)"
"ハダカヒゲボソゾウムシ","Phyllobius (Phyllobius) subnudus Kono, 1928"
"ナンザンミナミボタル","Drilaster tenebrosus Kawashima, Satou & M. Satô, 2005"
"オオサカオチバメダカハネカクシ","Stenus amma Naomi & Nomura, 1990"
"アカガネオサムシ　本州亜種","Carabus (Carabus) granulatus telluris Bates, 1882"
"ツヤナシコメツキダマシ","Feaia nipparensis (Hisamatsu, 1957)"
"ヒラマツアシブトゾウムシ","Ochyromera hiramatsui Kojima & Morimoto, 1996"
"クニビキアカダルマガムシ","Hydraena (Hydraena) hayashii Jäch & Díaz, 2012"
"タマゴヒメハネカクシ","Atheta (Microdota) oviformis (Sawada, 1970)"
"オオヤマトオカツヤガムシ","Armostus ohyamatensis Hoshina & M. Satô, 2006"
"メダカサルゾウムシ","Pelenomus quadrituberculatus (Fabricius, 1787)"
"クロソンホソハナカミキリ","Pygostrangalia kurosonensis (Ohbayashi, 1936)"
"ザウターカレキハネカクシ","Chledophila sauteri (Bernhauer, 1907)"
"コスジナガキマワリ","Strongylium (Strongylium) uedai Nomura, 1964"
"コゲチャアバタナガハネカクシ","Gyrohypnus keijiroi (Y. Watanabe & Shibata, 1965)"
"クロチビマルハナノミ","Contacyphon mizoro (Nakane, 1963)"
"ツガタケミゾキノコシバンムシ","Mizodorcatoma pinicola (N. Hayashi, 1951)"
"ツルギヒメマルトゲムシ","Horiella yoshidai Kitano & Sakai, 2009"
"ドロハマキチョッキリ","Byctiscus congener (Jekel, 1860)"
"ヒゴケナガクビボソムシ","Neostereopalpus kyushuensis Nakane, 1975"
"タカチホヒメコケムシ","Euconnus (Euconnus) takachihoi Hoshina, 2015"
"アマミチビクチキムシ","Allecula (Allecula) shibatai Nomura, 1964"
"キュウシュウニセコルリクワガタ","Platycerus urushiyamai Imura, 2007"
"ヒメデバヒラタムシ","Prostomis mordax Reitter, 1887"
"オオヨツバコガネ","Parastasia oberthueri ishigakiana Nomura, 1964"
"ハモンドハバビロヨツメハネカクシ","Anthobium (Anthobium) hammondi (Y. Watanabe, 1989)"
"コヒゲナガコメツキ　琉球亜種","Mulsanteus linteatus aureopilosus (Miwa, 1934)"
"キイロナガスネトビハムシ","Psylliodes (Semicnema) reitteri parallela Weise, 1890"
"ナラツブエンマムシ","Anapleus nakanei M. Ôhara, 1994"
"ニセクリヤケシキスイ","Carpophilus (Carpophilus) delkeskampi Hisamatsu, 1963"
"オガサワラトラカミキリ　父島亜種","Chlorophorus boninensis karubei Fujita, 2023"
"キイロコガシラミズムシ","Haliplus (Liaphlus) eximius Clark, 1863"
"ルリクワガタ　基亜種","Platycerus delicatulus delicatulus Lewis, 1883"
"エゾナガタマムシ","Agrilus hokkaidoensis Tôyama, 1985"
"ナガイムナクボシバンムシ","Hadrobregmus nagaii Sakai, 1978"
"ヒサゴトビハムシ","Chaetocnema (Chaetocnema) ingenua (Baly, 1876)"
"ナタアシヒラタケシキスイ","Epuraea (Epuraea) camura S.-T. Hisamatsu, 2016"
"キタドウイロチビタマムシ","Trachys pecirkai Obenberger, 1925"
"シナガワハギコガタゾウムシ","Tychius (Tychius) breviusculus Desbrochers des Loges, 1873"
"ニセマルマメコメツキ","Quasimus (Quasimus) ovalioides Kishii, 1970"
"ヒメクシヒゲタマキノコムシ","Anisotoma besucheti Angelini & De Marzo, 1990"
"ヤマトクサビラタマキノコムシ","Pseudcolenis (Pseudcolenis) grandis (Portevin, 1905)"
"リョウブモモブトヒメコバネカミキリ　基亜種","Epania shikokensis shikokensis K. Ohbayashi, 1936"
"オガサワラツヤケシコメツキ","Megapenthes makiharai Ôhira, 2005"
"セチバルツチゾウムシ","Trachyphilus sechibaruanus Morimoto, 2015"
"センチコガネ","Phelotrupes (Eogeotrupes) laevistriatus (Motschulsky, 1866)"
"オオフタモンウバタマコメツキ　基亜種","Cryptalaus larvatus larvatus (Candèze, 1874)"
"トドキボシゾウムシ","Pissodes pini pini (Linnaeus, 1758)"
"ケブカキクイムシ","Coccotrypes nubilus (Blandford, 1894)"
"ベーリーナガスネトビハムシ","Psylliodes (Psylliodes) balyi Jacoby, 1884"
"アカアシヒゲナガヒラタミツギリゾウムシ","Cerobates (Ionthocerus) laticostatis (Kleine, 1919)"
"ミナミヒメヒョウタンゴミムシ","Clivina lobata ryukyuensis Habu, 1975"
"ウスチャメカクシゾウムシ","Mechistocerus ochraceus Morimoto, 1987"
"ヤエヤマデバヒラタムシ","Prostomis yaeyamaensis Ito & Yoshitomi, 2017"
"タカネラクヨウタマキノコムシ","Colenis pecki (Daffner, 1988)"
"ナガカツオゾウムシ","Lixus (Dilixellus) depressipennis Roelofs, 1873"
"トホシカミキリ","Saperda alberti Plavilstshikov, 1915"
"オオツヤツツキノコムシ","Octotemnus glabriculus (Gyllenhal, 1827)"
"ニワハンミョウ　基亜種","Cicindela (Cicindela) japana japana Motschulsky, 1858"
"ミヤマハナゾウムシ","Anthonomus (Anthonomus) alni Kojima & Morimoto, 1994"
"カシノナガキクイムシ","Platypus quercivorus (Murayama, 1925)"
"ササゴケシデオキノコムシ","Scaphisoma sasagoense Löbl, 1965"
"ミカドテントウ","Phaenochilus mikado (Lewis, 1896)"
"フジハヤシメダカハネカクシ","Stenus fujimontis Puthz, 2001"
"ヒラノオノヒゲアリヅカムシ","Bryaxis hinanoi Taru & Nomura, 2021"
"オオモンハスジヒゲナガゾウムシ","Sintor bipunctatus Shibata, 1969"
"オガサワラセスジダルマガムシ","Ochthebius (Ochthebius) ogasawara Yoshitomi, 2019"
"キスジヘリハネムシ","Ischalia (Ischalia) luteolineata Pic, 1912"
"ヨツボシキバケシキスイ","Prometopia rotundata Reitter, 1881"
"ネジロチビシギゾウムシ","Balanobius (Balanobius) amabilis (Morimoto, 1962)"
"ツヤケシフトヒラタコメツキ","Liotrichus (Acteniceromorphus) subopacus Kishii, 1982"
"ヒラタクワガタ　沖縄島亜種","Dorcus titanus okinawanus (Kriesche, 1922)"
"ササジムネトゲアリヅカムシ","Petaloscapus sasajii Nomura, 2001"
"クロサヒラタアトキリゴミムシ","Parena (Bothynoptera) kurosai Habu, 1967"
"チチブニセリンゴカミキリ　基亜種","Niponostenostola niponensis niponensis (Pic, 1901)"
"ベーツホソアトキリゴミムシ","Dromius (Klepterus) batesi Habu, 1958"
"ヤドリチビシギゾウムシ","Balanobius (Balanobius) salicivorus (Paykull, 1792)"
"カノコサビカミキリ　基亜種","Apomecyna (Apomecyna) naevia naevia Bates, 1873"
"ミヤタケダルマガムシ","Hydraena (Hydraenopsis) miyatakei M. Satô, 1959"
"ニセコブスジツノゴミムシダマシ","Boletoxenus incurvatus (Lewis, 1894)"
"オキナワクビボソジョウカイ　基亜種","Asiopodabrus (Asiopodabrus) ihai ihai (Wittmer, 1960)"
"キムネホソチビマルハナノミ","Nyholmia hasegawai (Nakane, 1963)"
"アマミチビジョウカイ","Malthinellus chujoi (Wittmer, 1961)"
"シコクスジグロボタル","Pristolycus shikokensis Ohbayashi & M. Satô, 1963"
"ウスチャケシマキムシ","Cortinicara gibbosa (Herbst, 1793)"
"マツシタトラカミキリ","Anaglyptus (Anaglyptus) matsushitai Hayashi, 1955"
"ヤエヤマヒメクロコガネ　与那国島亜種","Sophrops konishii yonaguniensis Nomura, 1970"
"ケブカメツブテントウ","Jauravia limbata Motschulsky, 1858"
"ルリハナカミキリ","Anoplodera (Anoploderomorpha) cyanea (Gebler, 1832)"
"ジンサンシバンムシ","Stegobium paniceum (Linnaeus, 1758)"
"キアシチビアオゾウムシ","Polydrusus (Eustolus) japonicus (Hustache, 1920)"
"イブシアシナガドロムシ","Stenelmis nipponica Nomura, 1958"
"ノトメクラチビゴミムシ","Trechiama (Trechiama) notoi S. Uéno, 1981"
"フトヒゲホソアトキリゴミムシ","Dromius (Dromius) crassipalpis Bates, 1883"
"マルガタツヤヒラタゴミムシ","Synuchus (Synuchus) arcuaticollis (Motschulsky, 1860)"
"ヨツモンコミズギワゴミムシ","Tachyura (Tachyura) laetifica (Bates, 1873)"
"ネアカオオキバハネカクシ","Oxyporus basiventris Jarrige, 1948"
"ミナミノポリアヒメツツキノコムシ","Aliocis ryukyuensis (Kawanabe, 1996)"
"ブリットンツヤヒラタゴミムシ","Synuchus (Synuchus) orbicollis (A. Morawitz, 1862)"
"ヒゲブトシギゾウムシ","Curculio (Curculio) breviscapus (Heller, 1927)"
"ケナガヒョウタンゾウムシ","Enaptorhinus dispar Voss, 1939"
"カノコサビカミキリ　先島諸島亜種","Apomecyna (Apomecyna) naevia semihistrio Kusama & Takakuwa, 1984"
"コゲチャホソコガシラハネカクシ","Gabrius unzenensis (Bernhauer, 1939)"
"ヒメマルケシゲンゴロウ","Hydrovatus subrotundatus Motschulsky, 1860"
"オオハナコメツキ","Platynychus (Platynychus) nothus (Candèze, 1865)"
"クロノコヒゲシバンムシ","Pseudomesothes pulverulentus pulverulentus (Reitter, 1877)"
"ヒメフタホシメダカハネカクシ","Stenus biguttatus (Linnaeus, 1758)"
"シモフリナガヒゲカミキリ","Xenolea asiatica (Pic, 1925)"
"アイヌホソコバネカミキリ","Necydalis (Necydalis) major aino Kusama, 1974"
"ツムグリヒラタケシキスイ","Epuraea (Epuraeanella) nikitskyi Kirejtshuk, 1992"
"2): 15-21.","Morimoto, K., 1958a. On the tribe Lobotrachelini from Japan (Col., Curculionidae, Zygopinae). Insecta matsumurana, 22(1"
"アカガネチビタマムシ","Trachys tsushimae Obenberger, 1922"
"ショウグンスジツヤチビハネカクシ","Edaphus shogun Puthz, 2014"
"オキノエラブビロウドコガネ","Maladera (?) okinoerabuana H. Kobayashi, 1978"
"ハラグロヒメハムシ","Taphinellina cyanea (Jacoby, 1885)"
"サラガミネツヤメクラチビゴミムシ","Ishikawatrechus annulus Sugaya & Hara, 2020"
"アイノキクイムシ","Euwallacea interjectus (Blandford, 1894)"
"コミヤクビボソトビハムシ","Pseudoliprus komiyai Ohno, 1966"
"チョウモンキョウツヤツチゾウムシ","Asphalmus chomonkyoensis Morimoto, 2015"
"クチナガハネカクシ","Pronomaea taiwanensis Pace, 2007"
"イヨヒメクチキムシ","Mycetochara (Ernocharis) sakaii Akita & Masumoto, 2014"
"ハマゴウハムシ","Phola octodecimguttata (Fabricius, 1775)"
"ハチジョウチビジョウカイ　基亜種","Malthodes (Hiranous) hiranoi hiranoi Nakane, 1977"
"ウメチョッキリ","Involvulus (Involvulus) cupreus (Linnaeus, 1758)"
"アカスジツヤシデムシ","Pteroloma rufovittatum (Nakane, 1955)"
"ムナビロナガゴミムシ","Pterostichus (Sphodroferonia) abaciformis Straneo, 1955"
"アトホシヒラタマメゲンゴロウ","Platynectes (Gueorguievtes) chujoi M. Satô, 1982"
"エゾクシヒゲタマキノコムシ","Anisotoma orbicularis (Herbst, 1792)"
"マツナガチビオオキノコ","Tritoma (Tritoma) sasajii Narukawa, 2001"
"コブスジツノゴミムシダマシ","Boletoxenus bellicosus (Lewis, 1894)"
"ウスチャジョウカイ　西日本亜種","Lycocerus insulsus lewisi (Pic, 1906)"
"ナガホソクチゾウムシ","Melanapion (Melanapion) naga (Nakane, 1963)"
"イセヒメコバネナガハネカクシ","Lathrobium (Lathrobium) isense Y. Watanabe, 2006"
"ムネアカトガリハネカクシ","Luzea rubecula (Sharp, 1889)"
"キイロチビゴモクムシ","Acupalpus (Palcuapus) inornatus Bates, 1873"
"サドコメツキモドキ","Languriomorpha yamamotoi (Miwa & Chûjô, 1937)"
"ヒサマツフタツノツツキノコムシ","Neoennearthron hisamatsui Miyatake, 1959"
"タラダケヒゲナガアリヅカムシ","Pselaphogenius shintaro Nomura, 1999"
"ハマナスナガタマムシ","Agrilus cuprescens (Ménétriés, 1832)"
"ケナガクチブトキクイゾウムシ","Stenoscelis longisetosus Konishi, 1956"
"タカネヒメハナカミキリ","Pseudopidonia tsukamotoi (Mizuno, 1978)"
"ホウオウミズギワゴミムシ","Bembidion (?) saitoi Morita, 2009"
"カタキンイロジョウカイ","Themus (Haplothemus) ohkawai M. Satô, 1976"
"ハラモンムネクボハネカクシ","Bolitochara varipes Sharp, 1888"
"モモグロジュウジアトキリゴミムシ","Lebia (Poecilothais) sandaligera Bates, 1873"
"アカバネツツガタナガハネカクシ","Hypnogyra tubula (Sharp, 1889)"
"イシダコガネホソコメツキ","Sericus (Sericus) ishidai (Kishii, 1955)"
"キアシウシオハネカクシ","Heterota sunjaei Park & Ahn, 2008"
"アオヒメハナムグリ　基亜種","Gametis forticula forticula (Janson, 1881)"
"ツヤケシシリグロハネカクシ","Astenus (Astenognathus) porosus (Sharp, 1889)"
"フタオビミドリトラカミキリ　徳之島亜種","Humeromaculatus (Humeromaculatus) muscosus ohtsuboi Fujita, 2023"
"ゲイコアカコメツキ","Ampedus (Ampedus) geiko Kishii, 1996"
"サビモンマルチビゲンゴロウ","Leiodytes nicobaricus (Redtenbacher, 1868)"
"ホソチビヒラタエンマムシ","Paromalus (Paromalus) parallelepipedus (Herbst, 1791)"
"オオサビコメツキ　基亜種","Lacon maeklinii maeklinii (Candèze, 1865)"
"フタモンツヤゴミムシダマシ","Scaphidema ornatella Lewis, 1894"
"タカネクロナガクチキ","Phryganophilus (Phryganophilus) pseudoauritus Nikitsky, 1988"
"ブゼンボウツチゾウムシ","Trachyphilus buzenboanus Morimoto, 2015"
"オオチシマホソシデムシ","Lyrosoma opacum Mannerheim, 1853"
"シベリアマルガタゴミムシ","Amara (Bradytus) majuscula (Chaudior, 1850)"
"オオエゾナガゴミムシ","Pterostichus (Euferonia) tschitscherinianus (Jakobson, 1907)"
"クロチャイロコガネ","Sericania angulata (Lewis, 1895)"
"エゾモリアリヅカムシ","Tychus yezoensis Nomura, 1996"
"オキナワウスバハムシ","Menippus doeberli Suenaga, Lee & Bezdĕk, 2017"
"ハイイロゲンゴロウ","Eretes griseus (Fabricius, 1781)"
"ウスチャハヤシメダカハネカクシ","Stenus silvaticulus Naomi, 1997"
"シナノナガキクイムシ","Treptoplatypus severini (Blandford, 1894)"
"ツシマアカコメツキ","Ampedus (Ampedus) rubridorsus (Lewis, 1879)"
"ハロルドヒメコクヌスト","Ancyrona haroldi Reitter, 1877"
"2): 15-20.","Miyama, H., 1985a. Notes on catopid beetles of Japan, I. Transactions of the Shikoku Entomological Society, 17(1"
"タナカメクラチビゴミムシ","Kusumia tanakai S. Uéno, 1999"
"アバタチビツヤムネハネカクシ","Heterothops ishiharai T. Ito, 1994"
"ツシマハラビロコケムシ","Cephennomicrus cactiformis (Jałoszyński & Hoshina, 2003)"
"クロツヤキマワリ","Plesiophthalmus (Plesiophthalmus) spectabilis Harold, 1875"
"ツヤチビヒョウタンヒゲナガゾウムシ","Valenfriesia nitida (Morimoto, 1978)"
"チビハバビロハネカクシ","Proteinus crassicornis Sharp, 1874"
"チャイブシツヤムネハネカクシ","Quedius (Quedionuchus) planatus (Sharp, 1889)"
"トドマツコキクイムシ","Cryphalus piceae (Ratzeburg, 1837)"
"キウスバヒメツツハネカクシ","Lispinus (Lispinus) strigiventris Kraatz, 1859"
"クロハナボタル　甑島亜種","Plateros coracinus shoichii Matsuda, 2008"
"ダイゴオチバメダカハネカクシ","Stenus daigonis Naomi & Puthz, 1993"
"パラオカクマルスナゴミムシダマシ","Brachyidium palauense (Kulzer, 1957)"
"フタスジコキクイムシ","Cryphalus bicarinatus (Nobuchi, 1975)"
"チュウジョウデオキノコムシ","Scaphidium chujoi Löbl, 1967"
"ホソベニボタル","Dilophotes atrorufus (Kiesenwetter, 1879)"
"チャモンケシデオキノコムシ","Scaphisoma brunneonotatum Pic, 1923"
"フタゲナガゴミムシ　基亜種","Pterostichus (Nialoe) bisetosus bisetosus (Straneo, 1938)"
"コバネジョウカイモドキ","Carphuroides plagiatus (Kiesenwetter, 1874)"
"ホソトラカミキリ","Rhaphuma xenisca (Bates, 1884)"
"ヒロバネナガゴミムシ","Pterostichus (Nialoe) hirobane Habu & Baba, 1958"
"ネクマチジヒオドシハナカミキリ","Paranaspia inadai Ohbayashi, 2001"
"ケナガコキクイムシ","Cryphalus longisetosus (Nobuchi, 1975)"
"アカアシホソクチゾウムシ","Eutrichapion (Eutrichapion) viciae (Paykull, 1800)"
"ウスグロチビヒラタムシ","Yablokophloeus fuscicornis (Reitter, 1874)"
"ナミガタチビタマムシ","Trachys griseofasciatus E. Saunders, 1873"
"キタセスジヒメハナカミキリ","Cryptopidonia kurosawai (Ohbayashi & Hayashi, 1960)"
"イチジマメクラチビゴミムシ","Trechiama (Trechiama) silicicola S. Uéno, 1981"
"イワキガワナガゴミムシ","Pterostichus (Phonias) ussuriensis (Tschitscherine, 1897)"
"カオスジマダラヒゲナガゾウムシ","Litocerus striatifrons Senoh, 1985"
"エゾベニヒラタムシ","Cucujus haematodes opacus Lewis, 1888"
"ヤノヒラタハナムグリ","Yanovalgus planiusculus Nomura, 1952"
"フトキスイ","Cryptophagus robustus Grouvelle, 1919"
"クロモンゴマフカミキリ　熊毛亜種","Pachyosa atronotata yamawakii (Hayashi, 1976)"
"ムネスジウスバカミキリ 八重山亜種","Nortia carinicollis hanatanii Fujita, 2018"
"トウキョウトラカミキリ","Chlorophorus yedoensis (Kanô, 1933)"
"クロオビアカアシナガゾウムシ","Neomecyslobus (Nipponomerus) nigrofasciatus (Kono, 1928)"
"マルズハネカクシ","Domene (Macromene) crassicornis (Sharp, 1874)"
"オキナワクビジロカミキリ","Xylariopsis esakii iriei Hayashi, 1976"
"ツノグロモンシデムシ","Nicrophorus vespilloides Herbst, 1783"
"ヤクシママメアリヅカムシ","Morana bara Tanabe & Nakane, 1990"
"モリタヒョウタンメダカハネカクシ","Dianous moritai Naomi, 1997"
"ヒラノチビコブツノゴミムシダマシ","Byrsax hiranoi Akita & Masumoto, 2012"
"ヤエヤマクシコメツキ","Melanotus (Melanotus) yayeyamacola Kishii, 1974"
"シリバヒメハネカクシ","Atheta (Datostiba) dentiventris Bernhauer, 1907"
"4): 115-118.","Nomura, S. & T. Nakane, 1959a. A new species of the genus Pelecotomoides from Japan (Coleoptera, Rhipiphoridae). Insecta matsumurana, 22(3"
"ヤマトチビコバネカミキリ　本土亜種","Leptepania minuta japonica (Hayashi, 1948)"
"マツカワノキクイムシ","Orthotomicus proximus (Eichhoff, 1868)"
"イトヒゲニセクビボソムシ","Axylophilus appicatus (Pic, 1921)"
"イソチビゴミムシ　四国亜種","Thalassoduvalius masidai kurosai S. Uéno, 1956"
"クロヒラタヨツメハネカクシ","Microedus pullus (Nakane & K. Sawada, 1956)"
"リュウキュウヒメツヤケシコメツキ","Melanoxanthus doriae ryukyuensis Arimoto, 2007"
"ショウドシマツチゾウムシ","Trachyphilus sasakiae Morimoto, 2015"
"ツガルオオタマキノコムシ","Leiodes ozakii Hoshina, 2012"
"ヤマトヒメハナカミキリ","Pseudopidonia yamato (Hayashi & Mizuno, 1953)"
"ダンジョビロウドコガネ","Maladera (?) ejimai Miyake & Imasaka, 1987"
"キボシフナガタタマムシ","Acmaeodera (Cobosiella) luzonica Nonfried, 1895"
"テラヤマノアナツチゾウムシ","Trachyphilus troglodytes (Morimoto, 1958)"
"4): 287-306.","Lee, C. -Y., & K. Morimoto, 1996. Larvae of the weevil family Curclionidae of Japan: Part 3. Subfamily Curculioninae (Insecta: Coleoptera). Journal of the Faculty of Agriculture, Kyûshû University, 40(3"
"スジゲンゴロウ","Hydaticus (Prodaticus) bipunctatus Wehncke, 1876"
"ヒトツメケシガムシ","Cercyon (Cercyon) unipunctatus (Linnaeus, 1758)"
"ダエンキスイ","Dernostea tanakai Sasaji, 1984"
"タイワンチビオオキノコ","Tritoma (Tritoma) taiwana Chûjô, 1936"
"アマミホソゴミムシダマシ","Corticeus (Neglectophloeus) maehleri amamiensis (Kaszab, 1964)"
"フトアナアキゾウムシ","Pimelocerus gigas (Kono, 1934)"
"ニセコルリクワガタ","Platycerus sugitai Okuda & Fujita, 1987"
"ミカドオオトゲアリヅカムシ","Lasinus mikado Bekchiev, Hlaváč & Nomura, 2013"
"ホソウスイロチビゾウムシ","Nanophyes mihokoae Morimoto, 1964"
"イノウエカバイロキクイムシ","Hylurgops inouyei Nobuchi, 1959"
"アカホソホテイケシデオキノコムシ","Scaphobaeocera gracilis Löbl, 1981"
"ナカネケシカミキリ","Exocentrus nakanei Makihara, 1986"
"トカラセスジテントウダマシ","Asymbius foveicollis Chûjô & Kiuchi, 1974"
"ツシマヒメサビキコリ　亜種","Agrypnus tsushimensis kusuii Ôhira, 2004"
"ハンノアオカミキリ　西日本亜種","Eutetrapha chrysochloris chrysargyrea Bates, 1884"
"オオヤマメクラチビゴミムシ　亜種","Trechiama (Trechiama) cornutus longior S. Uéno, 1983"
"トゲムネデオネスイ","Monotoma spinicollis Aubé, 1837"
"サワダマメゲンゴロウ","Platambus sawadai (Kamiya, 1932)"
"シラハマナガゴミムシ","Pterostichus (Paralianoe) kiiensis Morita & Ohkura, 1988"
"コホソナガゴミムシ","Pterostichus (Phonias) longinquus Bates, 1873"
"ツヤハマベゾウムシ","Thalasselephas maximus Zherikhin, 1991"
"アワチビハバビロハネカクシ","Proteinus awanus Hayashi, 2008"
"オオシマクシヒゲベニボタル","Macrolycus (Cerceros) mikagei Matsuda, 2009"
"ウスアカウミセミゾハネカクシ","Myrmecopora (Lamproxenusa) rufescens (Sharp, 1874)"
"コカブト　基亜種","Eophileurus (Eophileurus) chinensis chinensis (Faldermann, 1835)"
"オオシモフリコメツキ","Actenicerus (Acnitecerus) orientalis (Candèze, 1889)"
"クシヒゲマルヒラタドロムシ","Eubrianax granicollis Lewis, 1895"
"ハスジチビヒラタエンマムシ","Pachylomalus (Canidius) musculus (Marseul, 1873)"
"エゾオオツノハネカクシ","Bledius (Bledius) yezoensis Nakane, 1963"
"コマカドメクラチビゴミムシ","Trechiama (Trechiama) lavicola S. Uéno, 1960"
"ニホンタマキノコムシモドキ","Clambus nipponicus Endrödy-Younga, 1960"
"ツヤハダクワガタ　四国九州亜種","Ceruchus lignarius nodai Fujita, 1987"
"クロホソゴミムシダマシ","Corticeus (Corticeus) colydioides Lewis, 1894"
"オキナワフトナガコメツキ　奄美沖縄亜種","Orthostethus babai seinoi (Kishii, 1987)"
"フチヘリジョウカイ","Lycocerus maculielytris (Ishida, 1986)"
"キュウシュウムクゲアリヅカムシ","Tainochus puncticeps Nomura, 1996"
"ウスモンツツヒゲナガゾウムシ","Ozotomerus japonicus japonicus Sharp, 1891"
"ネアカヒメテントウ","Axinoscymnus beneficus H. Kamiya, 1963"
"カシワノキクイムシ","Trypodendron signatum (Fabricius, 1792)"
"ウスオビヒメハナノミ","Falsomordellina vagevittata (Nakane, 1957)"
"ルナラクヨウタマキノコムシ","Colenis lunaris Hoshina, 1999"
"フトヒゲツヤマルケシキスイ","Neopallodes clavatus Reitter, 1884"
"ヨナグニシジミガムシ","Laccobius (Microlaccobius) yonaguniensis Matsui, 1993"
"ツヤハダクワガタ　基亜種","Ceruchus lignarius lignarius Lewis, 1883"
"リュウキュウクシコメツキ　吐噶喇列島奄美亜種","Melanotus (Spheniscosomus) loochooensis tanchamelis Ôhira, 1967"
"エツミメクラチビゴミムシ","Trechiama (Trechiama) etsumianus S. Uéno, 1988"
"タナカシロクビボソジョウカイ","Asiopodabrus (Satopodabrus) tanakai Takahashi, 2019"
"セコブナガキマワリ","Strongylium (Strongylium) gibbosipenne Nakane, 1963"
"ヒラオダイツチゾウムシ","Trachyphilus hiraodaianus Morimoto, 2015"
"ゴトウヒゲナガアリヅカムシ","Pselaphogenius gotoinsularis (Nomura, 1998)"
"クロモンハムシ","Gonioctena (Gonioctena) springlovae (Bechyné, 1948)"
"オオマメエンマムシ","Dendrophilus (Dendrophilus) xavieri Marseul, 1873"
"フトタコゾウムシ","Fronto capiomonti (Faust, 1882)"
"タンバコバネナガハネカクシ","Lathrobium (Lathrobium) ishidai Hayashi, 1996"
"ツシマヒメハナカミキリ","Pseudopidonia tsushimana (M. Saito & A. Saito, 1988)"
"チチブホソヒラタゴミムシ","Trephionus cylindriphallus Sasakawa, 2018"
"アカバチビキマワリモドキ","Tetragonomenes komiyai (Masumoto, 1981)"
"マメクワガタ","Figulus punctatus C. O. Waterhouse, 1873"
"キバネシリグロハネカクシ","Astenus (Astenognathus) indicus (Kraatz, 1859)"
"ムネマダラトラカミキリ　沖縄亜種","Xylotrechus (Xylotrechus) grayii nakamurai Fujita, 2017"
"マツキボシゾウムシ","Pissodes nitidus Roelofs, 1873"
"コクロハバビロオオキノコ","Neotriplax delkeskampi Nakane, 1961"
"ホコオノヒゲアリヅカムシ","Bryaxis hoko Löbl, Kurbatov & Nomura, 1998"
"クロハナボタル　屋久島亜種","Plateros coracinus yakushimanus Matsuda, 2008"
"リュウキュウナガヒメテントウ","Nephus (Nephus) ryukyuensis Sasaji, 1971"
"キイロチビトビハムシ","Neocrepidodera takara Nakane, 1963"
"アマミチョッキリ","Cartorhynchites (Cartorhynchoides) amamiensis (Voss, 1971)"
"クロホソアリモドキ","Cordicollis baicalicus (Mulsant & Rey, 1866)"
"タネコバンゾウムシ","Sibinia (Sibinia) subelliptica Desbrochers des Loges, 1873"
"クマモトスジツヤチビハネカクシ","Edaphus samurai Puthz, 2014"
"ニッコウコエンマコガネ","Caccobius (Caccophilus) nikkoensis (Lewis, 1895)"
"マイマイカブリ　隠岐亜種","Carabus (Damaster) blaptoides brevicaudus Imura & Mizusawa, 1995"
"コキノコゴミムシ","Coptodera (Coptoderina) japonica Bates, 1883"
"サキシマニセクワガタカミキリ","Komiyandra uenoi Santos-Silva, Heffern & Matsuda, 2010"
"ナガサキマルタマキノコムシ","Agathidium (Agathidium) nagasakianum Hlisnikovský, 1964"
"ツシマヨコミゾコブゴミムシダマシ","Usechus tsushimensis H. Kamiya, 1963"
"/doi.org/10.1038/s41598-021-88011-2","Cho, H-W. & S. K. Kim, 2021. An integrative spproach reveals a new species of flightless leaf beetle (Chrysomelidae: Suinzona) from South Korea. , 11: 8595. https:"
"カミノセキメクラチビゴミムシ","Rakantrechus (Uozumitrechus) kaminoseki Naitô, 2022"
"オオアカマルミジンムシ","Catoptyx magnum (Nakane, 1963)"
"ニセハマヒョウタンゴミムシダマシ","Idisia vestita Marseul, 1876"
"アカヒラタコガシラハネカクシ","Trapeziderus macrocephalus (Sharp, 1889)"
"イナバコチビシデムシ","Sciodrepoides fujitanii Hoshina, 2009"
"キンバネツツガタハネカクシ","Aulacocypus gloriosus (Sharp, 1874)"
"ニッコウミズギワゴミムシ","Bembidion (?) misellum Harold, 1877"
"コアオカミキリモドキ","Oedemera (Oedemera) subrobsuta (Nakane, 1954)"
"クロジュウニホシテントウ","Plotina versicolor Lewis, 1896"
"ヒメクロオチバメダカハネカクシ","Stenus volkerputhzi Naomi, Nomura & Kamezawa, 2015"
"キベリクビボソジョウカイ","Podabrus longissimus Pic, 1905"
"ホソカレキゾウムシ","Acicnemis exilis Morimoto & Miyakawa, 1995"
"オオナガキクイゾウムシ","Oxydema longula (Boheman, 1859)"
"スジヒメカタゾウムシ","Torishimazo lineatus (Kono, 1928)"
"ヒバサンツチゾウムシ","Trachyphilus hibasanus Morimoto, 2015"
"トゲムネアラゲカミキリ","Aragea mizunoi Hayashi, 1953"
"コハラアカモリヒラタゴミムシ","Agonum (Lissagonum) lampros (Bates, 1873)"
"ホソヒメユミセミゾハネカクシ","Carpelimus (Carpelimus) sedatus (Sharp, 1889)"
"ヒコサンアバタコバネハネカクシ","Nazeris hikosanus Ito, 1991"
"沖縄島亜種","Himaloconnus klapperichianus okinawanus Jałoszyński, 2020"
"ウスグロキバケシキスイ","Prometopia unidentata Hisamatsu, 1959"
"ホソクビアリモドキ　対馬亜種","Anthelephila bramina candens (Krekich-Strassoldo, 1931)"
"ビシャモンハヤシメダカハネカクシ","Stenus bishamon Naomi, 1998"
"スジダカヤセヒラタゴミムシ","Ischnagonum carinigerum Kasahara & Satô, 1997"
"ハコネアシナガコガネ","Hoplia (Hoplia) hakonensis Sawada, 1938"
"オダミヤマコミズギワゴミムシ","Tachyura (?) kuriharai Morita, 2008"
"オキナワエンマコガネ　基亜種","Parascatonomus (Necramator) itoi itoi (Nomura, 1976)"
"キョウトマルタマキノコムシ","Agathidium (Neoceble) kyotoense Angelini & De Marzo, 1990"
"カミヤノミゾウムシ","Orchestes (Nomizo) kamiyai (Morimoto, 1984)"
"アマミクビボソジョウカイ　伊平屋島亜種","Asiopodabrus (Asiopodabrus) amamiensis iheyaensis Takahashi, 2018"
"エダヒゲナガハナノミ　琉球亜種","Epilichas flavellatus muneaka Nakane, 1963"
"ヤコンオサムシ　忽那諸島西部亜種","Carabus (Ohomopterus) yaconinus seto Ishikawa & Kubota, 1994"
"クモソウカタホソヨツメハネカクシ","Philydrodes (Minyphilydrodes) kumosoensis Y. Watanabe, 2012"
"アジアクロズトガリハネカクシ","Lithocharis uvida (Kraatz, 1859)"
"2): 73-77.","大平仁夫, 1968a. 故大林一夫氏採集の日本産コメツキムシ. Entomological Review of Japan, 20(1"
"ユズルハコバネナガハネカクシ","Lathrobium (Lathrobium) yuzuruhaense Y. Watanabe, 2014"
"ヨツモンオビジョウカイモドキ","Intybia donan Ikeda & Yoshitomi, 2017"
"シワムネオオズナガゴミムシ","Pterostichus (Smilodonialoe) miyazawai Morita & Ohkawa, 2009"
"ナミモンハナゾウムシ","Anthonomus (Anthonomus) undulatus Gyllenhal, 1836"
"ユゲメクラチビゴミムシ","Trechiama (Trechiama) canalatus S. Uéno, 1980"
"マルガタオオヨツボシゴミムシ","Craspedophorus mandarinus (Schaum, 1854)"
"ナカハマクシヒゲヒメコケムシ","Euconnus (Cladoconnus) nakahamai Hoshina & Miyata, 2018"
"ヤマイチテントウ","Coccinella (Coccinella) transversalis Fabricius, 1781"
"トカラマルムネコケムシ","Stenichnus (Stenichnus) mitai Jałoszyński, 2006"
"タコノキハモグリゾウムシ","Phylloplatypus pandani Kato, 1998"
"コゲチャセマルケシキスイ","Amphicrossus japonicus Reitter, 1873"
"ゴジラツノアリヅカムシ","Basitrodes godzilla Nomura, 2003"
"ミヤマシモフリコメツキ","Actenicerus (Acnitecerus) montanus Kishii, 1998"
"クロキノコゴミムシダマシ　奄美群島亜種","Platydema fumosa kawaii Nakane, 1968"
"キウラツヤムネハネカクシ","Quedius (Microsaurus) fodinarum S. Uéno & Y. Watanabe, 1966"
"ヒメチャバネコガシラハネカクシ","Philonthus (Philonthus) freyi Bernhauer, 1939"
"トガリカラカネナガタマムシ","Agrilus madeci Baudon, 1968"
"エゾマルガタナガゴミムシ","Pterostichus (Bothriopterus) adstrictus Eschscholtz, 1823"
"ハギキクイムシ","Xyleborus glabratus Eichhoff, 1877"
"ミヤコヒメジョウカイモドキ","Holzschuhus miyakoanus (Nakane, 1985)"
"シナトゲバゴマフガムシ","Berosus (Enoplurus) fairmairei Zaitzev, 1908"
"シラハタネクイハムシ","Plateumaris shirahatai Kimoto, 1971"
"アマミツブノミハムシ","Aphthona amamiana Ohno, 1962"
"エグリツヤヒメマキムシ","Holoparamecus (Calyptobium) contractus Wollaston, 1874"
"アマミニセツヤケシコメツキ　沖縄島亜種","Sawadapenthes amami masakii Kishii, 1975"
"マツノキクイムシ","Tomicus piniperda (Linnaeus, 1758)"
"コブアシトビハムシ","Hyphasis inconstans Jacoby, 1885"
"アマミフタイロジョウカイ","Lycocerus akemiae (M. Satô & Okushima, 1992)"
"マツザイシバンムシ","Ernobius mollis mollis (Linnaeus, 1758)"
"オオカミチョッキリ","Cneminvolvulus (Metinvolvulus) lupulus (Y. Sawada, 1993)"
"ヤエヤマクシヒゲベニボタル","Macrolycus (Cerceros) dominator ishigakianus M. Satô & Ohbayashi, 1968"
"シロオビカッコウムシ","Tarsostenus univittatus (Rossi, 1792)"
"クロタマムシ　本土亜種","Buprestis (Ancylocheira) haemorrhoidalis japanensis E. Saunders, 1873"
"メシマスグリゾウムシ","Pseudocneorhinus meshimanus Morimoto, 2015"
"キアシヒメカネコメツキ","Limonius approximans Lewis, 1894"
"ツマキレオオミズスマシ","Dineutus (Ciclous) australis tokunoshimanus M. Satô, 1962"
"スメタナホテイケシデオキノコムシ","Scaphobaeocera smetanai Löbl, 1981"
"アカアシオオメツヤムネハネカクシ","Indoquedius praeditus (Sharp, 1889)"
"キヨスミコバネメダカハネカクシ","Stenus kiyosumiensis Naomi & Takeda, 1991"
"シロウズヒメハナムシ","Augasmus shirozui (Hisamatsu, 1959)"
"モンサビカッコウムシ","Neoclerus ornatulus Lewis, 1892"
"オキナワカミキリモドキ","Indasclera subrugosa (Kono, 1937)"
"ホソテントウダマシ","Panamomus brevicornis Gorham, 1887"
"アマミオオタマキノコムシ","Leiodes kamezawai Hoshina, 2012"
"マンナミクビボソジョウカイ","Asiopodabrus (Asiopodabrus) mannamiensis Takahashi, 2012"
"チクマチビシデムシ","Catops fujitaniorum Nishikawa, 1997"
"クロタマムシ　対馬・朝鮮亜種","Buprestis (Ancylocheira) haemorrhoidalis coreana Obenberger, 1917"
"ムナクボヨツメハネカクシ","Omalium niponense Sharp, 1889"
"フカミゾホソカタムシ","Machlotes costatus (Sharp, 1885)"
"オオエグリゴミムシ","Eustra chinensis Bänninger, 1949"
"ヒラヨツモンツヤゴミムシダマシ","Diaclina nakatai Akita & Masumoto, 2003"
"オキナワコブヒゲカミキリ","Rhodopina okinawensis (Matsushita, 1933)"
"ドウガネホソヒラタコメツキ","Corymbitodes gratus (Lewis, 1894)"
"コハマベゾウムシ","Emphyastes mannerheimi Egorov & Korotyaev, 1977"
"オオマルマメエンマムシ","Gnathoncus nannetensis (Marseul, 1862)"
"リモガンセスジムシ","Rhyzodiastes rimoganensis (Miwa, 1934)"
"ヨツモンイトヒゲニセマキムシ","Dasycerus occultus Hashizume & Maruyama, 2022"
"ソリアシヒサゴアリヅカムシ","Arthromelodes sinuatipes Nomura, 1991"
"リュウキュウツヤハナムグリ　多良間島亜種","Protaetia (Pyropotosia) pryeri taramainsulana Ochi & Kusui, 2024"
"オビモンマルハナノミ","Ora mawatarii (Nakane, 1958)"
"キアシヒメクチキムシ","Mycetochara (Mycetochara) flavipes (Fabricius, 1792)"
"ツヤスジコガネ","Mimela dificilis (Waterhouse, 1875)"
"キイロチビハナケシキスイ","Heterhelus (Heterhelus) scutellaris (Heer, 1841)"
"エゾスジコガシラハネカクシ","Philonthus (Cephalonthus) daimio Sharp, 1889"
"ハイマダラヒゲナガゾウムシ　基亜種","Litocerus communis communis Jordan, 1912"
"オガサワラババチビドロムシ","Mexico ogasawaraensis Yoshitomi, 2019"
"ヒメオガサワラカミキリ","Boninella igai N. Ohbayashi, 1976"
"オオスジマグソコガネ","Aphodius (Carinaulus) ritsukoae Kawai, 2004"
"コブアナアキゾウムシ","Pimelocerus pustulatus (Kono, 1933)"
"ムネアカオオキバハネカクシ","Oxyporus rufus (Linnaeus, 1758)"
"オオキイロノミハムシ","Neocrepidodera obscuritarsis (Motschulsky, 1859)"
"ネッタイアカクビボソハムシ","Lema (Lema) lacertosa Lacordaire, 1845"
"ナエバツヤムネハネカクシ","Quedius (Microsaurus) ohkawai Y. Watanabe, 2008"
"トゲクロツヤマグソコガネ","Aphodius (Acrossus) superatratus Nomura & Nakane, 1951"
"レモントビハムシ","Amphimela metallica (S. -H. Chen, 1933)"
"セモンチビオオキノコ","Triplax discicollis Lewis, 1887"
"ミヤマミズギワゴミムシ","Bembidion (?) sanatum Bates, 1883"
"ハクサンクロナガゴミムシ","Pterostichus (Eosteropus) hiramatsui Morita, 2010"
"チャマダラカツオブシムシ","Trogoderma teukton Beal, 1956"
"コゲチャヒラタカミキリ　奄美沖縄亜種","Eurypoda (Eurypoda) unicolor kamakarii Fujita, 2018"
"アバタツヤナガヒラタホソカタムシ","Pycnomerus sculpturtus Sharp, 1885"
"ニッポンヒゲブトハネカクシ","Aleochara (Xenochara) niponensis Sharp, 1888"
"コマグソコガネ","Aphodius (Esymus) pusillus pusillus (Herbst, 1789)"
"クロヒメヒラタタマムシ　北海道亜種","Anthaxia (Melanthaxia) reticulata aino Y. Kurosawa, 1963"
"チャイロズマルヒメハナムシ","Litostilbus festivus (Motschulsky, 1858)"
"ルリチビカミナリハムシ","Lesagealtica berberii (Ohno, 1961)"
"ガジュマルノコキクイムシ","Cryphalus abbreviatus Schedl, 1943"
"ニジムネコガシラハネカクシ","Philonthus (Philonthus) micanticollis Sharp, 1889"
"ナミゲムクゲキスイ","Biphyllus inaequalis (Reitter, 1889)"
"ルイスコハナコメツキ","Paracardiophorus lewisi (Fleutiaux, 1902)"
"ヤエヤマフトツツマグソコガネ","Setylaides nakanoi Ochi & Kawahara, 2019"
"ノツメクラチビゴミムシ 亜種","Rakantrechus (Uozumitrechus) notsui ovipennis Naitô, 2022"
"クチキムネトゲアリヅカムシ","Batrisoschema euplectiforme (Sharp, 1883)"
"マトバツヤツチゾウムシ","Asphalmus matobai Morimoto, 2015"
"シマケシゲンゴロウ","Hygrotus (Leptolambus) chinensis (Sharp, 1882)"
"アラコガネコメツキ　羅臼岳亜種","Selatosomus (Selatosomus) gloriosus rausuensis Ôhira & Yasuda, 2007"
"ホズミオチバメダカハネカクシ","Stenus gyrosus Naomi, 2006"
"ホソガムシ","Hydrochus aequalis Sharp, 1884"
"イタヤノキクイムシ","Indocryphalus aceris (Niijima, 1910)"
"トサヌレチゴミムシ","Apatrobus cornifer Kasahara & Itô, 1994"
"ヘリグロセダカトビハムシ","Lanka esakii (Chûjô & Ohno, 1961)"
"スジツヤチビハネカクシ","Edaphus carinicollis Bernhauer, 1907"
"ザウターチビサルハムシ","Nodina sauteri Chûjô, 1957"
"ヤクキムネマルハナノミ","Sacodes shibatai Yoshitomi, 2008"
"カンボウトラカミキリ　基亜種","Rhabdoclytus acutivittis acutivittis (Kraatz, 1879)"
"カバイロホソキクイムシ","Crypturgus tuberosus Niijima, 1909"
"ズグロヒメナガハネカクシ","Xanthophius angustus Sharp, 1874"
"カラカネナカボソタマムシ　奄美亜種","Coraebus ignotus shibatai Y. Kurosawa, 1963"
"サメハダハマキチョッキリ","Byctiscus rugosus (Gebler, 1830)"
"カバコフクロヒメジョウカイ","Rhagonycha (Rhagonycha) kabakovi Kazantsev, 1994"
"ニジムネタマキスイ","Cybocephalus (Cybocephalus) chlorocapitis S.-T. Hisamatsu, 2013"
"フタモンヒメハナノミ","Falsomordellistena (Falsomordellistena) altestrigata (Marseul, 1876)"
"オオキソコマツヤムネハネカクシ","Quedius (Microsaurus) toyoshimai Y. Watanabe, 2009"
"リュウキュウスジコガネ","Anomala cpustulata Hirayama, 1940"
"ホソガタヒメゾウムシ","Psilarthrus shigematsui Yoshihara, 2016"
"ケマダラヒゲナガゾウムシ","Rawasia ritsemae Roelofs, 1880"
"オオヌマムネスジミギワハネカクシ","Erichsonius (Erichsonius) watanabei Uhlig, 1992"
"ヤマアリヤドリ","Thiasophila shinanonis Maruyama & Zerche, 2014"
"フタオビミドリトラカミキリ　沖永良部島亜種","Humeromaculatus (Humeromaculatus) muscosus ohnoi Fujita, 2023"
"ヒラタオオズナガゴミムシ","Pterostichus (Sphodroferonia) platypennis N. Ito, 2011"
"メンドリヒメハネカクシ","Atheta (Datomicra) gallina Sawada, 1989"
"ナガアリヤドリ","Losiusa oxypodina (Sharp, 1888)"
"ナガツヤドロムシ","Zaitzevia elongata Nomura, 1962"
"ナガトメクラチビゴミムシ","Trechiama (Trechiama) occidentalis S. Uéno, 1987"
"ハラグロノコギリゾウムシ","Ixalma nigriventris Kono, 1937"
"オキナワトビサルハムシ　基亜種","Trichochrysea okinawana okinawana Nakane, 1956"
"ツガアトマルキクイムシ","Dryocoetes brevipilosus Murayama, 1957"
"ヒメムネクロテングベニボタル","Platycis minutus (Fabricius, 1787)"
"ニセカタベニデオキスイ","Urophorus (Anophorus) foveicollis (Murray, 1864)"
"コクロムクゲケシキスイ","Aethina (Aethina) inconspicua Nakane, 1967"
"クロズトガリハネカクシ","Lithocharis nigriceps Kraatz, 1859"
"タイワントゲトゲゾウムシ","Colobodes formosanus Kono, 1932"
"オオクロヒラタコメツキ　本州亜種","Pseudanostirus dilatatus yamato Kishii, 2011"
"オチバハネカクシ","Brachida clara (Weise, 1877)"
"マルモンニセハナノミ","Orchesia (Clinocara) diversenotata Pic, 1932"
"トウホクチャイロコガネ","Sericania tohokuensis Sawada, 1955"
"アズキマメゾウムシ","Callosobruchus chinensis (Linnaeus, 1758)"
"ハヤシムネスジムクゲキノコムシ","Micridium yasuhikoi Sawada, 2025"
"ササチャバネキクイゾウムシ","Kojimazo pictus (Wollaston, 1873)"
"クロハナコメツキ","Cardiophorus (Cardiophorus) pinguis Lewis, 1894"
"アトモンクビナガゴミムシ","Eucolliuris fuscipennis (Chaudoir, 1850)"
"オオクロナガオサムシ　基亜種","Carabus (Leptocarabus) kumagaii kumagaii (Kimura &Komiya, 1974)"
"アラメズビロキマワリモドキ","Gnesis magnipunctatus (M. T. Chûjô, 1966)"
"キイロツヤハダコメツキ","Hemicrepidius (Hemicrepidius) kibane Kishii, 1989"
"ヒメフタモンクロテントウ","Cryptogonus horishanus (Ohta, 1929)"
"ツツイコミズギワゴミムシ","Tachys (Paratachys) euryodes Bates, 1892"
"シラフアシビロハイイロハネカクシ","Phytolinus variegatus K. Sawada & Nakane, 1954"
"クロツヤヒメカワベハネカクシ","Platystethus (?) americanus Erichson, 1840"
"ツツノミゾウムシ","Orchestes (Alyctus) cylindricus (Morimoto, 1984)"
"シホロセンホソアトキリゴミムシ","Dromius (Dromius) hagai Mateu, 1992"
"スジチビタマムシ","Habroloma (Habroloma) bifrons (Kiesenwetter, 1879)"
"ババホソヒラタゴミムシ","Trephionus babai Habu, 1978"
"ダイモンクビボソジョウカイ","Asiopodabrus (Asiopodabrus) daimon Takahashi, 2012"
"カゴシマコキクイムシ","Cryphalus kagoshimensis (Nobuchi, 1975)"
"トクシマオチバメダカハネカクシ","Stenus yoshidai Naomi, 1997"
"ウスオビコキノコムシ","Pseudotriphyllus lewisianus (Wollaston, 1874)"
"イワワキコバネメダカハネカクシ","Stenus unagi Hromádka, 1979"
"アイヅヒサゴアリヅカムシ","Arthromelodes aizuanus Nomura, 1991"
"セグロカレキゾウムシ","Acicnemis postica Hubenthal, 1919"
"テンリュウメダカチビカワゴミムシ　基亜種","Asaphidion tenryuense tenryuense Habu, 1954"
"ヤエヤマハラビロコケムシ","Cephennomicrus nomurai (Jałoszyński & Hoshina, 2003)"
"トゲクシヒゲアリヅカムシ","Poroderus mimeticus (Sharp, 1883)"
"ヨナグニホソクシコメツキ","Priopus yonaguni (Kishii, 1982)"
"ワルサワダケノミハナカミキリ","Omphalodera warusawadakensis (Ohbayashi, 1959)"
"クロハナムグリヨツメハネカクシ","Eusphalerum pollens (Sharp, 1889)"
"ツヤチャイロヒラアシコメツキ","Suzukielater babai (Kishii & Ôhira, 1956)"
"オオオサムシ　熊本県南西部亜種","Carabus (Ohomopterus) dehaanii strenuus Breuning, 1932"
"トラフカミキリ　奄美沖縄亜種","Xylotrechus (Xyloclytus) chinensis kobayashii (Fujita, 2010)"
"シラネクビボソジョウカイ","Asiopodabrus (Asiopodabrus) shiranensis Takahashi, 2012"
"タカクワムネトゲアリヅカムシ","Petaloscapus takakuwai Nomura, 2017"
"コンゴウメクラチビゴミムシ","Stygiotrechus ohtanii S. Uéno, 1969"
"キリクチマルハナノミダマシ","Tohlezkus rufus (M. Sakai, 1980)"
"セマダラナガシンクイ","Lichenophanes carinipennis (Lewis, 1896)"
"エグリゴミムシ","Eustra japonica Bates, 1892"
"オオウスバツツハネカクシ","Eleusis coarctata Sharp, 1889"
"ハコネヒメコメツキダマシ","Hylis hiranoi Suzuki, 2021"
"ミヤマドウボソカミキリ","Pseudocalamobius montanus Hayashi, 1959"
"ツルガメクラチビゴミムシ","Trechiama (Trechiama) tsurugaensis S. Uéno, 1980"
"チシマオサムシ　礼文島亜種","Carabus (Aulonocarabus) kurilensis sugai Ishikawa, 1966"
"ナガスジツヤチビハネカクシ","Edaphus impressipennis Puthz, 2010"
"マルムネチビヒゲナガゾウムシ","Protaedus brevicornis Senoh, 1986"
"オオイクビハネカクシ","Ischnosoma rosti (Bernhauer, 1923)"
"クロヒメコメツキモドキ","Anadastus matsuzawai M. Chûjô, 1955"
"コゲチャミジンムシダマシ","Aphanocephalus wollastoni Rye, 1873"
"和名","学名"
"ルイステントウダマシ","Panamomus lewisi Gorham, 1873"
"クシヒゲビロウドムシ","Frontodendroidopsis ocularis (Lewis, 1887)"
"クロカワベナガエハネカクシ","Ochthephilum densipenne (Sharp, 1889)"
"カンノウヒゲボソゾウムシ","Phyllobius (Otophyllobius) kannohi Morimoto, 2015"
"ホンスンキクイムシ","Orthotomicus suturalis (Gyllenhal, 1827)"
"ゲンゴロウモドキ　基亜種","Dytiscus dauricus dauricus Gebler, 1832"
"カレハハネカクシ","Coenonica puncticollis Kraatz, 1857"
"ツツナカミゾコメツキダマシ","Balistica elongata Fleutiaux, 1923"
"エミシアカコメツキ","Ampedus (Ampedus) emishi Kishii, 1982"
"リュウキュウオオハナムグリ　基亜種","Protaetia (Calopotosia) lewisi lewisi (Janson, 1888)"
"シバタミジンムシダマシ","Aphanocephalus shibatai Chûjô & John, 1961"
"シコクトホシハムシ","Gonioctena (Gonioctena) iyonis Suenaga, 2012"
"クロサビコメツキ","Lacon churakagi (Ôhira, 1971)"
"コガタシモフリコメツキ","Actenicerus (Acnitecerus) yamashiro Kishi, 1998"
"イヘヤツヤニジゴミムシダマシ","Tetraphyllus masaakii Akita & Masumoto, 2015"
"カワベナガエハネカクシ","Ochthephilum cuneatum (Sharp, 1889)"
"チャオビヒメハナノミ","Mordellina brunneotincta (Marseul, 1876)"
"ヒゲナガメダカカミキリ","Stenhomalus (Stenhomalus) longicornis (Bates, 1873)"
"オキナワキマワリ","Plesiophthalmus (Plesiophthalmus) piceus M. T. Chûjô, 1978"
"アズマツヤケシコメツキ","Megapenthes azumai Arimoto, 1990"
"インゲンテントウ","Epilachna varivestis Mulsant, 1850"
"シワバネセスジハネカクシ","Anotylus mimulus (Sharp, 1874)"
"ニジムクゲキノコムシ","Acrotrichis (?) pulchellipennis Sawada & Hirowatari, 2002"
"イリオモテオチバゾウムシ","Otibazo seidaii Yoshitake, 2021"
"ケオビトサカシバンムシ","Ptinomorphus exilis (Kiesenwetter, 1879)"
"アワツツナガハネカクシ","Lobrathium (Lobrathium) okamotoi Ito, 1995"
"カズヨマメアリヅカムシ","Morana kazuyoae Arai, 2003"
"エリザハンミョウ　日本亜種","Cylindera (Eugrapha) elisae novitia Bates, 1883"
"アマミホソハナノミ","Stenomordella ochii Kiyoyama, 1975"
"アラハダツツキノコムシ","Cis yamamotoi Kawanabe, 1997"
"ヤエヤマメダカカッコウムシ","Callimerus ishigakensis Miyatake, 1985"
"ヒロガワラドウガネナガハネカクシ","Platydomene hirogawarana Y. Watanabe, 2008"
"アマギナガゴミムシ","Pterostichus (Lyrothorax) amagisanus Tanaka & Ishida, 1972"
"ムロトメクラチビゴミムシ","Trechiama (Trechiama) sonei S. Uéno, 1982"
"オビタマクモゾウムシ","Egiona fasciata (Voss, 1956)"
"ツルギクビボソジョウカイ","Hatchiana tsurugisana (Kiriyama, 2000)"
"クチミゾケブカキクイゾウムシ","Himatium (Himatium) ichihashii (Konishi, 1962)"
"ヒゲナガシラホシカミキリ","Eumecocera argyrosticta (Bates, 1884)"
"セミスジコブヒゲカミキリ　熊毛亜種","Rhodopina lewisii yakushimana Z. Komiya, 1984"
"カキハモグリゾウムシ","Ochyromera miwai Kono, 1939"
"ムネアカマメゴモクムシ","Stenolophus (Stenolophus) propinquus Morawitz, 1862"
"オビケシマキムシ","Corticaria fasciata Reitter, 1877"
"マルムネチビヒラタケシキスイ","Epuraea (Epuraea) intercalatis Kirejtshuk, 1995"
"アイヌキンオサムシ　大樹町亜種","Carabus (Megodontus) kolbei taikinus (Ishikawa, 1993)"
"オオクロヒゲコメツキ","Pectocera yaeyamana Suzuki, 1976"
"サトウホソクシコメツキ　西表島亜種","Priopus satoi matobai (Kishii, 1973)"
"アサマヒメハナカミキリ","Pseudopidonia trilineata (Pic, 1954)"
"ハンノキキクイムシ","Xylosandrus germanus (Blandford, 1894)"
"オオミネオオアオハムシダマシ","Arthromacra arimotoi Akita & Masumoto, 2009"
"ガガブタネクイハムシ","Donacia (Cyphogaster) lenzi Schönfeldt, 1888"
"オグマチビケシキスイ","Meligethes (Meligethes) flavimanus Stephens, 1830"
"カラカネオオキマワリモドキ　基亜種","Oedemutes (Tamdaous) hirashimai hirashimai M. T. Chûjô, 1973"
"エゾカネコメツキ","Gambrinus katoi (Kishii, 2002)"
"ミヤマコガネヒラタコメツキ　基亜種","Paraphotistus (Mosotalesus) impressus impressus (Fabricius, 1792)"
"ナラコメツキモドキ","Languriomorpha nara (Lewis, 1884)"
"タイワンチビマルハナノミ","Contacyphon formosanus (Pic, 1918)"
"アマミミヤマクワガタ","Lucanus ferriei Planet, 1898"
"ニセダイコンサルゾウムシ","Ceutorhynchus asiaticus Korotyaev, 1997"
"ヒゴツツホソカタムシ","Sosylus gracilis (Sharp, 1885)"
"イシヅチヘリハネムシ","Ischalia (Ischalia) kitanoi M. Saitô, 2012"
"ヒゲナガヨコセミゾハネカクシ","Ochthephilus (Ochthephilus) japonicus (Y. Watanabe & Y. Shibata, 1961)"
"ミズギワコメツキ　基亜種","Fleutiauxellus (Migiwa) curatus curatus (Candèze, 1873)"
"ヒゴキノコゴミムシダマシ","Platydema higonia Lewis, 1894"
"キボシチビオオキノコ","Pseudotritoma yasumatsui (Nakane, 1948)"
"セアカヒメコメツキダマシ","Hylis yanoi (Hisamatsu, 1955)"
"イシヅチツヤチビシデムシ","Apterocatops ishizuchisanus Miyama, 1985"
"ムツコブスジコガネ","Glyptotrox mutsuensis (Nomura, 1937)"
"ベニジョウカイ","Lycocerus hiroshii M. Satô & Okushima, 2001"
"フサヒサゴアリヅカムシ","Arthromelodes thysanoventris Nomura, 1991"
"オオツノハネカクシ","Bledius (Bledius) salsus Miyatake, 1963"
"チャバネニセキノコハネカクシ","Bolitobius princeps (Sharp, 1874)"
"ヒメコクロチビシデムシ","Catops nomurai Y. Hayashi, 1969"
"コヤマトヒゲブトアリヅカムシ　基亜種","Diartiger fossulatus fossulatus Sharp, 1883"
"カタベニケブカテントウダマシ","Ectomychus basalis Gorham, 1887"
"オオゾウムシ","Sipalinus gigas gigas (Fabricius, 1775)"
"ムコジマオガサワラカミキリ","Boninella karubei Hasegawa & N. Ohbayashi, 2009"
"ヤマトホソケシデオキノコムシ","Toxidium aberrans Achard, 1923"
"イシガキコアオハナムグリ　宮古諸島亜種","Gametis ishigakiana miyakoana (Nomura, 1959)"
"オオシマコメツキモドキ","Paederolanguria oshimana Miwa, 1936"
"ヤツボシハムシ","Gonioctena (Sinomela) nigroplagiata Baly, 1862"
"オニヒゲナガコバネカミキリ","Caenoptera pinivorus (Takakuwa & Ikeda, 1980)"
"ノムラヒサゴムクゲキノコムシ","Cissidium nomurai Sawada, 2008"
"タテスジフトカミキリモドキ","Asessinia vittata (Miyatake, 1985)"
"チャイロヒゲビロウドコメツキダマシ","Galbites tomentosa (Montroizier, 1855)"
"ルイスオサムシ　房総半島南部亜種","Carabus (Ohomopterus) lewisianus awakazusanus Ishikawa, 1981"
"コアフェーオノヒゲアリヅカムシ","Bryaxis coiffaiti Jeannel, 1958"
"コガタトラフコメツキ","Pristilophus pacatus (Lewis, 1894)"
"アメリカヒラタキクイムシ","Lyctus (Lyctus) carbonarius Waltl, 1834"
"ミナミヒメナガハネカクシ","Xanthophius filum (Kraatz, 1859)"
"マルゴモクムシ","Harpalus (Harpalus) bungii Chaudoir, 1844"
"ホクチチビハナカミキリ　北海道亜種","Alosterna tabacicolor erythropus (Gebler, 1841)"
"ヤマトクビボソジョウカイ","Asiopodabrus (Asiopodabrus) yamatonus (Takahashi & Kiriyama, 2000)"
"ヨナグニスジヒラタガムシ","Helochares (Hydrobaticus) uenoi Matsui, 1995"
"サイトウカバイロコメツキ","Ectinus saitoanus Kishii, 1987"
"ムネビロニセクビボソムシ","Gompelia diversithorax (Pic, 1915)"
"ヒメアサギナガタマムシ","Agrilus hattorii Nakane, 1983"
"クロヒメクビボソジョウカイ　四国九州亜種","Asiopodabrus (Asiopodabrus) malthinoides takizawai Takahashi, 2008"
"エグリトラカミキリ","Humeromaculatus (Humeromaculatus) japonicus (Chevrolat, 1863)"
"アオモリクビボソジョウカイ","Asiopodabrus (Asiopodabrus) aomoriensis (Takahashi & Okushima, 1999)"
"ヒゲナガウスバハムシ","Stenoluperus nipponensis (Laboissière, 1913)"
"ナルトオオコバネナガハネカクシ","Lathrobium (Lathrobium) narutoensis Y. Watanabe, 2010"
"オオセヒメチビシデムシ","Nemadus (Nemadus) uenoi M. Nishikawa, 1995"
"クロミナミボタル　基亜種","Drilaster unicolor unicolor Lewis, 1895"
"オオユミアシゴミムシダマシ","Promethis insomnis (Lewis, 1894)"
"シナノキチビタマムシ","Trachys aurifluus Solsky, 1875"
"キイロモモブトカッコウムシ","Iwawakia femorata Miyatake, 1985"
"ヤツオオズナガゴミムシ","Pterostichus (Smilodonialoe) koheii Nakane, 1963"
"ツヤケシオニミツギリゾウムシ","Paramorphocephalus fumosus (Morimoto, 1976)"
"ホソミヤマサビゾウムシ","Metahylobius jonensis Nakane, 1964"
"オモゴツヤツツキノコムシ","Octotemnus omogensis Miyatake, 1954"
"イワキナガチビゴミムシ","Trechiama (Trechiama) oreas (Bates, 1883)"
"ホリシャクロマルカブト","Alissonotum impressicolle Arrow, 1908"
"シリグロオオキノコ","Dactylotritoma atricapilla (Lewis, 1887)"
"サトウケシカミキリ","Exocentrus satoi K. Ohbayashi, 1961"
"ミヤマヒラタハムシ","Gastrolina peltoidea (Gebler, 1832)"
"ナナカマドノミゾウムシ","Isochnus sorbi (Morimoto, 1984)"
"ツガイケクビボソジョウカイ","Asiopodabrus (Asiopodabrus) tsugaikensis Takahashi, 2012"
"ケシアリヤドリ","Diploxenus kubotai Kistner & Akatsuka, 1981"
"タテヤマツツナガハネカクシ","Lobrathium (Lobrathium) tateyamense T. Ito, 2018"
"アシミゾヒメヒラタゴミムシ","Agonum (Europhilus) gratiosum nipponicum Habu, 1972"
"サトウミジンムシダマシ","Aphanocephalus satoi John, 1968"
"トミシマテントウダマシ","Endomychus tomishimai Nakane, 1994"
"コガシラホソハネカクシ","Diochus japonicus Cameron, 1930"
"ナカネヒメハネカクシ","Atheta (Microdota) nakanei (Sawada, 1970)"
"シャクダイジンメクラチビゴミムシ","Kurasawatrechus katoi S. Uéno, 1959"
"ツマキケシガムシ","Cercyon (Cercyon) marinus Thomson, 1853"
"ムツモンオトシブミ","Leptapoderus (Paraleptapoderus) praecellens Sharp, 1889"
"ケシコメツキモドキ　基亜種","Microlanguria jansoni jansoni (Crotch, 1873)"
"ジュウシホシクビナガハムシ","Crioceris quatuordecimpunctata (Scopoli, 1763)"
"ヨツマタキノコツヤハネカクシ","Gyrophaena (Gyrophaena) yotsumata Cameron, 1933"
"シロウマミズギワゴミムシ","Bembidion (Plataphodes) fujiyamai Habu, 1958"
"アオバアリガタハネカクシ","Paederus (Heteropaederus) fuscipes Curtis, 1826"
"キイロクワハムシ","Monolepta pallidula (Baly, 1874)"
"ハチジョウチャイロコメツキダマシ","Fornax hachijonis Hisamatsu, 1963"
"コイケヒメハナノミ","Pseudomordellistena koikei (Tokeji, 1953)"
"ホソハナムグリヨツメハネカクシ","Eusphalerum sanae Y. Watanabe, 1990"
"カマクラウシオヒメハネカクシ","Adota madida (Bernhauer, 1907)"
"ニセコブスジコガネ","Glaresis japonensis Ochi, Masumoto, Kakizoe & Yanagi, 2019"
"オオヒメツノゴミムシダマシ","Cryphaeus amurensis (Heyden, 1884)"
"シラホシニセイネゾウムシ","Caenosilapillus babai Chûjô & Morimoto, 1959"
"フタモンミズギワコメツキ","Fleutiauxellus (Neomigiwa) optatus (Lewis, 1894)"
"カバイロコクヌスト","Peltis ferruginea (Linnaeus, 1758)"
"コクロチビハナケシキスイ","Brachypterus urticae (Fabricius, 1792)"
"ネノハラクビボソジョウカイ","Asiopodabrus (Japanopodabrus) nenoharanus (Takahashi & Kiriyama, 2000)"
"オキナワホソチビキカワムシ","Ocholissa hiranoi Masumoto & Akita, 2009"
"ノミナガクチキ","Lederina lata (Lewis, 1895)"
"キボシカミキリ　与那国島亜種","Psacothea hilaris yonaguniana K. Ohbayashi & N. Ohbayashi, 1965"
"アリタツヤドロムシ","Zaitzevia aritai M. Satô, 1963"
"アオカミキリ　九州亜種","Schwarzerium quadricollis viridicyaneum (Hayashi, 1956)"
"クリストフオニケシキスイ","Glischrochilus (Librodor) christophi (Reitter, 1879)"
"クビレヒメヒラタホソカタムシ","Synchita constricta (Aoki, 2012)"
"シラクモアナアキゾウムシ","Lepyrus nordenskioldi nordenskioldi Faust, 1887"
"シバタヒメハナノミ","Falsomordellistena (Falsomordellistenoda) shibatai (Nomura, 1961)"
"ハンノスジキクイムシ","Heteroborips seriatus (Blandford, 1894)"
"オオワニメクラチビゴミムシ","Kurasawatrechus nishikawai S. Uéno, 1993"
"タイシャクツチゾウムシ","Trachyphilus taishakuanus Morimoto, 2015"
"モリシタマルタマキノコムシ","Agathidium (Agathidium) morishitae Hoshina, 1998"
"カラカネヒメキマワリ","Plesiophthalmus (Plesiophthalmus) puncticollis Yamazaki, 1964"
"カラフトシマケシゲンゴロウ","Hygrotus (Leptolambus) impressopunctatus hiurai (M. Satô, 1972)"
"ルイスヒメゴモクムシ","Psychristus (Nipponobradycellus) lewisi (Schauberger, 1933)"
"コウザンドウボソカミキリ","Pseudocalamobius okinawanus Samuelson, 1965"
"イシガキメボソマルタマキノコムシ","Agathidium (Agathidium) ishigakiense Hoshina, 1998"
"シモツケメクラチビゴミムシ","Trechiama (Trechiama) ohkawai S. Uéno, 1993"
"ヤナギルリチョッキリ","Neocoenorrhinus (Neocoenorhinidius) interruptus (Voss, 1920)"
"マルガタチビタマムシ","Trachys ineditus E. Saunders, 1873"
"リシリチビゴミムシ","Trechus (Epaphius) ikutanii S. Uéno, 1961"
"クロノコムネキスイ","Henoticus sinensis Bruce, 1943"
"カタモンハナノミ","Mordellaria humeralis Nomura, 1961"
"ケブカヒメカタゾウムシ","Arrhaphogaster pilosa Roelofs, 1873"
"ヒメキマダラコメツキ","Gamepenthes similis (Lewis, 1894)"
"アカクビカミキリモドキ","Indasclera ruficollis (Lewis, 1895)"
"ヒメトホシハムシ","Gonioctena (Gonioctena) takahashii Kimoto, 1963"
"イツヒゲキクイゾウムシ","Pacindonus angustissimus (Wollaston, 1873)"
"ルリオトシブミ","Euops (Riedeliops) punctatostriatus (Motschulsky, 1861)"
"イグチオオキバハネカクシ","Oxyporus germanus Sharp, 1889"
"イシハラカンショコガネ","Apogonia ishiharai Sawada, 1940"
"ホソヒメカネコメツキ","Limonius narukawai (Kishii, 1993)"
"ヤマハンノキコキクイムシ","Eidophelus alniphagus Nobuchi, 1975"
"ソボサンアカコメツキ　本州亜種","Ampedus (Miwaelater) soboensis kiianus Kishii, 1986"
"ヒメヒゲナガカミキリ　九州亜種","Monochamus (Monochamus) subfasciatus meridianus Hayashi, 1955"
"マダラゴモクムシ","Harpalus (Harpalus) pallidipennis A. Morawitz, 1862"
"チャアシヒラタコガシラハネカクシ　北海道亜種","Philonthus (Philonthus) prolatus ezoensis Hayashi, 1993"
"オオシママルヒラタドロムシ　沖縄亜種","Eubrianax amamiensis kimurai Lee, P.-S. Yang & M. Satô, 2001"
"フルミヤメクラチビゴミムシ","Yamautidius (Yamautidius) squamosus S. Uéno, 1982"
"ダイトウサルハムシ","Basilepta borodinensis Kimoto, 1979"
"ウスイロマルノミハムシ","Argopus unicolor Motschulsky, 1860"
"キボシメダカオオキバハネカクシ","Megalopinus (Megalopinus) tomishimai Naomi, 1996"
"カバイロケシキスイ","Plesiothina amplificator (Hisamatsu, 1956)"
"ナギナタオノヒゲアリヅカムシ","Bryaxis naginata Löbl, Kurbatov & Nomura, 1998"
"ツヤオオズナガゴミムシ","Pterostichus (Sphodroferonia) laeviceps N. Ito, 2011"
"ヒメアラゲサルハムシ","Demotina vernalis Isono, 1990"
"サドメクラチビゴミムシ","Oroblemus katorum S. Uéno, 1983"
"アオカメノコハムシ　対馬亜種","Cassida rubiginosa rugosopunctata Motschulsky, 1866"
"チャイロヒメコブハナカミキリ　基亜種","Pseudosieversia japonica japonica (K. Ohbayashi, 1937)"
"クロモンアカコメツキ","Ampedus (Ampedus) sanguinolentus nippon Kishii, 1982"
"メダカクサアリハネカクシ","Pella spreta (Sharp, 1888)"
"ヒサマツヒメマルトゲムシ","Horiella hisamatsui Kitano & Sakai, 2009"
"ネムノキマメゾウムシ","Bruchidius terreus (Sharp, 1886)"
"ウスキボシハナノミ","Hoshihananomia kurosai Chûjô & Nakane, 1955"
"ヤンバルオオイチモンジシマゲンゴロウ","Hydaticus (Prodaticus) yambaruensis Karube, Kitano & Araya, 2023"
"アカイロテントウ","Rodolia concolor (Lewis, 1879)"
"タカサワメクラチビゴミムシ","Allotrechiama (Allotrechiama) tenellus (S. Uéno, 1959)"
"キョウトメクラチビゴミムシ","Trechiama (Trechiama) angulicollis Jeannel, 1954"
"シコクタチゲメダカハネカクシ","Stenus longisetosus Puthz, 1993"
"ヤエヤマツヤドロムシ","Zaitzevia yaeyamana M. Satô, 1963"
"アイドマンコガシラハネカクシ","Philonthus (Philonthus) eidmannianus Scheerpeltz, 1929"
"クロミズベクビボソジョウカイ","Asiopodabrus (Asiopodabrus) nigripalustris (Takahashi, 2002)"
"イセヒゲボソゾウムシ","Phyllobius (Otophyllobius) ichihashii Morimoto & Miyakawa, 2006"
"奄美大島亜種","Himaloconnus klapperichianus amamianus Jałoszyński, 2020"
"テナガクチカクシゾウムシ","Parendymia pilipes Kirsch, 1877"
"ニセイクビハネカクシ","Mycetoporus lepidus (Gravenhorst, 1806)"
"セスジガムシ","Helophorus (Gephelophorus) auriculatus Sharp, 1884"
"ヒメアカセスジハネカクシ","Oxytelus (Oxytelus) migrator Fauvel, 1904"
"オオシマツブタマムシ 基亜種","Paratrachys (Paratrachys) princeps princeps Y. Kurosawa, 1976"
"ギョウトクコミズギワゴミムシ","Tachys (Paratachys) gyotokuensis gyotokuensis Tanaka, 1956"
"ミトウナガゴミムシ","Pterostichus (Nialoe) mitoyamanus Tanaka, 1971"
"イシヅチヌレチゴミムシ","Apatrobus ishizuchiensis (Habu, 1976)"
"オオルリオサムシ　基亜種","Carabus (Acoptolabrus) gehinii gehinii Fairmaire, 1876"
"ツヤハマベエンマムシ","Eopachylopus ripae (Lewis, 1885)"
"シベリアヒメゴモクムシ","Bradycellus (Tachycellus) curtulus (Motschulsky, 1860)"
"スルガオサムシ","Carabus (Ohomopterus) kimurai (Ishikawa, 1966)"
"ユーラシアマルタマキノコムシ","Agathidium (Neoceble) confusum Brisout de Barneville, 1863"
"ハイイロチョッキリ","Cyllorhynchites (Cyllorhynchites) ursulus ursulus (Roelofs, 1874)"
"ヤマジナガタマムシ","Agrilus yamajii Tôyama, 1985"
"ツシマホソキリンゴカミキリ","Oberea (Oberea) vittata Blessig, 1873"
"ヒョウタンゴミムシ","Scarites (Parallelomorphus) aterrimus Morawitz, 1863"
"ヒコサンチビマルトゲムシ","Simplocaria (Simplocaria) oharai Pütz, 2002"
"オキナワフトヒゲナガゾウムシ","Xylinada oshimai Morimoto, 1979"
"オバコスジツヤチビハネカクシ","Edaphus permacer Puthz, 2014"
"ヤマナカヒメハネカクシ","Atheta (Chaetida) subasperata Bernhauer, 1907"
"シマバラヒゲブトハネカクシ","Aleochara (Xenochara) peninsulae Bernhauer, 1936"
"ウコギノコキクイムシ","Ernoporus acanthopanaxi (Niijima, 1913)"
"ヘラオノヒゲアリヅカムシ","Bryaxis platalea Löbl, Kurbatov & Nomura, 1998"
"ホソキアシコガシラナガハネカクシ","Tetartopeus fragilis (Sharp, 1889)"
"クロトゲムネサルゾウムシ","Coelioderes nigrinus (Hong & Woo, 1999)"
"ベニモンキノコゴミムシダマシ　奄美群島亜種","Platydema subfascia nishii Akita & Masumoto, 2015"
"クリイロクチブトゾウムシ","Cyrtepistomus castaneus (Roelofs, 1873)"
"オオキボシゾウムシ","Pissodes galloisi Kono, 1928"
"ホソバネキクイムシ","Xyleborinus andrewesi (Blandford, 1896)"
"アマミキマワリ　徳之島亜種","Plesiophthalmus (Plesiophthalmus) brevipennis makiharai M. T. Chûjô, 1977"
"ベーツナガゴミムシ","Pterostichus (Nialoe) asymmetricus Bates, 1883"
"カシワツツハムシ","Cryptocephalus (Cryptocephalus) scitulus Baly, 1873"
"アワジコバネナガハネカクシ","Lathrobium (Lathrobium) awajiense Y. Watanabe, 2014"
"タカクラチビオオキノコ","Tritoma (Tritoma) takakurai Nakane, 1979"
"セーンソンヒメハネカクシ","Atheta (Suensonia) obsoletepunctata Bernhauer, 1936"
"アマミトゲサルゾウムシ","Scleropteroides horridulus (Voss, 1958)"
"アマミエンマムシ","Merohister uenoi Ôhara, 1992"
"ハネアカナガゴミムシ　赤石岳亜種","Pterostichus (Nialoe) brunneipennis akaishicus Tanaka, 1958"
"ニセヒゲブトヒラタケシキスイ","Epuraea (Epuraea) melina Erichson, 1843"
"ダイセツマメゲンゴロウ","Agabus (Acatodes) congener (Thunberg, 1794)"
"ムネアカメダカカミキリ　対馬亜種","Stenhomalus (Stenhomalus) incongruus parallelus Niisato, 1988"
"アダチヒラタゴミムシ","Agonum (Achaetoprothrax) adachii (Morita, 2004)"
"イツホシテントウダマシ","Panaleies decoratus (Gorham, 1887)"
"エゾメダカチビカワゴミムシ","Asaphidion angulicolle (A. Morawitz, 1862)"
"ニッポンカタスジナガタマムシ","Agrilus japanocarinatus Ohmomo, 2002"
"イブキツチゾウムシ","Trachyphilus ibukianus Morimoto, 2015"
"トゲヒゲナガアリヅカムシ　葛木山亜種","Pselaphogenius spinifer uncinatus Sawada, 1969"
"スズカオオズナガゴミムシ","Pterostichus (Smilodonialoe) akitai Morita, 2004"
"シロコブゾウムシ　対馬亜種","Episomus turritus declivis Faust, 1897"
"タテミゾチビコガシラハネカクシ","Gabronthus sulcifrons (Sharp, 1889)"
"ナガツヤゴモクムシ","Trichotichnus (Trichotichnus) pacificatorius Habu, 1954"
"サイゴクヒゲナガアリヅカムシ　愛媛亜種","Pselaphogenius paradoxus iyonis Nomura, 2000"
"カタツノセスジハネカクシ","Oxytelus (Tanycraerus) puncticeps Kraatz, 1859"
"イカリモンハンミョウ","Abroscelis anchoralis punctatissima (Schaum, 1863)"
"ニホンキマワリ　基亜種","Plesiophthalmus (Plesiophthalmus) nigrocyaneus nigrocyaneus Motschulsky, 1857"
"キタアトキリアリヅカムシ","Batraxis kawaharai Maruyama & Sugaya, 2004"
"キリガミネハムシ","Chrysolina (Erythrochrysa) kirigaminensis K. Suzuki & S. Saitoh, 2011"
"ナラヤブメクラチビゴミムシ","Yamautidius (Yamautidius) edentatus S. Uéno, 1982"
"リュウキュウマルガムシ","Hydrocassis jengi M. Satô, 1998"
"ヤクシマナガゴミムシ","Pterostichus (Sphodroferonia) yakushimaus Nakane & Ishida, 1961"
"ツマフタホシテントウ","Hyperaspis asiatica Lewis, 1896"
"ムナクボホソチビヒラタムシ","Leptophloeus foveicollis Sasaji, 1986"
"ナカイケミヒメテントウ","Scymnus (Neopullus) nakaikemensis Sasaji & Kishimoto, 1996"
"ニッコウマグソコガネ","Aphodius (Agoliinus) tanakai Masumoto, 1981"
"カンボウトラカミキリ　本土亜種","Rhabdoclytus acutivittis inscriptus (Bates, 1884)"
"ナガモリツツハネカクシ","Nacaeus longulus (Sharp, 1874)"
"アシマガリビロウドコガネ","Serica incurvata (Nomura, 1971)"
"カドアカチビオオキノコ","Pseudotritoma tsushimana (Chûjô, 1969)"
"チビアカツツナガハネカクシ","Lobrathium (Lobrathium) riozoi Y. Watanabe, 1972"
"ニセアシナガトビハムシ","Parategyrius unicolor Kimoto & Gressitt, 1966"
"ヨナグニチビヒョウタンゾウムシ","Myosides yonagunianus Morimoto & Lee, 1993"
"キイロシリブトジョウカイ","Yukikoa wittmeri (Nakane, 1963)"
"キボシツツハムシ　基亜種","Cryptocephalus (Cryptocephalus) perelegans perelegans Baly, 1873"
"キアシルリツツハムシ","Cryptocephalus (Cryptocephalus) hyacinthinus Suffrian, 1860"
"アマギスジツヤチビハネカクシ","Edaphus perincommodus Puthz, 2014"
"オオムネアカノミヒゲナガゾウムシ","Choragus malus Johraku, 1953"
"ツヤムネスジミギワハネカクシ","Erichsonius (Sectophilonthus) japonicus (Cameron, 1933)"
"アカバマルクビハネカクシ","Tachinus (Tachinus) gelidus Eppelsheim, 1893"
"チビタマキノコムシ","Zeadolopus japonicus (Champion, 1925)"
"コゲチャナガムクゲキノコムシ","Sindosium japonicum (Sawada, 1965)"
"キバネヨツミゾナガハネカクシ","Phacophallus flavipennis (Kraatz, 1859)"
"ミヤモリミズギワヨツメハネカクシ","Geodromicus (Geodromicus) miyamorii (Y. Watanabe, 1990)"
"サドマルクビゴミムシ　亜種1","Nebria (Sadonebria) sadona leechi Bates, 1889"
"サドマルクビゴミムシ　亜種2","Nebria (Sadonebria) sadona ohdaiensis Nakane, 1957"
"4): 105-106.","Konishi, M., 1956. Cossoninae of the Amami Islands (Col., Curculionidae). Insecta matsumurana, 20(3"
"ナオミヒメコメツキ","Dalopius naomii Kishii, 1981"
"ウスイロツヤヒラタガムシ","Agraphydrus ishiharai (Matsui, 1994)"
"ベニバネテントウダマシ","Mycetina rufipennis rufipennis (Motschulsky, 1861)"
"ヒメゴミムシ　基亜種","Anisodactylus (Anisodactylus) tricuspidatus tricuspidatus Morawitz, 1863"
"ヤマトミジンムシ","Arthrolips japonica (Paulian, 1962)"
"アマミコヒゲナガハナノミ","Ptilodactyla amamioshimana Nakane, 1963"
"シロウズツヤケシコメツキ　基亜種","Megapenthes shirozui shirozui Kishii, 1959"
"フシツノホソエンマムシ","Niponius furcatus Lewis, 1885"
"ヌバタマノクロアトキリゴミムシ","Setolebia nubatama (Habu, 1957)"
"ドロガワアナチビシデムシ","Catops dorogawensis Nakane, 1997"
"オキナワミドリナガタマムシ","Agrilus obscurecinctus Obenberger, 1935"
"キタマダラチビゲンゴロウ","Hygrotus (Hygrotus) inaequalis (Fabricius, 1777)"
"イチウクビボソジョウカイ","Asiopodabrus (Asiopodabrus) ichiuensis Takahashi, 2012"
"イネトゲハムシ","Dicladispa armigera (Olivier, 1808)"
"オオイタコバネナガハネカクシ","Lathrobium (Lathrobium) oitaense Y. Watanabe, 2017"
"ネアカトガリハネカクシ","Medon lewisius (Sharp, 1874)"
"キノコセスジエンマムシ","Onthophilus flavicornis Lewis, 1884"
"ホソアバタウミベハネカクシ","Cafius (Pseudoremus) histrio (Sharp, 1874)"
"カシノコナガキクイムシ","Crossotarsus simplex Murayama, 1925"
"ヒゲブトイクビハネカクシ","Ischnosoma quadriguttatum japonicum Kocian, 2003"
"モリタメクラチビゴミムシ","Kurasawatrechus moritai S. Uéno, 1979"
"イシダクビボソジョウカイ","Asiopodabrus (Asiopodabrus) ishidai (Nakane & Makino, 1990)"
"ウスアカヒゲブトハネカクシ","Aleochara (Xenochara) puberula Klug, 1832"
"オオアシナガトビハムシ","Longitarsus (Longitarsus) nitidus Jacoby, 1885"
"スズキメクラチビゴミムシ","Trechiama (Trechiama) suzukii S. Uéno, 1989"
"アカアシクサアリハネカクシ","Pella kinomurai Maruyama, 2006"
"トカラナガエンマムシ","Platylister (Popinus) unicum (Bickhardt, 1912)"
"タカオメダカカミキリ","Stenhomalus (Stenhomalus) takaosanus K. Ohbayashi, 1958"
"オキナワゴマダラコクヌスト","Kolibacia okinawana Yoshitomi & Lee, 2014"
"ホクベイタマキノコムシモドキ","Clambus vulneratus LeConte, 1879"
"コイチャコバネメダカハネカクシ","Stenus cucumeroides Naomi & Puthz, 2006"
"ホンドカタモンヒメクチキムシ","Mycetochara (Ernocharis) mimica (Lewis, 1895)"
"マキハラヒメハナノミ","Falsomordellina makiharai Tsuru, 2021"
"セスジナガキマワリ　琉球亜種","Strongylium (Strongylium) cultellatum yuwanum Nomura, 1963"
"イカリモンテントウダマシ","Mycetina ancoriger Gorham, 1873"
"ヒゴヒゲナガハナノミ　亜種","Paralichas higoniae gyotokui Nakane, 1963"
"ムツボシアオコトラカミキリ","Humeromaculatus (Humeromaculatus) simillimus (Kraatz, 1879)"
"ジュウジサルゾウムシ","Thamiocolus kraatzi (C. N. F. Brisout de Barneville, 1869)"
"オトベサシゲマルトゲムシ","Curimopsis (Curimopsis) horii Pütz, 2003"
"マルヒゲナガビロウドコガネ","Serica ovata (Nomura, 1971)"
"ヤマオオトゲアリヅカムシ","Lasinus monticola K. Sawada, 1961"
"アリタムネアカコメツキ　基亜種","Ampedus (Miwaelater) aritai aritai Ôhira & M. Satô, 1964"
"ケシアシボソシリアゲハネカクシ","Euryusa (Ectolabrus) hagai Maruyama & Miyake, 2003"
"カクムネヒゲナガハムシ","Cerophysella basalis (Baly, 1874)"
"アカアシノミゾウムシ","Orchestes (Orchestes) sanguinipes Roelofs, 1875"
"ゴマダンコブヒゲボソゾウムシ","Phyllobius (Nipponophyllobius) shigematsui Morimoto & Miyakawa, 2006"
"ヒメオチバアリヅカムシ","Philoscotus venustus Nomura, 1988"
"クロサクロヒメハナノミ","Pseudomordellina kurosai Chûjô, 1957"
"リュウキュウヒゲブトチビシデムシ","Colon (Myloechus) ryukyuense Hoshina & Fukuzawa, 2010"
"アリクイエンマムシ","Margarinotus (Myrmecohister) maruyamai Ôhara, 1999"
"ヤリヒメハネカクシ","Atheta (Dimetrotina) mucronata (Kraatz, 1859)"
"イマサカチビマメコメツキ","Quasimus (Quasimus) imasakai Kishii, 1976"
"ポプライネゾウモドキ","Dorytomus (Alycodes) urakoae (Morimoto & Enda, 1962)"
"ホソスジデオキノコムシ","Ascaphium tibiale Lewis, 1893"
"トフシケシマキムシ","Migneauxia lederi Reitter, 1875"
"ホクリクヒメメダカハネカクシ","Stenus curvaticellus Naomi, 1997"
"フタモンクビナガゴミムシ","Archicolliuris bimaculata nipponica Habu, 1963"
"オオダイオオナガゴミムシ　基亜種","Pterostichus (Nialoe) biexcisus biexcisus Straneo, 1955"
"クロホシメナガヒゲナガゾウムシ","Phaulimia aberrans (Sharp, 1891)"
"ホソチビツヤムネハネカクシ","Heterothops cognatus Sharp, 1874"
"コゲチャムクゲテントウダマシ","Stenotarsus kurosai Nakane, 1981"
"ケナガセマルキスイ","Atomaria (Anchicera) horridula Reitter, 1877"
"ヒメムネトゲアリヅカムシ","Tribasodites coiffaiti (Jeannel, 1958)"
"シンリョクナガタマムシ","Agrilus viridis (Linnaeus, 1758)"
"ウメヤルリミズギワゴミムシ","Bembidion (Ocydromus) umeyai Habu, 1959"
"ムナキホソヒゲナガハムシ　基亜種","Luperus laricis laricis Motschulsky, 1859"
"チビクチカクシゾウムシ","Deiradocranus setosus (Morimoto, 1962)"
"アナバネヒゲナガカミキリ","Mimorsidis yayeyamensis Samuelson, 1965"
"ホソコバネオオハナノミ","Nephrites kurosawai Tôyama & Hatayama, 1985"
"アラメオオズナガゴミムシ","Pterostichus (Sphodroferonia) punctatulus N. Ito, 2011"
"ヒメスジツヤチビハネカクシ","Edaphus beszedesi Reitter, 1914"
"オオシマアオハナムグリ　久米島亜種","Protaetia (Niponoprotaetia) exasperata akitai Masumoto & K. Sakai, 1988"
"ヒバノキクイムシ","Phloeosinus perlatus Chapuis, 1876"
"オガサワラオオヒラアシコメツキ","Ischiodontus boninensis Makihara & Ôhira, 2006"
"ムツテンチビコメツキ","Babadrasterius triangularis (Eschscholtz, 1822)"
"ゴマダンビロウドコガネ","Nipponoserica gomadana Nomura, 1976"
"タカネミヤマメダカゴミムシ","Notiophilus reitteri Spaeth, 1900"
"ラフレイフサヒゲアリヅカムシ","Trisinus raffrayi (Jeannel, 1958)"
"アラメエンマコガネ","Onthophagus (Palaeonthophagus) ocellatopunctatus C. O. Waterhouse, 1875"
"イリオモテキイロクチキムシ","Cistelina iriomotensis (Nakane, 1968)"
"アラメヒゲブトゴミムシダマシ","Luprops cribrifrons (Marseul, 1876)"
"ルリマルクビゴミムシ　知床亜種","Nebria (Boreonebria) shibanaii shiretokoana Nakane, 1960"
"アオチビキマワリモドキ","Tetragonomenes semiviolaceus (Nakane, 1968)"
"リュウキュウツツハムシ　基亜種","Cryptocephalus (Cryptocephalus) loochooensis loochooensis Chûjô, 1935"
"マゴジャクシミゾキノコシバンムシ","Mizodorcatoma magojyakushi Sakai, 1996"
"ソバツブアバタコバネハネカクシ","Nazeris taichii T. Ito, 2008"
"ハコネチビマルトゲムシ","Simplocaria (Simplocaria) hakonensis Takizawa, 1983"
"ヒメオサムシ　鷲尾山亜種","Carabus (Ohomopterus) japonicus yoshiyukii Imura & Mizusawa, 1999"
"コマルキバゴミムシ","Licinus (Tricholicinus) setosus (Sahlberg, 1880)"
"テンタキツヤツチゾウムシ","Asphalmus hoshinai Morimoto, 2015"
"ヤヤコブカギアシゾウムシ","Bagous (Bagous) spiculatus O'Brien & Morimoto, 1994"
"アカミケシデオキノコムシ","Scaphisoma rubrum Reitter, 1877"
"アマミズマルトラカミキリ　徳之島亜種","Xylotrechus (Xylotrechus) reductemaculatus ohtsuboi Fujita, 2010"
"テンサイトビハムシ","Chaetocnema (Tlanoma) concinna (Marsham, 1802)"
"ノコギリカミキリ　屋久島亜種","Prionus insularis yakushimanus Ohbayashi, 1964"
"ミダレクロベニボタル","Cautires geometricus (Kiesenwetter, 1874)"
"トリガイメクラチビゴミムシ","Kurasawatrechus torigaii S. Uéno, 1973"
"アザミナガツツハムシ","Smaragdina quadratomaculata (Jacoby, 1896)"
"エゾモンアリモドキ２","Sapintus (Sapintus) horii Saitô, 2025"
"オオアカアシアカコメツキ","Ampedus (Ampedus) ashiaka Kishii, 1998"
"アヤウタオチバメダカハネカクシ","Stenus incurvatus Naomi & Nomura, 2015"
"セアカヒメヒラタケシキスイ","Epuraea (Micruria) submicrurula Reitter, 1884"
"ダイボサツチカナガハネカクシ","Nipponolathrobium daibosatsu (T. Ito, 2009)"
"シロオビクチボソヒゲナガゾウムシ","Allandrus iriei Morimoto, 1980"
"ツヤヒメマキムシ","Holoparamecus (Holoparamecus) signata Wollaston, 1874"
"シラネサビイロモンキハネカクシ","Protocypus nemotoi (Naomi, 1992)"
"クロズシリホソハネカクシ","Tachyporus (Tachyporus) celatus Sharp, 1874"
"クスベニカミキリ","Pyrestes nipponicus Hayashi, 1987"
"コバネアシベセスジハネカクシ","Anotylus amicus (Bernhauer, 1923)"
"チビイクビチョッキリ","Caenorhinus (Orientarodepus) minimus minimus Kono, 1928"
"オオシマヒサゴクチカクシゾウムシ","Simulatacalles oshimaensis Morimoto & Miyakawa, 1985"
"オオシマツブタマムシ　沖縄石垣亜種","Paratrachys (Paratrachys) princeps chujoi Y. Kurosawa, 1976"
"チャイロチビヒラタカミキリ　基亜種","Phymatodes (Phymatodellus) infasciatus infasciatus (Pic, 1935)"
"アカガネオサムシ　北海道亜種","Carabus (Carabus) granulatus yezoensis Bates, 1883"
"イコマメクラチビゴミムシ","Stygiotrechus itoi Ashida & K. Kitayama, 2003"
"ヨツボシオオキノコ","Eudaemonius tuberculifrons Lewis 1887"
"オオサワカミキリモドキ","Nacerdes (Xanthochroa) osawai (Nakane, 1954)"
"オオチビヒョウタンゴミムシ","Dyschirius (Dyschiriodes) yezoensis yezoensis Bates, 1883"
"ウスモンマルガタテントウダマシ","Dexialia sasajii Narukawa, 2007"
"アネジマヒメカタゾウムシ","Ogasawarazo (Ogasawarazo) anejimaensis Morimoto, 2015"
"オオルリオサムシ　大平山亜種","Carabus (Acoptolabrus) gehinii nishijimai Imura, 1991"
"モリモトメツブテントウ","Sticholotis morimotoi H. Kamiya, 1965"
"アカボシメクラチビゴミムシ","Ishikawatrechus aquilonius S. Uéno, 2008"
"ハラグロランプカミキリモドキ","Eobia (Pareobia) florilega Lewis, 1895"
"オオツノコクヌストモドキ","Gnatocerus (Gnatocerus) cornutus (Fabricius, 1798)"
"マルムネチビキカワムシ","Pseudosphaeriestes niponicus (Lewis, 1895)"
"セダカシギゾウムシ","Curculio (Curculio) convexus (Roelofs, 1875)"
"クロバヒメハナノミ","Pseudomordellistena tsutsui (Nakane, 1956)"
"コナライクビチョッキリ","Deporaus (Roelofsideporaus) unicolor (Roelofs, 1874)"
"クロテンヒラタケシキスイ","Epuraea (Epuraea) argus Reitter, 1894"
"6): 45-46.","藤村俊彦, 1959. セマルヒゲナガゾウムシの食樹. 新昆虫, 12(5"
"ノブオフトカミキリ","Peblephaeus nobuoi (Breuing & K. Ohbayashi, 1966)"
"ホソアナアキゾウムシ","Pimelocerus elongatus (Roelofs, 1873)"
"マルヒゲナガハナノミ","Schinostethus (Schinostethus) brevis (Lewis, 1895)"
"クロホソナガゴミムシ","Pterostichus (Pseudomaseus) ambigenus Bates, 1883"
"チャイロチョッキリ","Aderorhinus crioceroides (Roelofs, 1874)"
"ヤクハナノミ","Yakuhananomia yakui (Kono, 1930)"
"マダラケシツブゾウムシ","Smicronyx (Smicronyx) madaranus Kono, 1930"
"インドムツボシタマムシ","Chrysobothris (Chrysobothris) indica Gory & Laporte, 1873"
"ネグロマグソコガネ","Aphodius (Aparammoecius) pallidiligonis C. O. Waterhouse, 1875"
"サクライメクラチビゴミムシ","Trechiama (Trechiama) inexpectatus S. Uéno, 1980"
"ヤエヤマセスジゲンゴロウ","Copelatus masculinus Régimbart, 1899"
"バンドウツヤヒメコケムシ","Euconnus (Euconnus) impar Sharp, 1886"
"アカエゾキクイムシ","Polygraphus gracilis Niijima, 1909"
"ケマダラカミキリ　本州亜種","Agapanthia (Epoptes) daurica sakaii Hayashi, 1982"
"ムラカミヒメクモゾウムシ","Telephae murakamii Morimoto, 1960"
"ケマダラマルハナノミ","Ora okinawanus (Nakane, 1963)"
"ミヤケチャイロコガネ","Sericania miyakei Nomura, 1960"
"アマミユミアシゴミムシダマシ","Promethis oshimana (Miwa, 1935)"
"ヒメルリゴミムシダマシ","Derosphaerus exularis (Gebien, 1914)"
"マルモンタマゾウムシ","Cionus tamazo Kono, 1930"
"シラカミツヤヒラタゴミムシ","Synuchus (Synuchus) fukuoi Morita, 2022"
"チシマシモフリコメツキ","Actenicerus (Acnitecerus) kurilensis Dolin, 1987"
"キバラマルノミハムシ","Hemipyxis flaviabdominalis Chûjô, 1965"
"ケナガミジンムシダマシ","Aphanocephalus crinitus John, 1968"
"トカラヒサゴゴミムシダマシ","Paramisolampidius tokarensis (Nakane, 1963)"
"アカアシアカハネムシ","Pseudopyrochroa lateralia (Motschulsky, 1860)"
"ミドリサルハムシ","Colaspoides japanus Chûjô, 1956"
"ヒワダクビボソジョウカイ","Asiopodabrus (Japanopodabrus) hiwadanus (Takahashi & Kiriyama, 2000)"
"マルバネサルゾウムシ","Rutidosoma (Rutidosoma) graminosus (Gistel, 1857)"
"カタビロシンジュクチカクシゾウムシ","Eucryptorrhynchus scrobiculatus (Motschulsky, 1853)"
"ダルマコメツキモドキ","Atomarops dharma Sasaji, 1989"
"クロホソチョッキリ","Eugnamptobius (Eugnamptobius) morimotoi (Nakane, 1963)"
"クロサオオヒラタゴミムシ","Platynus (?) kurosai Morita, 2019"
"サツマスジボタル　トカラ亜種","Curtos satsunanus tokarensis Kawashima, 2025"
"ヒメトサカシバンムシ","Anhedobia capucina (Reitter, 1877)"
"ニガキナガタマムシ","Agrilus pusillesculptus Obenberger, 1940"
"プロミネンスカタビロオサムシ","Calosoma (Camedula) prominens LeConte, 1853"
"ツシマチビオオキノコ","Tritoma (Tritoma) michitakai Chûjô, 1960"
"ヤマトカクムネヨツメハネカクシ","Archaeoboreaphilus tateoi (Y. Watanabe, 1988)"
"クロアラハダトビハムシ","Trachytetra nigrita (Ohno, 1961)"
"シロスジドウボソカミキリ　与那国島亜種","Pothyne annulata yonaguniensis Hayashi, 1976"
"イシガキオオシバンムシ","Clada sakaii Kono & Yoshitomi, 2021"
"オグラヒラタゴミムシ","Agonum (Lorostemmoides) ogurae (Bates, 1883)"
"クワヒョウタンゾウムシ","Scepticus konoi Nakamura & Morimoto, 2015"
"ウエノヌレチゴミムシ","Minypatrobus uenoi (Habu, 1972)"
"オオシマヒメジョウカイモドキ","Attalus (Attalus) amami M. Satô, 1986"
"カスガクビボソジョウカイ　基亜種","Asiopodabrus (Nakanepodabrus) kasugensis kasugensis (Nakane & Makino, 1989)"
"カケガワオサムシ　基亜種","Carabus (Ohomopterus) komiyai komiyai (Ishikawa, 1966)"
"アゴヒゲケシデオキノコムシ","Caryoscapha seorsum Löbl, 1965"
"アンナヒゲナガゾウムシ","Illis anna Shibata, 1969"
"アリモドキゾウムシ","Cylas formicarius (Fabricius, 1798)"
"ヤエヤマミツギリゾウムシ","Baryrhynchus (Baryrhynchus) yaeyamensis Morimoto, 1979"
"ムネアカクロコメツキ","Ischnodes sanguinicollis maiko W. Suzuki, 1985"
"クロダイコクアリヅカムシ","Rybaxis nigrescens Jeannel, 1958"
"フッケントラカミキリ　沖縄本島亜種","Kazuoclytus fukienensis yukawai (Makihara, 2004)"
"エサキクチボソコメツキ","Glyphonyx (Glyphonyx) esakii Miwa, 1934"
"オキナワマルムネアリヅカムシ","Triomicrus melini Löbl, Kurbatov & Nomura, 1998"
"カノミドリトラカミキリ","Chlorophorus kanoi Hayashi, 1963"
"ヘリグロチビコブカミキリ","Miccolamia (Isomiccolamia) takakuwai M. Hasegawa & N. Ohbayashi, 2001"
"チョウセンマルクビゴミムシ","Nebria (Orientonebria) coreica Solsky, 1875"
"アラゲヒラタキクイムシ","Lyctoxylon dentatum (Pascoe, 1866)"
"マダラヒメコキノコムシ","Litargops maculosus Reitter, 1889"
"オナガクロハナノミ","Mordella onaga Nomura, 1958"
"イブシヨツメハネカクシ","Planeboreaphilus coriaceoides Shibata, 1970"
"ナスコバネナガハネカクシ","Lathrobium (Lathrobium) nasuense Y. Watanabe, 1992"
"ヒコサンオオコバネナガハネカクシ","Lathrobium (Lathrobium) hikosanense Y. Watanabe, 1998"
"ハスジゾウムシ　基亜種","Cleonis japonica japonica (Faust, 1904)"
"オモゴクビボソジョウカイ","Asiopodabrus (Asiopodabrus) omogoensis Takahashi, 2012"
"ミセンヒメハナカミキリ","Pseudopidonia misenia (S. Saito & A. Saito, 1992)"
"スモンダケシリブトジョウカイ","Yukikoa mashimai Nakamura, 2023"
"ヤクシマメカクシゾウムシ","Mechistocerus yakushimanus Morimoto, 1987"
"ウスグロハナボタル","Plateros nozirianus Nakane, 1969"
"ハマベヒメサビキコリ　喜界島亜種","Agrypnus miyamotoi kikai Kishii, 1985"
"ススキクシヒゲアリヅカムシ","Poroderus similis (Sharp, 1874)"
"ツマグロムネスジハネカクシ","Hesperus (Hesperus) tiro (Sharp, 1874)"
"マサトクビボソジョウカイ","Asiopodabrus (Asiopodabrus) masatoi (Takahashi, 1999)"
"ツツジコブハムシ","Chlamisus laticollis (Chûjô, 1942)"
"フタモンマルケシキスイ","Cyllodes binotatus (Reitter, 1879)"
"カドマルエンマコガネ","Onthophagus (Strandius) lenzii Harold, 1874"
"ケシツブタマムシ","Mastogenius insperatus Y. Kurosawa, 1972"
"チャバネシモフリコメツキ　九州亜種","Actenicerus (Acnitecerus) suzukii kujyu Kishii, 2004"
"カドマルカツオブシムシ","Dermestes (Dermestes) haemorrhoidalis Küster, 1852"
"ホソルリトビハムシ","Aphthonaltica angustata (Baly, 1874)"
"ツマグロカワベハネカクシ","Bledius (?) lucidus Sharp, 1874"
"タカネハナムグリヨツメハネカクシ","Eusphalerum takane Y. Watanabe, 1990"
"アオカナブン　福江島亜種","Rhomborhina (Rhomborhina) unicolor fukueana K. Sakai, 2000"
"イブキナガゴミムシ","Pterostichus (Nialoe) naokii Morita, 2003"
"キョウトカマヒゲアリヅカムシ","Bythoxenites brevipilis Löbl & Kurbatov, 1996"
"クシコメツキ　沖永良部島亜種","Melanotus (Melanotus) legatus erabu Kishii, 1988"
"コマダラミズギワゴミムシ","Bembidion (Notaphus) semipunctatum (Donovan, 1806)"
"ウコンコバネメダカハネカクシ","Stenus ukon Naomi & Puthz, 2006"
"セグロナガクチキ","Hira suturalis Nomura, 1962"
"ダイミョウスジツヤチビハネカクシ","Edaphus daimio Puthz, 2014"
"コゲチャホソヒラタコメツキ","Corymbitodes obuscuripes (Lewis, 1894)"
"サンザシハナゾウムシ","Anthonomus (Anthomorphus) pedicularius (Linnaeus, 1758)"
"キバネニセハムシハナカミキリ","Lemula decipiens Bates, 1884"
"タニガワカンショコガネ","Apogonia tanigawaensis Sawada, 1940"
"ラウスナガクチキ","Melandrya (Emmesa) rausuana Nakane, 1963"
"オキセスジチビハネカクシ","Micropeplus okiensis Y. Watanabe, 1990"
"ミヤマカネコメツキ","Gambrinus montivagus (Lewis, 1894)"
"ナガマルチビゲンゴロウ","Leiodytes kyushuensis (Nakane, 1990)"
"コウホネネクイハムシ","Donacia (Donacia) ozensis Nakane, 1954"
"ノネメクラチビゴミムシ","Trechiama (Trechiama) nonensis S. Uéno, 1995"
"クロナガキクイムシ","Hylastes cunicularius Erichson, 1836"
"ホソキヒラタケシキスイ","Epuraea (Epuraea) oblonga (Herbst, 1793)"
"ダイセツマルトゲムシ","Byrrhus (Byrrhus) fasciatus fasciatus (Forster, 1771)"
"アカカタハナノミ","Mordellaria aurata (Kono, 1928)"
"クロサハナボタル","Plateros kurosai Matsuda, 2008"
"カギアシデオキノコムシ","Scaphidium yasumatsui Shirôzu & Morimoto, 1963"
"クロホシチビヒラタムシ","Notolaemus nigroornatus (Reitter, 1889)"
"ニホンカクムネツツハネカクシ","Neolosus aper (Sharp, 1889)"
"スジシロカミキリ　八重山亜種","Glenea (Glenea) lineata ryukyuensis Breuning & K. Ohbayashi, 1964"
"イシガキズビロキマワリモドキ","Gnesis onoderai Akita & Masumoto, 2013"
"オカヤマハバムネヒメハネカクシ","Pelioptera (?) ocyamensis (Bernhauer, 1914)"
"ツヤマメゴモクムシ","Stenolophus (?) iridicolor Redtenbacher, 1867"
"ケブトハナカミキリ　基亜種","Caraphia lepturoides lepturoides (Matsushita, 1933)"
"チビルリツツハムシ","Cryptocephalus (Burlinius) confusus Suffrian, 1854"
"アカアシオオクシコメツキ　吐噶喇列島亜種","Melanotus (Spheniscosomus) cete tokarensis Ôhira, 1997"
"チュウジョウヒメハナカミキリ","Paleopidonia chujoi (Ohbayashi & Hayashi, 1960)"
"コウヤオチバメダカハネカクシ","Stenus jukata Hromádka, 1982"
"フタホシヒメハナムシ","Litochrus bimaculatus (Matsumura, 1914)"
"マルバヤシツヤゴモクムシ","Trichotichnus (Trichotichnus) marubayashiorum N. Itô, 2005"
"トクヤマメクラチビゴミムシ","Trechiama (Trechiama) misawai Matsui & Matsui, 2010"
"ホソヒゲケブカカミキリ","Eupogoniopsis tenuicornis (Bates, 1884)"
"エゾドウイロミズギワゴミムシ","Bembidion (Bracteon) conicolle Motschulsky, 1844"
"ヤクオオアカコメツキ","Ampedus (Ampedus) yakuensis Kishii, 1976"
"ミツメニンフジョウカイ","Asiopodabrus (Asiopodabrus) nakaoi (Nakane, 1990)"
"タイリクヒラタコケムシ","Veraphis engelmarki niponensis Jałoszyński & Hoshina, 2005"
"スグリゾウムシ","Pseudocneorhinus bifasciatus Roelofs, 1879"
"チャイロヒメハナカミキリ　基亜種","Mumon aegrota aegrota (Bates, 1884)"
"ソボムラサキジョウカイ　基亜種","Themus (Themus) sobosanus sobosanus M. Satô & Ishida, 1982"
"サロベツクロヒラタゴミムシ","Agonum (Agonum) jankowskii Lafer, 1992"
"エゾシロオビドイカミキリ","Mimectatina longipennis Makihara, 2004"
"エゾイクビハネカクシ","Ischnosoma longicorne (Mäklin, 1847)"
"ラッコツヤムネハネカクシ","Quedius (Microsaurus) horii Y. Watanabe, 2003"
"シナカミキリ　基亜種","Eutetrapha sedecimpunctata sedecimpunctata (Motschulsky, 1860)"
"クラマアカコメツキ","Ampedus (Ampedus) kurama Kishii, 1983"
"キバネツヤヨツメハネカクシ","Orochares debilis (Sharp, 1889)"
"ヨツボシオオキスイ","Helota gemmata Gorham, 1874"
"コヒラタホソカタムシ","Bolcocius shibatai Sasaji, 1984"
"キュウシュウクロナガオサムシ　中国地方亜種","Carabus (Leptocarabus) kyushuensis nakatomii Ishikawa, 1966"
"アザミカミナリハムシ","Altica cirsicola Ohno, 1960"
"オンズイシリブトジョウカイ","Yukikoa onzuiensis Takahashi, 2003"
"コクロオバボタル","Lucidina okadai Nakane & Ohbayashi, 1949"
"ヤエヤマホソヒメカタゾウムシ","Neasphalmus ihai (Voss, 1971)"
"アイノシギゾウムシ","Curculio (Curculio) aino (Kono, 1930)"
"ミナミウスイロツツハネカクシ","Clavilispinus exiguus (Erichson, 1840)"
"シコクヒメジョウカイモドキ","Kuatunia chujoi (Wittmer, 1954)"
"カラカネオオキマワリモドキ　伊良部島亜種","Oedemutes (Tamdaous) hirashimai inadai Ando, 2000"
"ムネアカタマキノコシバンムシ","Byrrhodes irregularis Sakai, 1984"
"セスジカクマグソコガネ","Rhyparus azumai azumai Nakane, 1956"
"タニグチコブヤハズカミキリ","Parechthistatus (Mesechthistatus) taniguchii (Seki, 1944)"
"オウシュウハラクボゴミハネカクシ","Calodera protensa Mannerheim, 1830"
"フジマメホソクチゾウムシ","Oxystoma abruptum (Sharp, 1891)"
"キタゴモクムシ","Harpalus (Harpalus) torridoides Reitter, 1900"
"オガサワラホソキコメツキ","Megapenthes kusui (Ôhira, 1973)"
"ヨツボシミズギワゴミムシ","Bembidion (Peryphus) morawitzi Csiki, 1928"
"コブアラゲサルハムシ","Demotina tuberosa Chen, 1935"
"オキナワダエンマルテントウダマシ","Mychothenus hirashimai Sasaji, 1990"
"オオゴマダラコクヌスト","Kolibacia tibialis (Reitter, 1889)"
"カッコウカミキリ","Miccolamia (Miccolamia) cleroides Bates, 1884"
"ツツヒメハネカクシ","Tomoglossa luteicornis (Erichson, 1837)"
"エチゴコキクイムシ","Hypothenemus taihokuensis (Schedl, 1952)"
"タカオケムネチビゴミムシ","Epaphiopsis (Epaphiopsis) hiranoi Morita, 2021"
"シバタチビシデムシ","Catops shibatai Y. Hayashi, 1987"
"ヤエヤマフタイロジョウカイ　石垣島亜種","Lycocerus ryukyuanus ishigakiensis Okushima, 2005"
"ヤエヤマクロホシテントウゴミムシダマシ","Derispia yaeyamana M. T. Chûjô, 1997"
"ホソオチバアリヅカムシ","Philoscotus tenuis Nomura, 1988"
"エダヒゲナガハナノミ　東北亜種","Epilichas flavellatus mutsuensis Nakane, 1958"
"アマミミドリサルハムシ","Colaspoides amamianus Y. Komiya, 1988"
"カタアカベニボタル","Conderis rufohumeralis Nakane, 1958"
"クロマルハナノミ","Odeles wilsoni (Pic, 1918)"
"トゲバカミキリ","Rondibilis (Rondibilis) saperdina (Bates, 1884)"
"ミカワオサムシ　志摩半島北部亜種","Carabus (Ohomopterus) arrowianus murakii Ishikawa & Kubota, 1984"
"ジュウニマダラテントウ","Henosepilachna boisduvali (Mulsant, 1850)"
"コヒラタガムシ","Enochrus (Methydrus) vilis (Sharp, 1884)"
"マエダヤツボシヒゲナガゾウムシ","Deropygus maedai Shibata, 1986"
"ニセヒコサンモリヒラタゴミムシ","Negreum peliotes (Habu, 1974)"
"ニホンナガハナノミダマシ","Eurypogon japonicus Sakai, 1982"
"ニセヒメキノコゴミムシ","Coptodera (Coptoderina) marginata Dupuis, 1912"
"トウホクヒメエンマムシ","Margarinotus (Ptomister) reichardi Kryzhanovskij, 1976"
"カクホソヒラタケシキスイ","Epuraea (Epuraea) rapax Reitter, 1884"
"アオムネスジタマムシ","Chrysodema (Chrysodema) dalmanni (Mannerheim, 1837)"
"ネジレカマヒゲアリヅカムシ","Bythoxenites sulcithorax Tanokuchi, 1990"
"アラメヒゲナガアリヅカムシ","Pselaphogenius debilis (Sharp, 1883)"
"イノウエホソカタムシ","Antibothrus morimotoi Sasaji, 1997"
"オンセンミズギワゴミムシ","Bembidion (Ocydromus) onsen Morita, 2010"
"クメジマキマワリ","Plesiophthalmus (Plesiophthalmus) kumejimensis Masumoto, 1987"
"クサビチビタマムシ","Trachys cuneiferus Y. Kurosawa, 1959"
"サキシマモンアリモドキ","Sapintus (Sapintus) sakishimanus (Nomura, 1964)"
"ハルニレノミゾウムシ","Orchestes (Orchestes) harunire (Morimoto, 1984)"
"アマミホソツツシンクイ","Lymexylon amamianum Y. Kurosawa, 1985"
"ニセナガアシヒゲナガゾウムシ","Habrissus analis analis Morimoto, 1981"
"カスリチビカミキリ","Mimectatina variegata Kusama & Takakuwa, 1984"
"エノキハムシ","Pyrrhalta tibialis (Baly, 1874)"
"キボシメナガヒゲナガゾウムシ","Oxyderes fastigatus (Jordan, 1924)"
"チビハナゾウムシ","Anthonomus (Anthonomus) minor Kojima & Morimoto, 1994"
"ホンドクビカクシゴミムシダマシ　伊豆諸島亜種","Stenochinus bacillus hiroshii Akita & Masumoto, 2015"
"アカハバビロオオキノコ","Neotriplax lewisii (Crotch, 1873)"
"キモトヒメハナノミ","Falsomordellistena (Falsomordellistenoda) kimotoi (Chûjô, 1957)"
"ヒラタホソアリモドキ","Anthicus perileptoides Lewis, 1895"
"ムツヒラタコケムシ","Veraphis sawadai Jałoszyński & Hoshina, 2005"
"アマミズマルトラカミキリ　吐噶喇列島亜種","Xylotrechus (Xylotrechus) reductemaculatus fujitai Takakuwa, 1984"
"オキナワチビジョウカイ　久米島亜種","Malthinus (Malthinus) okinawanus kumejimensis M. Satô, 1985"
"ニイジマトラカミキリ","Xylotrechus (Xylotrechus) emaciatus Bates, 1884"
"コクロヒメゴモクムシ","Bradycellus (Tachycellus) subditus (Lewis, 1879)"
"ハマエンドウタコゾウムシ","Hypera (Hypera) miles (Paykull, 1792)"
"アワアバタコバネハネカク","Nazeris yoshidai Ito, 1996"
"クロツツホソミツギリゾウムシ","Callipareius (Metacidotes) kojimai Morimoto, 1982"
"クワノキクイムシ","Ambrosiophilus atratus (Eichhoff, 1875)"
"ウスモンホソアリモドキ","Omonadus confucii (Marseul, 1876)"
"ドウチビキカワムシ","Lissodema myrmido Marseul, 1876"
"オキナワヒメヒラタタマムシ","Anthaxia (Haplanthaxia) ihanatumi Chûjô, 1970"
"ヤクシマオオクチキゴミムシ","Morionidius insularis Kasahara & Ohtani, 1992"
"ミカドヒゲブトコメツキ","Trixagus micado Reitter, 1921"
"アカソハムシ","Suinzona cyrtonoides (Jacoby, 1885)"
"ヒメホソケシマグソコガネ","Neotrichiorhyssemus boninensis (Nakane, 1960)"
"コルリアトキリゴミムシ","Lebia (Lebia) viridis Say, 1823"
"オチバメダカハネカクシ","Stenus cephalotes Sharp, 1889"
"クロムクゲキノコムシ","Acrotrichis (Flachiana) yazakii Sundt, 1969"
"ニセクロベニボタル","Cautires hyonosen Nakane, 1969"
"アマミアカホシテントウ","Chilocorus amamensis H. Kamiya, 1959"
"ナガツヤヒラタゴミムシ","Synuchus (Synuchus) picicolor Lindroth, 1956"
"オオナガゴミムシ","Pterostichus (Platysma) eschscholtzii (Germar, 1824)"
"ヒョウタンヨツメハネカクシ","Brathinus oculatus Lewis, 1886"
"ソボサンアカコメツキ　基亜種","Ampedus (Miwaelater) soboensis soboensis Ôhira, 1963"
"チシマキカワアリヅカムシ","Bibloporus (Bibloporus) ponderosus Kurbatov, 1991"
"リシリミドリゴモクムシ","Harpalus (Harpalus) rubripes (Duftschmid, 1812)"
"チビセマルホソヒラタムシ","Monanus (Monanus) concinnulus (Walker, 1858)"
"イワタメクラチビゴミムシ","Daiconotrechus iwatai (S. Uéno, 1970)"
"アワクシヒゲベニボタル","Macrolycus (Cerceros) kotuensis Kazantsev, 1993"
"コロボックルヒサゴコメツキ","Hisago korobokkurus (Kishii, 1968)"
"オオキハネナシサビカミキリ","Pterolophia (Pseudale) izumikurana (Hayashi, 1971)"
"オオフトキクイゾウムシ","Phloeophagus orientalis Osella, 1974"
"コカメノコテントウ","Propylea quatuordecimpunctata (Linnaeus, 1758)"
"カバイロコチビシデムシ","Sciodrepoides fumatus (Spence, 1815)"
"ハダニヒメテントウ","Stethorus (Stethorus) pusillus (Herbst, 1797)"
"ヌバタマクロコメツキ","Ampedus (Ampedus) nubatama Kishii, 1988"
"ヤツモンムネビロオオキノコ","Microsternus hisamatsui Nakane, 1981"
"クロモンカクケシキスイ","Pocadius nobilis Reitter, 1873"
"チュウジョウクビボソジョウカイ","Asiopodabrus (Nakanepodabrus) chujoi Takahashi, 2012"
"クロクシコメツキ　基亜種","Melanotus (Melanotus) senilis senilis Candèze, 1865"
"Amystax urara","Amystax urara Kojima & Yôro, 2020"
"オオクニイネゾウモドキ","Procas biguttatus Faust, 1882"
"エゾヘリハネムシ","Ischalia (Ischalia) arakii Saitô, 2003"
"ルイスナカボソタマムシ　基亜種","Coraebus rusticanus rusticanus Lewis, 1893"
"ルイスツヤムネハネカクシ","Quedius (Distichalius) lewisius Sharp, 1874"
"オオタツマアカヒメテントウ","Scymnus (Pullus) rectus (Ohta, 1929)"
"オオミドリヒメコメツキ","Vuilletus crebrepunctatus (Nakane, 1959)"
"ココクゾウムシ","Sitophilus oryzae (Linnaeus, 1763)"
"モミカタアカジョウカイモドキ","Omineus toyoshimai Young & M. Saitô, 2017"
"ヨシダヒメハネカクシ","Atheta (Microdota) yoshidai Sawada, 1974"
"オオヒラタトックリゴミムシ","Brachyodes virens (Wiedemann, 1823)"
"ウスキホソナガクチキ","Phloiotrya (Phloiotrya) tenuis (Hampe, 1850)"
"ネジレヒゲアリヅカムシ","Takaorites torticornis Jeannel, 1958"
"チゴコクロコメツキ","Ampedus (Ampedus) chigo Kishii, 1992"
"ホソツツリンゴカミキリ","Oberea (Oberea) nigriventris nigriventris Bates, 1873"
"アラゲマダラノミゾウムシ","Orchestes (Orchestes) villosus (Morimoto, 1984)"
"ルリツツカッコウムシ","Tenerus lewisi Lohde, 1899"
"シコクオオアオハムシダマシ","Arthromacra shiraishii Imasaka, 2005"
"ニセミヤマカレキゾウムシ","Trachodes (Atrachodes) simulator Morimoto & Miyakawa, 1995"
"サンカクスジコガネ","Anomala triangularis Schönfeldt, 1890"
"ケブカサルハムシ","Fidia lewisi (Baly, 1878)"
"ワタラセミズギワアリモドキ","Anthicus (Odacanthicus) watarasensis watarasensis Sakai & Ohbayashi, 1994"
"ニセヒメナガヒラタムシ","Tenomerga trabecula Neboiss, 1984"
"マスゾウメクラチビゴミムシ","Suzuka masuzoi S. Uéno, 1989"
"コウノゴマフカミキリ　沖縄島亜種","Mesosa (Mesosa) konoi okinawana Hayashi, 1960"
"ダンダラテントウ","Menochilus sexmaculata (Fabricius, 1781)"
"タイワンカタハリナガツツハムシ","Aetheomorpha taiwana Chûjô, 1952"
"クリイロケシデオキノコムシ","Scaphisoma castaneipenne Reitter, 1877"
"クロマルカブト","Alissonotum pauperum (Burmeister, 1847)"
"フジナガハムシダマシ","Macrolagria rufobrunnea (Marseul, 1876)"
"アシブトゾウムシ","Endaeus nipponicus Voss & Chûjô, 1960"
"イネミズゾウムシ","Lissorhoptrus (Lissorhoptrus) oryzophilus Kuschel, 1951"
"ムネスジコガシラハネカクシ","Eccoptolonthus rutiliventris (Sharp, 1874)"
"ニッポンアシブトゾウムシ","Ochyromera nipponica Kojima & Morimoto, 1996"
"ジュンサイヒラタゴミムシ","Agonum (Agonum) sculptipes (Bates, 1883)"
"クシヒゲフトコメツキダマシ","Otho nipponicus Fleutiaux, 1923"
"ヒメツヤツツキノコムシ","Octotemnus parvulus Miyatake, 1954"
"クナシリヘリハネムシ","Ischalia (Ischalia) kunashirica Nikitsky, 1994"
"ハママスサシゲマルトゲムシ","Curimopsis (Curimopsis) hokkaidoensis Pütz, 2003"
"ヒメタケナガシンクイ","Dinoderus (Dinoderus) bifoveolatus (Wollaston, 1858)"
"ホンシュウコケホソハネカクシ","Leptusa (Dysleptusa) honshuica Assing, 2002"
"クロコメツキダマシ","Euryptychus vicinus Fleutiaux, 1923"
"ソネメクラチビゴミムシ","Kurasawatrechus sonei S. Uéno, 1992"
"ヒメオビキノコゴミムシダマシ","Platydema nigropicta Nakane, 1963"
"クロツブエンマムシ","Chaetabraeus (Chaetabraeus) bonzicus (Marseul, 1873)"
"ツシマヒメボタル","Luciola unmunsana Doi, 1931"
"クロコバネジョウカイ","Trypherus (Trypherus) nigrinus Brancucci, 1985"
"ヒロゴモクムシ","Harpalus (Harpalus) corporosus (Motschulsky, 1861)"
"ヨツコブサビコメツキ","Lacon quadrinodatus Lewis, 1894"
"フチトリアツバコガネ","Phaeochrous emarginatus emarginatus Laporte, 1840"
"ヒトスジヒメマキムシ","Stephostethus pandellei Brisout de Barneville, 1863"
"カバコフマルクビハネカクシ","Tachinus (Tachinus) kabakovi Veselova, 1990"
"ツツチビヒゲナガゾウムシ","Noxius japonicus Morimoto, 1981"
"ザイシンヒメメダカハネカクシ","Stenus zaishin Naomi, 1990"
"スギノコキクイムシ","Cryphalus cryptomeriae Niijima, 1908"
"カスガキモンカミキリ","Paramenesia kasugensis (Seki & Kobayashi, 1935)"
"ムネモンチャイロトラカミキリ","Xylotrechus (Xylotrechus) hircus (Gebler, 1825)"
"アマミミドリカッコウムシ","Callimerus prasinatus (Lewis, 1896)"
"アオモリゾウキカワノキクイムシ","Scolytus aomoriense Nobuchi, 1973"
"クロヘリツヤコメツキ","Ludioschema vittiger fuscomarginatum (Lewis, 1896)"
"メンガタアリヅカムシ","Batrisceniola semipunctata (Raffray, 1909)"
"タカシチビヒゲブトハネカクシ","Aleochara (Tinotus) takashii Yamamoto & Maruyama, 2016"
"ニセツヤケシヒゲブトハネカクシ","Aleochara (Emplenota) segregata Yamamoto & Maruyama, 2012"
"チュウジョウナガスネトビハムシ","Psylliodes (Psylliodes) chujoe Madar, 1960"
"ネブトクワガタ　トカラ中之島亜種","Aegus laevicollis asaii Murayama & Shimizu, 2004"
"シロウズツヤケシコメツキ　本土亜種","Megapenthes shirozui narukawai Kishii, 2006"
"ネブトクワガタ　奄美大島亜種","Aegus laevicollis taurulus Didier, 1928"
"ヒラタサシゲホソカタムシ","Cerchanotus orientalis (Ślipiński, 1985)"
"キアシチビツツハムシ","Cryptocephalus (Burlinius) exiguus amiculus Baly, 1873"
"ルイスヒメミズギワヨツメハネカクシ","Lesteva lewisi Cameron, 1930"
"キアシダニヒメテントウ","Stethorus (Stethorus) siphonulus Kapur, 1948"
"ヤノホソコミズギワゴミムシ","Lymnastis yanoi Nakane, 1963"
"トゲバネモリヒラタゴミムシ","Loxocrepis obscuritarsis (Chaudoir, 1879)"
"コクロヒラタガムシ","Crephelochares abnormalis (Sharp, 1890)"
"ゴトウメクラチビゴミムシ","Gotoblemus (Gotoblemus) ii S. Uéno, 1970"
"ヒョウノセンヒメハナノミ","Falsomordellistena (Falsomordellistenoda) hyonosen Tsuru, 2020"
"アマミハリムネモモブトカミキリ","Ostedes (Ostedes) densepunctata Hayashi, 1962"
"カドコブホソヒラタムシ","Ahasverus advena (Waltl, 1834)"
"サクラヒメメダカハネカクシ","Stenus sakura Hromádka, 1979"
"ミナミマンネンタケシバンムシ","Dimorphotheca albomarginata Sakai, 1996"
"マメフチトリコメツキダマシ","Rhagomicrus marginatus (Fleutiaux, 1923)"
"ルイスツノヒョウタンクワガタ","Nigidius lewisi Boileau, 1905"
"セスジクビボソハムシ","Oulema (Oulema) atrosuturalis (Pic, 1923)"
"キソクビボソジョウカイ　東北地方亜種","Asiopodabrus (Asiopodabrus) kiso imasakai Takahashi & Okushima, 1999"
"アシボソネクイハムシ","Donacia (Donaciomima) sparganii gracilipes Jacoby, 1885"
"サザレオメクラチビゴミムシ","Ishikawatrechus orientalia S. Uéno, 2008"
"ツバキノコキクイムシ","Eidophelus camelliae (Nobuchi, 1975)"
"ヤエヤマサビコメツキ","Lacon yayeyamanus (Miwa, 1934)"
"フタキボシカネコメツキ","Gambrinus kraatzi nihonicus Kishii, 1966"
"ウスアヤカミキリ　尖閣諸島亜種","Bumetopia oscitans senkakuana Hayashi, 1972"
"セマルツヤアリモドキ","Macrotomoderus clavipes (Champion, 1890)"
"トゲヒゲナガアリヅカムシ　基亜種","Pselaphogenius spinifer spinifer Sawada, 1969"
"ミヤマヒサゴコメツキ　八溝山亜種","Homotechnes motschulskyi yamizo (Kishii, 1989)"
"カグヤヒメハナノミ","Pseudomordellistena kaguyahime (Nomura & Katô, 1957)"
"コヨツボシアトキリゴミムシ","Dolichoctis rotundata Schmidt-Göbel, 1846"
"キュウシュウヒメクモゾウムシ","Podeschrus signatus Roelofs, 1875"
"ハラトゲナガゴミムシ　基亜種","Pterostichus (Nialoe) spiculifer spiculifer Bates, 1883"
"クロクチカクシゾウムシ","Catagmatus japonicus Roelofs, 1875"
"アトジロマダラヒゲナガゾウムシ","Acorynus singularis Shibata, 1963"
"オオムネアカチビナカボソタマムシ","Nalanda lagerstraemiae Ohmomo & Akiyama, 1989"
"ツヤミドリヒメコメツキ","Vuilletus yamazakii Ôhira, 1987"
"ケブカトゲアシヒゲボソゾウムシ","Phyllobius (Odontophyllobius) armatus Roelofs, 1879"
"イシズチキノカワゴミムシ","Leistus (Pogonophorus) kozakai Perrault, 1984"
"マツヤマムカシゲンゴロウ","Phreatodytes shiki Yanagi & Akita, 2025"
"オオウスカバイロコメツキ　中琉球亜種","Chatanayus insularis isaoi (Kishii, 1973)"
"フタモンヒメサビカミキリ","Sybra (Microzotale) distincta Takakuwa, 1984"
"マツコブキクイゾウムシ","Xenomimetes destructor Wollaston, 1873"
"ココノホシテントウ","Coccinella (Coccinella) explanata Miyatake, 1963"
"ビカラハヤシメダカハネカクシ","Stenus bicara Naomi, 1988"
"キノコヒゲナガゾウムシ　台湾亜種","Euparius oculatus formosanus Jordan, 1912"
"ヤマトエグリゴミムシダマシ","Uloma (Uloma) lewisi Nakane, 1956"
"キベリハナボタル","Plateros marginicollis Nakane, 1969"
"サケオヒメハナノミ","Glipostenoda excisa Nomura, 1967"
"ホシマルカツオブシムシ","Anthrenus (Florilinus) maculifer Reitter, 1881"
"オキナワテングアリヅカムシ","Tenguobythus pentagonus Arai & Nomura, 2007"
"サトウホソキコメツキ","Procraerus satoi Ôhira, 2003"
"ハヤチネコキクイムシ","Cryphalus sordidus (Nobuchi, 1975)"
"クメジマヒメコケムシ","Euconnus (Euconnus) kumejimensis Hoshina, 2013"
"タマニーニケシデオキノコムシ","Scaphisoma tamaninii Löbl, 1965"
"トゲマグソコガネ","Caelius denticollis Lewis, 1895"
"オオスミヒゲナガカミキリ","Dolichoprosopus sameshimai N. Ohbayashi, 2001"
"オガサワラチビクワガタ　基亜種","Figulus boninensis boninensis Nakane & Y. Kurosawa, 1953"
"ゼンジョウメクラチビゴミムシ","Awatrechus religiosus S. Uéno, 1957"
"カミヤチビシギゾウムシ","Balanobius (Balanobius) kamiyai (Morimoto, 1962)"
"ツシマミズギワコメツキ","Fleutiauxellus (Migiwa) tsusimensis (Kishii, 1976)"
"キュウシュウチビトラカミキリ　伊豆諸島亜種","Perissus kiusiuensis hisamatsui K. Ohbayashi, 1958"
"ミズアトキリゴミムシ","Apristus secticollis Bates, 1873"
"ホソツヤヒラタコメツキ　基亜種","Liotrichus (Liotrichus) hypocrita hypocrita (Lewis, 1894)"
"ナガヒサゴムクゲキノコムシ","Cissidium elongatum Sawada, 2008"
"アオバネホソクビゴミムシ","Brachinus (?) aeneicostis Bates, 1883"
"サワラツヤツチゾウムシ","Asphalmus sawaraensis Morimoto, 2015"
"チカコバネナガハネカクシ","Nipponolathrobium yozawanum (Y. Watanabe, 1980)"
"カギモンミドリホソトラカミキリ","Rhaphuma amamiensis Hayashi, 1983"
"クロオビトゲムネカミキリ　沖縄亜種","Sciades (Estoliopus) fasciatus okinawanus Ohbayashi, 1984"
"パークホソカタムシ","Euxestus parki Wollaston, 1858"
"ヤンバルオチバゾウムシ","Otibazo hoshinai Yoshitake, 2021"
"ヒュウガハナボタル","Plateros hyuganus (Nakane, 1995)"
"シナノヒメコバネナガハネカクシ","Lathrobium (Lathrobium) shinanense Y. Watanabe, 2011"
"クロキクスイカミキリ","Stenostola nigerrima (Breuning, 1947)"
"セスジヒメハナカミキリ　中部北域・東北南域亜種","Cryptopidonia amentata awashimana (Kuboki, 1993)"
"アサゴメクラチビゴミムシ","Trechiama (Trechiama) asagonis Ashida, 2005"
"コガタフチトリコメツキダマシ","Microrhagus mystagogus (Fleutiaux, 1923)"
"ツヤヒメミゾコメツキダマシ","Dromaeolus rufulus Fleutiaux, 1923"
"アマミケシデオキノコムシ","Scaphisoma insulanum Löbl, 1982"
"シリブトチョッキリ","Chokkirius truncatus (Sharp, 1889)"
"アトモンアオゴミムシ","Chlaenius (Ocybatus) bioculatus Chaudoir, 1856"
"ヒサマツサイカブトムシ","Oryctes (Rykanes) hisamatsui Nagai, 2002"
"ヨドシロヘリハンミョウ","Callytron inspeculare (W. Horn, 1904)"
"コウヅキメクラチビゴミムシ","Trechiama (Trechiama) carinatus S. Uéno & M. Mori, 2000"
"ベニボシカミキリ","Rosalia (Eurybatus) lesnei Boppe, 1911"
"ツツムネチョッキリ","Involvulus (Involvulus) cylindricollis (Schilsky, 1906)"
"エゾヒメハナノミ","Pseudomordellistena yezoensis (Chûjô, 1957)"
"ホコリタケケシキスイ","Physoronia (Pocadiodes) japonica (Reitter, 1873)"
"キリズミハナムグリヨツメハネカクシ","Eusphalerum kirizumiense Y. Watanabe, 1990"
"キベリチビゴモクムシ","Dicheirotrichus (Trichocellus) tenuimanus tenuimanus (Bates, 1873)"
"トノノメクラチビゴミムシ","Kusumia hybrida Ashida, 2025"
"トドマツアナアキゾウムシ","Pimelocerus insularis (Kono, 1928)"
"ツマグロコメツキ","Ampedus (Miwaelater) niponicus (Lewis, 1894)"
"エゾキクイムシ","Polygraphus jezoensis Niijima, 1909"
"ハモグリゾウムシ","Ellescus bicoloripes (Voss & Chûjô, 1960)"
"スネアカヒゲナガゾウムシ","Autotropis distinguenda (Sharp, 1891)"
"トビラジョウカイ","Lycocerus tobiranus (Okushima & Imasaka, 2000)"
"ギョウジャホソクロコメツキ","Ampedus (Ampedus) gyojya Kishii, 2004"
"ヒラノクロヒメジョウカイ","Rhagonycha (Rhagonycha) hiranoi Takahashi, 2021"
"キンスジコガネ","Mimela holosericea (Fabricius, 1789)"
"ホソヒゲカタアリヅカムシ","Tmesiphorus kinomurai Inoue, Maruyama & Nomura, 2019"
"ナスナガスネトビハムシ","Psylliodes (Psylliodes) viridata Motschulsky, 1858"
"キタヒメミズギワヨツメハネカクシ","Lesteva miyabi Y. Watanabe, 1990"
"ホンシュウチビマルヒゲナガハナノミ","Macroeubria similis Lee, P.-S. Yang & M. Satô, 1997"
"キイロミヤマカミキリ","Margites (Margites) fulvidus (Pascoe, 1858)"
"サクライクロナガゴミムシ","Pterostichus (Eosteropus) sakuraii Morita, 2008"
"タテジマホソハナカミキリ","Parastrangalis tenuicornis (Motschulsky, 1862)"
"エゾクロツヤミズギワコメツキ　基亜種","Fleutiauxellus (Fleutiauxellus) yezoensis yezoensis Ôhira, 1973"
"カサハラハムシ","Demotina modesta Baly, 1874"
"ハコネツブノミハムシ","Aphthona hakonensis Takizawa, 2012"
"キベリヒラタガムシ","Enochrus (Methydrus) japonicus (Sharp, 1873)"
"イシガキゴマフカミキリ　波照間島亜種","Mesosa (Mesosa) yonaguni kashiwaii Kusama & Takakuwa, 1984"
"イシヅチコバネナガハネカクシ","Lathrobium (Lathrobium) hisamatsui Y. Watanabe & Yoshida, 2009"
"キンケツツヒメゾウムシ","Phaenomerus foveipennis (Morimoto, 1961)"
"クロオビマダラヒゲナガゾウムシ","Acorynus asanoi asanoi (Nakane, 1963)"
"オオクロツヤゴモクムシ","Trichotichnus (Trichotichnus) lewisi Schauberger, 1936"
"ナガトゲバゴマフガムシ","Berosus (Enoplurus) elongatulus elongatulus Jordan, 1894"
"ナガヒゲナガゾウムシ","Tropideres cyaneotergum Oda, 1979"
"ダイセツセマルヨツメハネカクシ","Mannerheimia yasudai Y. Watanabe, 1990"
"ヒコサンチビジョウカイ","Malthodes (Maltharchus) hikosanus Takakura, 1988"
"八重山亜種","Himaloconnus klapperichianus yaeyamensis Jałoszyński, 2020"
"ミヤケツツヒラタムシ","Ancistria miyakei Aoki & Hoshina, 2019"
"ダイセンマルヒメドロムシ","Heterlimnius masakazui (Kamite, 2015)"
"ババホシナシテントウ","Hyperaspis amurensis babai H. Kamiya, 1963"
"ムネアカチビナカボソタマムシ　琉球亜種","Nalanda rutilicollis ryukyuensis Y. Kurosawa, 1985"
"トゲクロツツキクイゾウムシ","Magdalis (Odontomagdalis) carbonaria (Linnaeus, 1758)"
"コゲチャトゲフチオオウスバカミキリ","Bandar pascoei formosae (Gressitt, 1938)"
"モンセマルホソヒラタムシ","Cryptamorpha desjardinsii (Guérin-Méneville, 1844)"
"ニセホソアシナガタマムシ","Agrilus adelphinus Kerremans, 1895"
"ヤツミズギワゴミムシ","Bembidion (?) yatsuense Morita, 2009"
"サウタケダルマガムシ","Hydraena (Hydraenopsis) sautakei Jäch & Díaz, 1999"
"セダカコミズギワゴミムシ","Elaphropus nipponicus (Habu & Baba, 1967)"
"ナガコケシジョウカイモドキ","Semijulistus elongatus (Nakane, 1981)"
"ベニモンゴマフカミキリ　奄美亜種","Pachyosa itoi fukidai (Fujita, 2023)"
"タマヌキクチカクシゾウムシ","Shirahoshizo tananukii (Kono, 1938)"
"エグリバネヒゲナガゾウムシ","Autotropis basipennis (Sharp, 1891)"
"コクロコメツキダマシ","Euryptychus lewisi Fleutiaux, 1923"
"アカヒゲコケホソハネカクシ","Leptusa (Drepanoleptusa) ruficornis Cameron, 1933"
"クスイツヤケシコメツキ","Megapenthes yoshihisai Arimoto, 2012"
"アトモンマルガタテントウダマシ","Dexialia spectabilis Sasaji, 1984"
"オクエゾモモブトハムシ","Zeugophora cupka Takemoto, 2019"
"ダイヒザンナガゴミムシ","Pterostichus (Nialoe) daihizanus Ishida, 1968"
"ウスイロキクイムシ","Hylurgops palliatus (Gyllenhal, 1813)"
"マグソクワガタ","Nicagus japonicus Nagel, 1928"
"コトヒメハナカミキリ","Cryptopidonia lyra (Kuboki & Suzuki, 1978)"
"フタホシヒラタガムシ","Enochrus (Holcophilydrus) umbratus (Sharp, 1884)"
"ヒミセメクラチビゴミムシ","Ryugadous (Ryugadous) awanus S. Uéno, 1969"
"キマダラヒメヒゲナガカミキリ","Monochamus (Monochamus) maruokai Hayashi, 1962"
"キタアシベメダカハネカクシ","Stenus bifoveolatus Gyllenhal, 1827"
"クロツヤハダコメツキ　口永良部島亜種","Hemicrepidius (Hemicrepidius) secessus okadomei Ôhira, 1966"
"チャウスメクラチビゴミムシ","Kusumia insperata S. Uéno & Naitô, 2005"
"ヤハズカミキリ　男女列島亜種","Uraecha bimaculata brevicornis Makihara, 1980"
"シララカハナカミキリ","Judolia parallelopipeda (Motschulsky, 1860)"
"サツマコフキコガネ　基亜種","Melolontha (Melolontha) satsumaensis satsumaensis Niijima & Kinoshita, 1923"
"オオヒメマキムシ","Dienerella (Dienerella) argus (Reitter, 1884)"
"アオバチビオオキノコ","Triplax amoena Solsky, 1871"
"ヤマトヒゲナガアリヅカムシ","Pselaphaulax japonicus (Raffray, 1909)"
"サイトムカシゲンゴロウ","Phreatodytes archaeicus S. Uéno, 1996"
"コクワガタ　屋久島亜種","Dorcus rectus yakushimaensis Tsuchiya, 2003"
"クロスジアトキリゴミムシ","Anchista binotata (Dejean, 1825)"
"オオヒラタハナムグリ","Neovalgus fumosus (Lewis, 1887)"
"ヤマトケシデオキノコムシ","Scaphisoma japonicum Löbl, 1965"
"ホズミクビボソジョウカイ","Asiopodabrus (Asiopodabrus) hozumii (Nakane & Makino, 1990)"
"ヒサゴムクゲキノコムシ","Cissidium matthewsi Johnson, 2007"
"ヤマトヒゲブトアリヅカムシ","Diartiger spinipes Sharp, 1883"
"カラカネハマベエンマムシ","Hypocaccus (Hypocaccus) lewisii (J. Schmidt, 1890)"
"ムナビロマルクチカクシゾウムシ","Orochlesis amplicollis Morimoto & Miyakawa, 1985"
"ペックケシデオキノコムシ","Scaphisoma pecki Löbl, 1982"
"ヤマトチビケシキスイ","Sagittogethes hoffmanni (Reitter, 1871)"
"タカラヒメテントウ","Scymnus (Pullus) takaraensis Nakane & M. Araki, 1959"
"ヒゼンコバネナガハネカクシ","Lathrobium (Lathrobium) suzukii Y. Watanabe, 2011"
"オオシマビロウドカミキリ　基亜種","Acalolepta oshimana oshimana (Breuning, 1954)"
"ユワンマメコメツキ","Quasimus (Miquasus) arimotoi (Ôhira, 2002)"
"ヒラノカクムネトビハムシ","Neocrepidodera hiranoi Takizawa, 2021"
"ウスグロヒメミズギワヨツメハネカクシ","Lesteva japonica Y. Watanabe, 1990"
"シラハタキバナガゴミムシ","Stomis (Stomis) zaonus Habu, 1954"
"クロツヤチビケシキスイ","Thymogethes nitidicollis (Reitter, 1873)"
"コエレスティスルリボシカミキリ","Rosalia (Rosalia) coelestis yanagii Fujita & Akita, 2020"
"スカガワイドケシゲンゴロウ","Dimitshydrus typhlops S. Uéno, 1996"
"ミスジヒシベニボタル","Benibotarus (Benibotarus) spinicoxis (Kiesenwetter, 1874)"
"エゾムネボソヨツメハネカクシ","Boreaphilus hokkaidensis Zerche, 1993"
"フトアゴエグリゴミムシ","Pseudozaena orientalis (Klug, 1831)"
"チビマルガムシ","Paracymus orientalis d'Orchymont, 1925"
"クチナガケブカキクイゾウムシ","Himatium (Himatium) morimotoi (Konishi, 1962)"
"クロオオコガシラハネカクシ","Philonthus (Philonthus) japonicus Sharp, 1874"
"アワヒゲブトチビシデムシ","Colon (Colon) yoshidai Hoshina, 2009"
"セマルタマキノコムシ","Cyrtoplastus seriepunctatus (Brisout, 1867)"
"クロガネネクイハムシ","Donacia (Donaciomima) flemola Goecke, 1944"
"クロミズギワゴミムシ","Bembidion (Trichoplataphus) oxyglymma Bates, 1883"
"コケシジョウカイモドキ","Semijulistus spectabilis (Lewis, 1895)"
"キイロフナガタコメツキ","Heteroderes inexpectatus Kishii, 1969"
"ネアカミズアトキリゴミムシ","Apristus rufiscapis Bates, 1873"
"ハスオビオオキバハネカクシ","Oxyporus triangulus Sharp, 1889"
"アサヒナガチビゴミムシ","Trechiama (Trechiama) solorientis S. Uéno, 2001"
"ノムラスジツヤチビハネカクシ","Edaphus nomurai Puthz, 2010"
"サイカイマルクチカクシゾウムシ","Orochlesis simulata Tsuji & Yoshitake, 2020"
"キベリマルヒサゴコメツキ　北海道亜種","Hypolithus littoralis convexus (Miwa, 1928)"
"ナガメダカハネカクシ","Stenus clavicornis (Scopoli, 1763)"
"クニサキオオコバネナガハネカクシ","Lathrobium (Lathrobium) denchu Sato & Maruyama, 2023"
"フトゴモクムシ","Chydaeus constrictus (Bates, 1883)"
"シロオビナカボソタマムシ","Coraebus quadriundulatus Motschulsky, 1866"
"フタモンカタホソヨツメハネカクシ","Philydrodes (Minyphilydrodes) biguttatus Y. Watanabe, 1990"
"ナミテントウ","Harmonia axyridis (Pallas, 1773)"
"ヨシダビロウドコガネ","Serica yoshidai (Nomura, 1959)"
"タカネツヤゴモクムシ","Trichotichnus (Trichotichnus) alpinus Morita, 1997"
"ミナミイオウトラカミキリ　基亜種","Chlorophorus minamiiwo minamiiwo M. Satô & N. Ohbayashi, 1982"
"カタクボホソナガクチキ","Phloeotrinus (Phloeotrinus) filiformis (Marseul, 1876)"
"トトロマルムネコケムシ","Stenichnus (Stenichnus) totoro Jałoszyński, 2004"
"ヨシイヒメハネカクシ","Acrotona yoshii (Sawada, 1970)"
"オオシマセンチコガネ　徳之島亜種","Phelotrupes (Eogeotrupes) oshimanus yukiae Ochi, Togushi & Kawahara, 2022"
"コホテイケシデオキノコムシ","Scaphobaeocera inexpectata Löbl, 1981"
"シロテンハナムグリ　台湾亜種","Protaetia (Calopotosia) orientalis sakaii Kobayashi, 1994"
"エゾナガヒゲカミキリ","Hirtaeschopalaea nubila (Matsushita, 1933)"
"ツヤバネヒメハネカクシ","Neodimetrota aeneipennis Thomson, 1856"
"コミツノゴミムシダマシ","Toxicum subtricornutum M. T. Chûjô, 1978"
"コクロツヤヒゲナガハナノミ","Anchycteis miyatakei (Nakane, 1952)"
"ヨツモンミゾアシノミハムシ","Hemipyxis balyi yaeyamana Kimoto, 1978"
"スソアカオオメコガシラハネカクシ","Mentophilonthus notabilis (Kraatz, 1859)"
"ウスアヤカミキリ　宮古亜種","Bumetopia oscitans sakishimana Hayashi, 1966"
"アカクビナガオトシブミ","Morphocorynus nigricollis (Roelofs, 1874)"
"アカホシクロヒラタケシキスイ","Ipidia (Hemipidia) octusis (Reitter, 1919)"
"ツツコメツキダマシ","Cafolus carinicollis (Fleutiaux, 1923)"
"スルガナガゴミムシ","Pterostichus (Sphodroferonia) suruganus Nakane & Straneo, 1979"
"ハガクビボソジョウカイ","Asiopodabrus (Asiopodabrus) hagai Takahashi, 2012"
"ヒザグロナガメダカハネカクシ","Stenus distans Sharp, 1889"
"ヒロオビモンシデムシ","Nicrophorus investigator Zetterstedt, 1824"
"ヒラタコガシラハネカクシ","Philonthus (Philonthus) spadiceus Sharp, 1889"
"オオダイオオコバネナガハネカクシ","Lathrobium (Lathrobium) ohdaiense Y. Watanabe, 1998"
"ナラヒラタキクイムシ","Lyctus (Lyctus) linearis (Goeze, 1777)"
"キタマツノキクイムシ","Tomicus puellus (Reitter, 1895)"
"キマダラカミキリ　徳之島沖縄亜種","Aeolesthes (Pseudaeolesthes) chrysothrix kurosawai (Gressitt, 1965)"
"ミズノアカコメツキ","Ampedus (Ampedus) mizunoi Kishii, 1996"
"イシガキコアオハナムグリ　基亜種","Gametis ishigakiana ishigakiana (Nomura, 1959)"
"ヒラタホソカタムシ","Colobicus hirtus (Rossi, 1790)"
"ツヤツチゾウムシ","Asphalmus japonicus Sharp, 1896"
"シナノミヤマカタホソヨツメハネカクシ","Philydrodes (Minyphilydrodes) parallelus Y. Watanabe, 1990"
"キタモンイネゾウモドキ","Dorytomus (Mesodorytomus) occallescens (Gyllenhal, 1835)"
"ヒョウゴミズギワゴミムシ","Bembidion (Blepharoplataphus) hiogoense Bates, 1873"
"ヒラツヤツチゾウムシ","Asphalmus hirasanensis Morimoto, 2015"
"サトウナガゴミムシ","Pterostichus (Nialoe) satoi Ishida, 1961"
"オオズニセコガシラハネカクシ","Bisnius parcus (Sharp, 1874)"
"ノコギリクワガタ　大隅諸島硫黄島亜種","Prosopocoilus inclinatus mishimaiouensis Shimizu & Murayama, 1998"
"ムツコブメナガヒゲナガゾウムシ","Phaulimia decorata (Shibata, 1963)"
"ヒメシラフヒゲナガカミキリ","Monochamus (Monochamus) sutor longulus (Pic, 1898)"
"シイヤクビボソジョウカイ","Asiopodabrus (Satopodabrus) shiija Takahashi, 2012"
"イノウエヒメマルクビゴミムシ","Nebria (Falcinebria) furcata Sasakawa, 2020"
"クロサワヘリグロハナカミキリ","Eustrangalis (Eustrangalis) anticereductus Hayashi, 1958"
"ウスリーマメゲンゴロウ","Platambus ussuriensis (Nilsson, 1997)"
"クロズカタキバゴミムシ","Badister (Baudia) nigriceps Morawitz, 1863"
"シントタマキノコムシモドキ","Clambus pallidulus shinto Endrödy-Younga, 1986"
"ルリキノコムシダマシ","Tetratoma (Paratetratoma) sakagutii Nakane, 1955"
"リュウキュウジュウサンホシチビオオキノコ","Tritoma (Tritoma) shibatai (Chûjô, 1969)"
"ハネビロハナカミキリ","Leptura latipennis (Matsushita, 1933)"
"サツマスギノアカネトラカミキリ　九州亜種","Anaglyptus (Anaglyptus) yakushimanus kazukii Fujita, 2023"
"ブリットンヒメナガゴミムシ","Pterostichus (Rhagadus) polygenus Bates, 1883"
"シコクマルタマキノコムシ","Agathidium (Cyphoceble) yoshidai Hoshina, 1999"
"ムネアカクロアカハネムシ","Pseudopyrochroa atripennis (Lewis, 1887)"
"ウンゼンケナガクビボソムシ","Neostereopalpus imasakai Nakane, 1983"
"エナクロチビジョウカイ","Malthodes (Sohayakimalthodes) enaensis Takahashi, 2021"
"ヤンバルヒメツツハネカクシ","Lispinus (Lispinus) jambar Naomi, 1996"
"アケビタマノミハムシ","Sphaeroderma akebia Ohno, 1964"
"ジュンサイオオナガゴミムシ","Pterostichus (Sphodroferonia) pachinus Bates, 1883"
"フタホシニセイネゾウムシ","Caenosilapillus morimotoi Kojima & Furuhashi, 2020"
"ツシマチビコブツノゴミムシダマシ","Byrsax tsushimensis Miyatake, 1970"
"ヤスマツキクイムシ","Pseudohylesinus sericeus (Mannerheim, 1843)"
"ミヤコクビカクシゴミムシダマシ","Stenochinus miyakoensis (Nakane, 1985)"
"ミスジオオメダカハネカクシ","Stenus juno Paykull, 1789"
"ホウロクイチゴヒメゾウムシ","Batobaris rubi Morimoto & Yoshihara, 1996"
"ヒゲブトジュウジベニボタル","Lopheros (Lopheros) crassipalpis Nakane, 1969"
"マルクビチビヒョウタンゴミムシ","Dyschirius (Eudyschirius) sphaerulifer Bates, 1873"
"ダイマンジクビボソジョウカイ","Asiopodabrus (Asiopodabrus) daimanji Takahashi, 2012"
"オオクロフナガタハナノミ","Anaspis (Anaspis) frontalis (Linnaeus, 1758)"
"オオヒラタアリヤドリ","Homoeusa gigantea Nozaki & Maruyama, 2025"
"クロサワシギゾウムシ","Curculio (Curculio) kurosawai Morimoto, 1962"
"ルイスマルムネゴミムシダマシ","Nalassus (Nipponalassus) lewisi (Masumoto, 1993)"
"オオシマハラボソメダカハネカクシ","Stenus oshimaensis Naomi, 1990"
"トチノコキクイムシ","Cryphalus pulchellus (Nobuchi, 1975)"
"オキナワキモンヒメクチキムシ","Mycetochara (Ernocharis) hiranoi Akita & Masumoto, 2014"
"ヤヒロミドリトビハムシ","Crepidodera yahiroi Suzuki, 2006"
"クシヒゲヒラタコメツキ　北海道亜種","Orithales serraticornis yezoensis Miwa, 1934"
"リュウジンメクラチビゴミムシ　基亜種","Ryugadous (Yuadorgus) solidior solidior S. Uéno, 1975"
"ハイイロヒョウタンゾウムシ 基亜種","Catapionus nobulosus nobulosus (Motschulsky, 1860)"
"ヒラアシアシベメダカハネカクシ","Stenus latitarsis Sharp, 1889"
"カトウナガメダカハネカクシ","Stenus katoi Naomi & Ito, 2015"
"オニナガエンマムシ","Platylister (Platylister) cambodjensis (Marseul, 1864)"
"ミヤケオオサビキコリ　基亜種","Agrypnus miyakei miyakei Ôhira, 1967"
"オキナワツヤハムシ","Oomorphoides okinawensis (Chûjô, 1935)"
"キオビクビボソハムシ","Lema (Lema) delicatula Baly, 1873"
"シリゲホソカタムシ","Antibothrus hirsutus Aoki, 2009"
"クモトリコバネナガハネカクシ","Lathrobium (Lathrobium) kumotoriense Y. Watanabe, 2016"
"トチギヒメハネカクシ","Neodimetrota nikkoensis (Sawada, 1989)"
"ケジロヒョウホンムシ　西表島亜種","Hanumanus senilis yamayai (Nakane, 1987)"
"ズホソヒゲナガコガシラハネカクシ","Philonthus (Philonthus) amicus Sharp, 1874"
"アマミクスベニカミキリ","Pyrestes inaequalicollis Hayashi, 1962"
"ミヤザキキクイムシ","Cyclorhipidion miyazakiense (Murayama, 1936)"
"ヤチダモノクロキクイムシ","Hylesinus tristis Blandford, 1894"
"スサミコバネナガハネカクシ","Lathrobium (Lathrobium) susamiense Y. Watanabe, 2005"
"ハバビロコキクイムシ","Cryphalus dissimilis (Nobuchi, 1975)"
"ヒメマルムネコケムシ","Stenichnus (Stenichnus) minipollens Jałoszyński, 2004"
"ナガサキアメイロカミキリ","Obrium semiformosanum abirui Niisato & Takakuwa, 1996"
"ルリホソチョッキリ","Neoeugnamptus (Neoeugnamptus) amurensis (Faust, 1882)"
"エゾヒメハナムシ","Olibrus yezoensis (Hisamatsu, 1985)"
"ツヤムネクロチビジョウカイ","Malthodes (Malthodes) parvus Kazantsev, 1995"
"ウエノオオナガゴミムシ　基亜種","Pterostichus (Nialoe) uenoi uenoi Straneo, 1955"
"キバラヒメハムシ","Taphinellina flaviventris (Motschulsky, 1861)"
"サビマルクチゾウムシ","Galloisia inflata Hustache, 1920"
"コヒゲシマビロウドコガネ","Gastroserica brevicornis (Lewis, 1895)"
"クロフチケケシキスイ","Nitidula rufipes (Linnaeus, 1767)"
"エラハリムネトゲアリヅカムシ　基亜種","Petaloscapus temporalis temporalis Jeannel, 1958"
"クガイソウアシナガトビハムシ","Longitarsus (Longitarsus) longiseta Weise, 1889"
"アカバネツヤナガハネカクシ","Nudobius lentus (Gravenhorst, 1806)"
"インドキノコツヤハネカクシ","Gyrophaena (Gyrophaena) indica Motschulsky, 1858"
"アヤモンチビカミキリ　八重山亜種","Sybra (Sybra) ordinata flavostriata Hayashi, 1968"
"キバネナガキクイムシ","Crossotarsus flavomaculatus Strohmeyer, 1912"
"マヤサンコブヤハズカミキリ　中部地方亜種","Parechthistatus (Mesechthistatus) furcifer meridionalis (Hayashi, 1951)"
"ヤエヤマホテイケシデオキノコムシ","Scaphobaeocera hisamatsui Hoshina, 2008"
"カグヤヒメテントウ","Scymnus (Pullus) kaguyahime H. Kamiya, 1961"
"ルリヒラタカミキリ","Callidium (Callidium) violaceum (Linnaeus, 1758)"
"サシゲトビハムシ","Lipromima minuta (Jacoby, 1885)"
"シラケナガタマムシ","Agrilus pilosovittatus E. Saunders, 1873"
"カイドウナガヒメハネカクシ","Aloconota (Aloconota) bulbosa Sawada, 1989"
"セラネクイハムシ","Donacia (Donacia) akiyamai Y. Komiya, 2001"
"ハネスジケシガムシ","Cercyon (Cercyon) costulipennis Nakane, 1966"
"ウワジマムカシゲンゴロウ","Phreatodytes mohrii S. Uéno, 1996"
"オオクサアリハネカクシ","Pella masakoae Maruyama, 2006"
"オオトウカギバラヒゲナガゾウムシ","Xanthoderopygus matobai Senoh, 1984"
"ナガエハネカクシ","Monocrypta apicata (Sharp, 1874)"
"ウスアカクロゴモクムシ","Harpalus (Pseudoophonus) sinicus Hope, 1845"
"キタノホソツヤコメツキ","Athousius kitanoi Ôhira, 1972"
"チャイロホソヒラタゴミムシ　本州亜種","Atranodes kyushuense hondorum (Habu, 1974)"
"ヒラタカクコガシラハネカクシ","Philonthus (Cephalonthus) depressipennis Sharp, 1889"
"カワラダケツチゾウムシ","Trachyphilus kawaradakeanus Morimoto, 2015"
"オガサワライカリモントラカミキリ","Xylotrechus (Xylotrechus) ogasawarensis Matsushita, 1933"
"エグレコゲチャセマルケシキスイ","Amphicrossus lobanovi Kirejtshuk, 2005"
"アメイロカクホソカタムシ","Philothermus pubens (Sharp, 1885)"
"ネオヒメコバネナガハネカクシ","Lathrobium (Lathrobium) neostygium Senda, 2023"
"オオツルクビオトシブミ","Paracycnotrachelus chinensis (Jekel, 1860)"
"キアシクビボソムシ","Macratria japonica Harold, 1877"
"ゴミコガシラハネカクシ","Philonthus (Philonthus) minutus Boheman, 1848"
"キュウシュウルリミズギワゴミムシ","Bembidion (Peryphus) nishidai Morita, 2009"
"チョウセンハマハネカクシ","Salinamexus koreanus Jeon & Ahn, 2007"
"アカアシオオアオカミキリ","Chloridolum (Parachloridolum) japonicum (Harold, 1879)"
"ヒサマツセミゾハネカクシ","Myrmecocephalus hisamatsui (Sawada & Nakane, 1954)"
"モンキタマムシ","Ptosima chinensis Marseul, 1867"
"ヤクルリヒラタコメツキ","Actenicerus (Acnitecerus) yaku Nakane & Kishii, 1958"
"サカイチビマルトゲムシ","Simplocaria (Simplocaria) sakaii Kitano, 2021"
"ヤクシマホソコバネカミキリ","Necydalis (Necydalis) yakushimensis Kusama, 1975"
"クナシリシジミガムシ","Laccobius (Laccobius) kunashiricus Shatrovskiy, 1984"
"アマミヒラタミズギワゴミムシ","Bembidion (Plataphus) kishimotoi (Morita, 1996)"
"チャイロチビクビボソジョウカイ","Asiopodabrus (Asiopodabrus) minus (Takahashi, 1992)"
"マシューズマルミジンムシ","Catoptyx matthewsi Bowestead, 2003"
"ムナクボエンマムシ","Atholus depistor (Marseul, 1873)"
"ヤドリノミゾウムシ","Orchestes (Orchestes) hustachei (Klíma, 1935)"
"クロオビテントウダマシ","Ectomychus nigrofasciatus Sasaji, 1988"
"フタスジゴマフカミキリ　基亜種","Mesosa (Lissomesosa) cribrata cribrata Bates, 1884"
"ツルギヒメマルクビゴミムシ","Nebria (Falcinebria) elephanta Sasakawa, 2025"
"クチボソセスジムシ","Arrowina rostrata (Lewis, 1888)"
"クロオビシロタマゾウムシ","Cionus latefasciatus Voss, 1956"
"オキナワオチバゾウムシ","Otibazo okinawaensis Yoshitake, 2021"
"アカチビゴミムシダマシ","Menimus (Menimus) niponicus Lewis, 1894"
"ツヤセスジハネカクシ","Anotylus nitidifrons (Wollaston, 1871)"
"ヒゲナガクロコメツキ","Ampedus (Ampedus) aureopilosus Kishii, 1988"
"クビアカモモブトホソカミキリ　西表島亜種","Kurarua rhopalophoroides chujoi Makihara, 1982"
"アワジオビツチゾウムシ","Antinia awajiana Morimoto, 2015"
"ムネアカヨコモンヒメハナカミキリ　基亜種","Cryptopidonia masakii masakii (Hayashi, 1955)"
"チビコガシラミズムシ","Haliplus (Haliplus) simplex Clark, 1863"
"クチブトヒラセクモゾウムシ","Metialma crassirostris Hirano, Yoshitake & Fujisawa, 2020"
"ハリゲスグリゾウムシ","Pseudocneorhinus adamsi Roelofs, 1879"
"フッケントラカミキリ　基亜種","Kazuoclytus fukienensis fukienensis (Gressitt, 1951)"
"イワサキシギゾウムシ","Curculio (Curculio) iwasakii (Matsumura & Kono, 1928)"
"オキナワツツマグソコガネ","Saprosites yasutakai Ochi & Kawahara, 2019"
"キアシマメコメツキ","Quasimus (Miquasus) luteipes (Candèze, 1873)"
"タカシカクムネヨツメハネカクシ","Archaeoboreaphilus takashii Y. Watanabe 2018"
"ミヤマアカコメツキ　基亜種","Ampedus (Ampedus) alticola alticola Silfverberg, 1977"
"ササオビモンヒョウタンゾウムシ","Amystax sasanus Nakamura & Morimoto, 2015"
"カシワノミゾウムシ","Orchestes (Amurorchestes) koltzei Faust, 1887"
"3): 62-72.","Kono, H., 1929a. Die Pyrocroiden Japans. Insecta matsumurana, 3(2"
"ババコバネジョウカイ","Trypherus (Trypherus) babai Brancucci, 1985"
"ムモンチャバネキノコハネカクシ","Bobitobus takashii (Katayama & T. Ito, 2011)"
"ヒラシマナガタマムシ　基亜種","Agrilus hirashimai hirashimai Y. Kurosawa, 1964"
"セモンコガタデオキノコムシ","Scaphidium lewisi (Achard, 1923)"
"セモンジンガサハムシ","Cassida crucifera (Kraatz, 1879)"
"ニセケブカウミヒメハネカクシ","Eubadura onoi Tasaku & Maruyama, 2022"
"ウエノオチバゾウムシ","Otibazo uenoi Yoshitake, 2021"
"クロホシビロウドコガネ","Serica nigrovariata Lewis, 1895"
"ハマヒョウタンゴミムシダマシ","Idisia ornata Pascoe, 1866"
"トゲナシヒメハナノミ","Mordellina atrofusca (Nomura, 1951)"
"ホソマダラホソカタムシ","Namunaria picta (Sharp, 1885)"
"ヒメクロオトシブミ","Compsapoderus (Compsapoderus) erythrogaster (Snellen van Vollenhoven, 1865)"
"スオウホソツヤコメツキ","Athousius kaorutanakai Kishii, 2004"
"ジャクチフトヒシベニボタル","Pyropterus chugokuanus Matsuda, 2011"
"モンヒメマキムシモドキ","Derodontus japonicus Hisamatsu, 1964"
"ナガサキツチゾウムシ","Trachyphilus sordidus (Sharp, 1896)"
"イシガキチビキマワリモドキ","Tetragonomenes japonicus Masumoto, 1985"
"クビレヒメマキムシ","Cartodere (Cartodere) constricta (Gyllenhal, 1827)"
"サタカミキリモドキ　奄美諸島亜種","Indasclera japonica amamiama (Miyatake, 1985)"
"ニセオオマルタマキノコムシ","Agathidium (Agathidium) cariniceps Hisamatsu, 1956"
"アオグロナガタマムシ","Agrilus viridiobscurus E. Saunders, 1873"
"ツシマシギゾウムシ","Labaninus tsushimensis Notsu, 1987"
"ジュンサイハムシ","Galerucella (Galerucella) nipponensis (Laboissière, 1922)"
"アイヌキンオサムシ　積丹半島亜種","Carabus (Megodontus) kolbei kosugei (Nakane, 1955)"
"ムコガワメクラチビゴミムシ","Trechiama (Trechiama) expectatus S. Uéno, 1983"
"サイシュウクビボソジョウカイ","Asiopodabrus (Satopodabrus) asperipunctatus Kang & Okushima, 2003"
"ヒノキノキクイムシ","Phloeosinus rudis Blandford, 1894"
"メリケントビハムシ","Disonycha politula Horn, 1839"
"ヨシブエナガキクイムシ","Dinoplatypus calamus (Blandford, 1894)"
"デワカタホソヨツメハネカクシ","Philydrodes (Philydrodes) dewanus Y. Watanabe, 1990"
"ツガルアカコメツキ","Ampedus (Ampedus) tugaru Kishii, 1992"
"タバゲササラゾウムシ","Demimaea fascicularis (Roelofs, 1874)"
"ウズシオメクラチビゴミムシ","Trechiama (Trechiama) uzushio S. Uéno, 2009"
"クロカクムネトビハムシ","Neocrepidodera komatsui (Nakane, 1963)"
"アオドウガネトガリオオズハネカクシ","Platydracus (Platydracus) dauricus (Mannerheim, 1830)"
"オオシマアオハナムグリ　徳之島亜種","Protaetia (Niponoprotaetia) exasperata nomurai K. Sakai, 1998"
"テングヒゲナガゾウムシ","Jordanthribus kusuii (Shibata, 1978)"
"リュウキュウスナゴミムシダマシ","Gonocephalum (Gonocephalum) okinawanum M. T. Chûjô, 1963"
"ヤスマツツヤヒラタゴミムシ","Synuchus (Synuchus) yasumatsui (Habu, 1955)"
"シロネホソクチゾウムシ","Squamapion megatoma Korotyaev, 1996"
"モンクロベニカミキリ","Purpuricenus (Sternoplistes) lituratus Ganglbauer, 1887"
"コゲチャコガシラハネカクシ","Philonthus (Philonthus) liopterus Sharp, 1889"
"シリブトヒラタコメツキ","Selatosomus (Selatosomus) puerilis (Candèze, 1873)"
"ミヤマオビオオキノコ","Episcapha (Episcapha) gorhami Lewis, 1879"
"オオナカミゾコメツキダマシ","Rhacopus olexai (Hisamatsu, 1963)"
"ニセハネスジキノコハネカクシ","Carphacis paramerus Schülke, 1995"
"イワラヤマヌレチゴミムシ","Apatrobus tsujii Dejima & Sota, 2025"
"リュウキュウメダカハネカクシ","Stenus riukiuensis Puthz, 1973"
"オオツチハンミョウ","Meloe (Meloe) proscarabaeus exaratus Faldermann, 1832"
"ニセミヤマヒメハナノミ","Falsomordellistena (Falsomordellistena) pseudalpigena Nomura, 1975"
"ムネスジナガハネカクシ","Sengenia cunctator (Sharp, 1889)"
"シラフチビマルトゲムシ","Simplocaria (Simplocaria) hispidula Fairmaire, 1886"
"シンシュウヒメハナカミキリ　東日本広域亜種","Pseudopidonia hayakawai kuriharai Kuboki, 2024"
"ナオミオニヒメハネカクシ","Nepalota naomii Assing, 2003"
"ヒシモンチビオオキノコ","Rotitma discalis (Lewis, 1887)"
"シラオビゴマフケシカミキリ","Exocentrus guttulatus guttulatus Bates, 1873"
"チャイロツツクビコメツキダマシ","Henecocerus angusticollis Bonvouloir, 1871"
"ウエノツヤヒラタゴミムシ","Synuchus (Synuchus) nivalis uenoi Lindroth, 1956"
"キタヤマクビボソジョウカイ","Asiopodabrus (Asiopodabrus) kitayamaensis Takahashi, 2012"
"シイバナガゴミムシ","Pterostichus (Sphodroferonia) shiibanus Habu, 1958"
"クロホシクチブトゾウムシ","Lepidepistomodes nigromaculatus (Roelofs, 1873)"
"ハモンドチビフトハネカクシ","Euaesthetus hammondi Puthz, 1976"
"スベマルムネアリヅカムシ","Triomicrus sublaevis Raffray, 1909"
"シロスジドウボソカミキリ　沖永良部島亜種","Pothyne annulata nobuoi Breuning & K. Ohbayashi, 1966"
"テルヤモリヒラタゴミムシ","Agonum (Nymphagonum) teruyai (Habu, 1975)"
"カタアカホソハネカクシ","Atrecus pilicornis (Paykull, 1790)"
"カスミナガカッコウムシ","Opilo mityatakei Yoshimichi, 2004"
"コキベリアオゴミムシ","Chlaenius (Chlaeniostenus) circumdatus xanthopleurus Chaudoir, 1856"
"ウマヅライソハネカクシ","Halorhadinus sawadai Maruyama & M. Hayashi, 2009"
"タカバクロヒラタゴミムシ","Platynus (Batenus) takabai (Habu, 1962)"
"ハクバドウメクラチビゴミムシ","Kurasawatrechus glabriventris S. Uéno, 1974"
"ヒョウゴナガゴミムシ","Pterostichus (Sphodroferonia) sphodriformis Bates, 1873"
"ウエノオオコバネナガハネカクシ","Lathrobium (Lathrobium) uenoi Y. Watanabe, 1980"
"ケジロツヤフトヒゲコメツキ","Drapetes jansoni Bonvouloir, 1895"
"オオヒラチャイロコガネ","Sericania ohirai Sawada, 1960"
"オキナワオビモンヒョウタンゾウムシ","Amystax okinawanus Nakamura & Morimoto, 2015"
"キュウシュウクロホシタマムシ","Lamprodila (Palmar) davidis intermedia (Y. Kurosawa, 1956)"
"キクスイモドキカミキリ　九州亜種","Asaperda rufipes albosuturalis Breuning, 1957"
"アカガネトビハムシ","Hippuriphila babai (Chûjô, 1959)"
"ルリハムシ　本州南部亜種","Plagiosterna aenea tsutsuii (Nakane, 1955)"
"ハラスジメダカハネカクシ","Stenus mysticus Sharp, 1889"
"オゼクビボソジョウカイ","Asiopodabrus (Asiopodabrus) ozeanus (Nakane & Makino, 1990)"
"ヨツコブノコギリゾウムシ","Ixalma quadrigibbosa Morimoto, 1960"
"ササジクロハナノミ","Mordella sasajii Takakuwa, 2001"
"イガホソヒラタゴミムシ　亜種","Trephionus igai amplicollis S. Uéno, 1955"
"ムシクサコバンゾウムシ","Gymnaetron miyoshii Miyoshi, 1922"
"シラケチビミズギワコメツキ","Zorochros (Yamatostrius) albipilis (Candèze, 1873)"
"ヤシャゲンゴロウ","Acilius (Acilius) kishii Nakane, 1963"
"ヒゲジロマメコメツキ","Yukoana hiramatsui Ôhira, 1978"
"サワシバノコキクイムシ","Cryphalus aquilonius (Nobuchi, 1975)"
"ヨツボシゴミムシ","Panagaeus (Panagaeus) japonicus Chaudoir, 1861"
"オニクワガタ　屋久島亜種","Prismognathus angularis tokui Y. Kurosawa, 1975"
"チョウセンダイコクアリヅカムシ","Rybaxis lamellifer Löbl, 1973"
"ヒサゴコフキゾウムシ","Sitona aberrans Faust, 1887"
"マサキナガタマムシ","Agrilus euonymi Tôyama, 1985"
"クロホシケシデオキノコムシ","Scaphisoma danielae Löbl, 1982"
"ミナミクチブトキクイゾウムシ","Stenoscelis reniformis Inoue, 2025"
"カギモンホソナガクチキ","Abdera scriptipennis Lewis, 1895"
"ツメアカマルチビゴミムシダマシ","Caedius fluviatilis Nakane & Masumoto, 1979"
"クビボソゴミムシ","Galerita japonica japonica Bates, 1873"
"ルイスキスイ","Cryptophagus lewisi Reitter, 1874"
"オオシンシュウナガゴミムシ","Pterostichus (Nialoe) cristatoides Straneo, 1955"
"マルケシハネカクシ","Leucocraspedum rufotestaceum Bernhauer, 1927"
"エゾゴモクムシ","Harpalus (Harpalus) tarsalis Mannerheim, 1825"
"ルイスクビブトハネカクシ","Phinopilus lewisius (Sharp, 1874)"
"コモンホシハナノミ","Hoshihananomia borealis Nomura, 1957"
"スズカケムネチビゴミムシ","Epaphiopsis (Epaphiopsis) narukawai Morita, 2021"
"オオシマビロウドコガネ","Gastromaladera major (Nomura, 1959)"
"ミヤマアナアキゾウムシ","Hylobius (Callirus) montanus Kono, 1934"
"ヨナグニゴマダラカミキリ","Anoplophora ryukyuensis Breuning & K. Ohbayashi, 1964"
"カンゼオンタチゲメダカハネカクシ","Stenus kanzeon Naomi, 2004"
"タカオトゲアリヅカムシ","Batrisodes (Excavodes) dorsalis Jeannel, 1958"
"ヒメケブカホソクチゾウムシ","Sergiola (Sergiola) praecaria (Faust, 1889)"
"クロホシコガシラミズムシ","Haliplus (Liaphlus) basinotatus Zimmermann, 1924"
"ケシマツシバンムシ","Ernobius minutissimus Sakai, 2002"
"ツマキレヒゲブトコマルトビハムシ","Clavicornaltica tokushigei Suenaga, 2023"
"イリオモテスジツヤチビハネカクシ","Edaphus iriomoteanus Puthz, 2010"
"エゾコオナガミズスマシ","Orectochilus (Orectochilus) villosus (Müller, 1776)"
"ツシマトゲヒサゴゴミムシダマシ","Misolampidius adachii M. T. Chûjô & Imasaka, 1982"
"ルイスヒメテントウ","Sasajiscymnus lewisi (H. Kamiya, 1961)"
"ホソサビイロモンキハネカクシ","Miobdelus brevipennis Sharp, 1889"
"ダイセツマルタマキノコムシ","Agathidium (Cyphoceble) yasudai Nakane, 1978"
"リュウキュウビロウドコガネ","Maladera (Omaladera) oshimana Nomura, 1962"
"アマミマルバネクワガタ　基亜種","Neolucanus protogenetivus protogenetivus Y. Kurosawa, 1976"
"ホソヒメクロオサムシ　基亜種","Carabus (Pentacarabus) harmandi harmandi Lapouge, 1909"
"ミズギワコメツキ　沖縄島亜種","Fleutiauxellus (Migiwa) curatus okinawanus (Ôhira, 1967)"
"ツシマクロヒメテントウ","Scymnus (Scymnus) tsushimensis Sasaji, 1970"
"アトマルナガゴミムシ","Pterostichus (Eosteropus) orientalis antiquus (Motschulsky, 1860)"
"キョウトアオハナムグリ　亜種","Protaetia (Niponoprotaetia) lenzi mishimana Ochi, Toguchi & Seshima, 2023"
"ドイハナカミキリ","Leptura doii (Matsushita, 1933)"
"セアカヒラタゴミムシ","Dolichus halensis (Schaller, 1783)"
"オオヒサゴホソカタムシ","Glyphocryptus grandis Aoki & Okada, 2011"
"タイワンヒラタドロムシ","Mataeopsephus taiwanicus Lee, P.-S. Yang & H. P. Brown, 1990"
"ミネイシハラカマヒゲアリヅカムシ","Bythoxenites rimicola Tanokuchi, 1990"
"ヨツキボシコメツキ　屋久島亜種","Ectinoides insignitus ogatai Kishii, 1986"
"ヒメネッタイツツハネカクシ","Zeoleusis fusciceps Kraatz, 1859"
"クセンブツチゾウムシ","Trachyphilus kusenbuanus Morimoto, 2015"
"ルリウスバハムシ","Stenoluperus cyaneus (Baly, 1874)"
"アカチャセミゾヨツメハネカクシ","Omalium tenue Weise, 1877"
"クロマダラタマムシ","Nipponobuprestis (Nipponobuprestisia) querceti (E. Saunders, 1873)"
"タカネメクラチビゴミムシ","Kurasawatrechus brevicornis S. Uéno, 1979"
"アラメクビボソトビハムシ　伊豆諸島亜種","Pseudoliprus nigritus watanabei Ohno, 1959"
"ムシスジコガネ　奄美群島亜種","Anomala edentula amamiana Nomura, 1962"
"ズバケデオネスイ","Mimemodes carenifrons Grouvelle, 1913"
"クロバネヒメテントウ","Axinoscymnus nigripennis H. Kamiya, 1965"
"コアカツブエンマムシ","Bacanius mikado (Lewis, 1892)"
"スミアカベニボタル","Conderis pictus Gorham, 1883"
"ナガサワメクラチビゴミムシ","Yamautidius (Yamautidius) tetsuoi S. Uéno, 1982"
"オオバコアシナガトビハムシ","Longitarsus (Longitarsus) lewisii (Baly, 1874)"
"シナノサビカミキリ","Arhopalus tobirensis Hayashi, 1968"
"オオクリイロヒゲナガハナノミ","Pseudoepilichas robustior Nakane, 1963"
"コバネオチバハネカクシ","Brachida brevipennis Bernhauer, 1939"
"ウスチャシロアリハネカクシ","Trichopsenius brunneus Naomi & Terayama, 1986"
"リュウキュウツヤハナムグリ　宮古諸島亜種","Protaetia (Pyropotosia) pryeri nitidicosta Yawata, 1941"
"オヤベメクラチビゴミムシ","Kurasawatrechus aberrans S. Uéno, 1978"
"アカモンミゾドロムシ","Ordobrevia maculata (Nomura, 1957)"
"クリイロヒメキノコムシ","Sphindus castaneipennis Reitter, 1879"
"ツヤヒメツツキノコムシ","Ceracis japonus (Reitter, 1878)"
"ニセヒラタクロコメツキ　基亜種","Ampedus (Ampedus) hypoganoides hypoganoides Kishii, 2011"
"クロオビシロクチカクシゾウムシ","Eutyrhinus yaeyamanus (Chûjô, 1971)"
"ヒゲシロホソコバネカミキリ","Necydalis (Necydalisca) odai Hayashi, 1951"
"ヨツモンカメノコハムシ","Laccoptera (Laccopteroidea) nepalensis Boheman, 1855"
"ゲットウトゲムネサルゾウムシ","Xenysmoderes consularis (Pascoe, 1870)"
"レロフコブコブゾウムシ","Styanax scrobiculatus (Roelofs, 1879)"
"ヤエヤマヨツモンツヤゴミムシダマシ","Diaclina yaeyamaensis Masumoto & Akita, 2002"
"ニイジマアトマルキクイムシ","Dryocoetes niijimai Nobuchi, 1959"
"コウヤスジホソカタムシ","Ascetoderes koyasanus Aoki, 2010"
"リブキンアシベメダカハネカクシ","Stenus benefactor Ryvkin, 1985"
"カタモンツヤミズギワコメツキ","Menoko kawaharai Kishii, 1993"
"サキシマコガシラハネカクシ","Philonthus (Philonthus) junichii Hayashi, 2023"
"コシキクロヒメジョウカイ","Rhagonycha (Rhagonycha) bicolor Takahashi & Imasaka, 1997"
"サムライオノヒゲアリヅカムシ","Bryaxis samurai Löbl, Kurbatov & Nomura, 1998"
"クビレツヤヒメハネカクシ","Liogluta constricta (Sawada, 1970)"
"ニセビロウドカミキリ　対馬亜種","Acalolepta sejuncta tsushimae (Breuning, 1960)"
"イシイクビナガゴミムシ","Ophionea (Ophionea) ishiii Habu, 1961"
"タカハチクロコメツキ","Ampedus (Ampedus) takahachi Kishii, 1985"
"シモムラカタホソヨツメハネカクシ","Philydrodes (Minyphilydrodes) shimomurai Y. Watanabe, 1990"
"ヤエヤマカタビロキマワリモドキ","Phaedis (Phaedis) marmoratus M. T. Chûjô, 1978"
"オトメムナビロコケムシ","Cephennodes (Fusionodes) otome Hoshina, 2016"
"オビトゲハムシ","Dactylispa (Triplispa) adinae Kato, 2025"
"7): 26-30.","Nakane, T., 1963d. New or little known Coleoptera from Japan and its adjacent regions. XIX. Fragmenta Coleopterologica, (6"
"キラクロヒメハナノミ","Mordellistena kirai Nomura, 1951"
"ニセノコバウミハネカクシ","Paramblopusa borealis (Casey, 1906)"
"ファウストハマキチョッキリ","Byctiscus fausti Sharp, 1889"
"ヤンバルエンマコガネ","Onthophagus (Indachorius) suginoi Ochi, 1984"
"キアシカミキリモドキ","Oedemera (Oedemera) manicata Lewis, 1895"
"ベッピンアカコメツキ","Ampedus (Ampedus) beppin Kishii, 1992"
"2): 1-4.","Hayashi, Y., 1985a. A new species of Catopidae from Shikoku, Japan (Coleoptera). Transactions of the Shikoku Entomological Society, 17(1"
"コウベゴミハネカクシ","Oxypoda (Bessopora) kobensis Cameron, 1933"
"フタオビコキノコムシ","Triphyllioides seriatus Reitter, 1889"
"ベニヘリチビオオキノコ","Rotitma circumcincta (Lewis, 1887)"
"ノコバウミハネカクシ","Amblopusa pacifica (Sawada, 1991)"
"トウキンヒメメダカハネカクシ","Stenus toukin Naomi & Puthz, 1994"
"ウスチャミズギワコメツキ","Menoko difficile (Lewis, 1894)"
"トカラヒメシバンムシ","Lasioderma amabile Sakai, 1975"
"2): 1-3.","Nomura, S., 1961b. Elmidae found in subterranean waters of Japan. Akitu, Kyoto, 10(1"
"スジカツオブシムシ","Dermestes (Dermestes) freudi Kalík & N. Ohbayashi, 1982"
"アミメクビボソハネカクシ","Stilicopsis insulicola Ito, 1992"
"ミヤコクロホシテントウゴミムシダマシ","Derispia aokii Akita & Masumoto, 2016"
"カタモンブチヒゲハネカクシ","Anisolinus picticornis Sharp, 1889"
"ウスグロマメメダカハネカクシ","Stenus confertus Sharp, 1889"
"ムナビロテントウダマシ　九州亜種","Mycetina laticollis satsumana Nakane, 1983"
"ジレンハルキボシゾウムシ","Pissodes gyllenhali (C. R. Sahlberg, 1834)"
"オオミネオチバメダカハネカクシ","Stenus olliformis Naomi, 2006"
"ホソマメコメツキ","Yukoana terukoe Kishii, 1961"
"クロカタゾウムシ","Pachyrhynchus infernalis Fairmaire, 1879"
"ヨシダヒゲナガアリヅカムシ","Pselaphogenius yoshidai Sawada, 1968"
"キバネケシガムシ","Cercyon (Cercyon) quisquilius Linnaeus, 1760"
"ウエノオオナガゴミムシ　京都亜種","Pterostichus (Nialoe) uenoi horioi Nakane & Ishida, 1958"
"ホソヒゲナガビロウドコガネ　基亜種","Serica nitididorsis nitididorsis (Nomura, 1971)"
"ヌレチハネカクシ","Deinopsis modesta Sharp, 1874"
"マイコオチバメダカハネカクシ","Stenus maiko Naomi & Puthz, 1993"
"シロアリノスゴミムシダマシ","Bolitrium sasajii (Masumoto & Akita, 2001)"
"オニチャイロツヤハダコメツキ","Scutellathous horioi Kishii, 1955"
"トサヒメシュモクアリヅカムシ","Nipponozethus delicatulus (Jeannel, 1958)"
"ビロウドカミキリ　対馬亜種","Acalolepta fraudatrix satoi Breuning & K. Ohbayashi, 1966"
"ギフキクイムシ","Phloeosinus gifuensis Murayama, 1954"
"ヘリムネキスイ","Caenoscelis kurosai Sasaji, 1987"
"シコクハナムグリヨツメハネカクシ","Eusphalerum shikokuense Y. Watanabe, 1990"
"オキナワホソクビアリモドキ","Anthelephila okinawana (Nomura, 1962)"
"ヤツガタケヒラタツヤムネハネカクシ","Quedius (Microsaurus) kuniakii Y. Watanabe, 1990"
"オオメキノコゴミムシダマシ","Platydema lyncea Lewis, 1894"
"ベニバハナカミキリ","Paranaspia anaspidoides (Bates, 1873)"
"コヒゲナガコメツキ　基亜種","Mulsanteus linteatus linteatus (Candèze, 1873)"
"リュイスヒゲボソゾウムシ","Phyllobius (Chauliophyllobius) lewisi (Sharp, 1896)"
"ハマクロルリゴミムシダマシ","Metaclisa hamai Shibata, 1978"
"キベリヒメクビボソハネカクシ","Scopaeus (Scopaeus) limbatus Kraatz, 1859"
"マルマメエンマムシ","Gnathoncus rotundatus (Kugelann, 1792)"
"クロマメゴモクムシ","Stenolophus (Egadroma) satoi Habu, 1973"
"オオフタホシテントウ","Coelophora biplagiata Swartz, 1808"
"アシベアリヅカムシ","Prosthecarthron sauteri Raffray, 1914"
"オゼキノコシバンムシ","Dorcatoma osensis N. Hayashi, 1951"
"セマルミズギワゴミムシ","Bembidion (Aptenidium) nipponicum (Habu & S. Uéno, 1955)"
"イトウナガゴミムシ","Pterostichus (Sphodroferonia) itoi Kasahara, 1986"
"ウスアヤカミキリ　奄美亜種","Bumetopia oscitans oshimana Breuning, 1939"
"ヒトオビアシナガゾウムシ","Merus (Merus) unifasciatus Morimoto & Kojima, 2007"
"トケジナガゴミムシ","Pterostichus (Nialoe) tokejii Yoshida & Tanaka, 1960"
"ミヤマメダカゴミムシ","Notiophilus impressifrons Morawitz, 1862"
"アミメチビマルヒゲナガハナノミ","Dicranopselaphus reticulatus (Nakane, 1952)"
"セスジタワラシバンムシ","Holcobius japonicus (Pic, 1903)"
"オオウスカバイロコメツキ　基亜種","Chatanayus insularis insularis (Miwa, 1934)"
"セスジヒメハナカミキリ　東北地方西域亜種","Cryptopidonia amentata buna Kuboki, 2024"
"キマダラシギゾウムシ","Curculio (Curculio) betulae (Stephens, 1831)"
"サワダスナゴミムシダマシ","Gonocephalum (Gonocephalum) sawadai Masumoto, 1985"
"ワモンヒョウタンゾウムシ　屋久島亜種","Sympiezomias lewisi albidus Nakamura & Morimoto, 2015"
"クロサワメナガヒゲナガゾウムシ","Phaulimia kurosawai Senoh, 1986"
"サトウナガアシドロムシ","Grouvellinus babai satoi Jeng & P. -S. Yang, 1998"
"オキノシマハバビロオオハネカクシ","Agelosus yoshiyukii Hayashi & Yoshida, 2019"
"ウゼンハナムグリヨツメハネカクシ","Eusphalerum tachiyazawanum Y. Watanabe, 1990"
"エゾキノコハネカクシ","Bobitobus copulatus (Luze, 1902)"
"キタハヤシメダカハネカクシ","Stenus etsukoae Naomi, 1987"
"ヒメマルノミハムシ","Hemipyxis changi Kimoto, 1970"
"ツヤアカサルゾウムシ","Coeliodinus parcesquamosus (Hustache, 1916)"
"コクロハナノミ","Mordella holomelaena holomelaena Apfelbeck, 1914"
"キボシアトキリゴミムシ","Anomotarus (Anomotarus) stigmula (Chaudoir, 1852)"
"アカヒラタカメノコハムシ","Notosacantha ihai Chûjô, 1958"
"ミヤマチビシデムシ","Catops sparcepunctatus Jeannel, 1936"
"ヤコンオサムシ　近畿地方中部亜種","Carabus (Ohomopterus) yaconinus cupidicornis Ishikawa & Kubota, 1994"
"ホソツヤケシコメツキ　琉球亜種","Hayekpenthes pallidus okinawensis Kishii, 1979"
"シコクヒメハナカミキリ","Pseudopidonia mutata (Bates, 1884)"
"チビナガアリヅカムシ","Philiopsis sulcifrons Jeannel, 1958"
"オオホソチビゴミムシ　基亜種","Perileptus (Perileptus) laticeps laticeps S. Uéno, 1955"
"ヒサマツシバンムシ","Hisamatsua japonica Sakai, 1977"
"ムネミゾクロチビジョウカイ","Malthodes (Maltharchus) sulcicollis Kiesenwetter, 1879"
"ヒメカバイロコメツキ","Agriotes (Agriotes) elegantulus Lewis, 1894"
"リンゴハナゾウムシ","Anthonomus (Anthonomus) mali Kojima & Morimoto, 1994"
"カイコケホソハネカクシ","Leptusa (?) cornigera Assing, 2002"
"クロチビヒラタエンマムシ","Platylomalus persimilis (Lewis, 1888)"
"キボシチビカミキリ","Sybra (Sybra) flavomaculata Breuning, 1939"
"オガサワラネブトクワガタ　父島亜種","Aegus ogasawarensis chichijimaensis Hosoguchi, 2000"
"マダラヒゲナガゾウムシ","Opanthribus tessellatus (Boheman, 1829)"
"キヌゲマルトゲムシ","Cytilus sericeus (Forster, 1771)"
"ケシニセケカツオブシムシ","Evorinea iota (Arrow, 1915)"
"アナバネコツブゲンゴロウ","Noterus clavicornis (De Geer, 1774)"
"ムナビロフタモンヒメキノコハネカクシ　奄美沖縄亜種","Sepedophilus glabratus okinawanis Naomi & Maruyama, 1997"
"ビタカワベハネカクシ","Bledius (Barygus) vitaensis Bernhauer, 1938"
"クサフジチビケシキスイ","Fabogethes circularis (J. Sahlberg, 1903)"
"07/22","日本産甲虫の科別属種数　2024"
"ヨコモンニセオオキバハネカクシ","Pseudoxyporus hoplites (Sharp, 1889)"
"オオメイクビチョッキリ","Deporaus (Roelofsideporaus) hartmanni Voss, 1929"
"センカクズビロキマワリモドキ","Gnesis senkakuensis (M. T. Chûjô, 1973)"
"カシワザイノキクイムシ","Microperus quercicola (Eggers, 1926)"
"カラカネヒゲブトゴミムシダマシ","Diachoriops kondoi (Kulzer, 1957)"
"ダルマクチカクシゾウムシ","Aphanerostethus distinctus (Morimoto & Miyakawa, 1985)"
"オカボヒサゴトビハムシ","Chaetocnema (Chaetocnema) chujoi Takizawa, 2021"
"クロオサムシ　白神山地亜種","Carabus (Ohomopterus) albrechti yamauchii Takami & Ishikawa, 1997"
"エンマオチバメダカハネカクシ","Stenus enma Naomi, 1990"
"ブドウサルハムシ","Bromius obscurus (Linnaeus, 1758)"
"キジムナーコナガアリヅカムシ","Leptoplectus kijimunaa Jałoszyński & Nomura, 2021"
"キノシタマルクビハネカクシ","Tachinus (Tachinus) kinoshitai L. -Z. Li, 1995"
"ルイスチビシデムシ","Catops angustitarsis lewisi Jeannel, 1936"
"シイノキメクラチビゴミムシ","Yamautidius (Yamautidius) emarginatus S. Uéno, 1982"
"ナガホソヒゲハネカクシ","Trichophya punctata Naomi, 1996"
"ヨツモンセマルヒラタムシ","Psammoecus dentatus Grouvelle, 1883"
"スジカミキリモドキ","Chrysanthia geniculata viatica Lewis, 1895"
"ニセマツノシラホシゾウムシ","Shirahoshizo rufescens (Roelofs, 1875)"
"オオノミナガクチキ","Lederina pion (Sasaji, 1987)"
"カトウヒメハナノミ","Falsomordellistena (Falsomordellistena) katoi Nomura, 1961"
"ハラアカクロテントウ","Rhyzobius forestieri (Mulsant, 1853)"
"ツシマミフシヒゲブトアリヅカムシ","Triartiger reductus Nomura, 1997"
"ヒコサンエグリゴミムシダマシ","Uloma (Uloma) hikosana Nakane, 1956"
"クロオビトゲムネサルゾウムシ","Coelioderes lesnei (Hustache, 1916)"
"ムネアカホソホタルモドキ","Drilonius osawai Nakane, 1950"
"ホソヒラタハネカクシ","Siagonium gracile Sharp, 1889"
"ザウターゴミハネカクシ","Oxypoda (Podoxya) sauteri Bernhauer, 1907"
"キアシルリミズギワゴミムシ","Bembidion (?) trajectum Netolitzky, 1939"
"カノコサビカミキリ　奄美沖縄亜種","Apomecyna (Apomecyna) naevia deguchii Kusama & Takakuwa, 1984"
"34): 131-138.","Hromádka, L., 1982a. Weitere neue Stenus Arten von Japan (Coleoptera, Staphylinidae). 10. Beitrag zur Kenntnis der Steninen. Fragmenta Coleopterologica, (33"
"シロヒゲトビハムシ","Hespera lomasa Maulik, 1926"
"コゲチャカミキリモドキ　基亜種","Nacerdes (Xanthochroa) spinicoxis spinicoxis (Nakane, 1954)"
"フタヅノチビゴミムシダマシ","Pentaphyllus ensifera (Fauvel, 1904)"
"ヒメシロコブゾウムシ","Dermatoxenus caesicollis (Gyllenhal, 1833)"
"キバナガゴミムシ　本州四国亜種","Stomis (Stomis) prognathus japonicus Straneo, 1953"
"クロオビアシブトゾウムシ","Heterendaeus miyamotoi Morimoto, 1962"
"ミスジマルゾウムシ","Phaeopholus ornatus Roelofs, 1873"
"キムネキノコムシダマシ","Tetratoma (Tetratoma) nobuchii Nakane, 1955"
"ホシナコバネナガハネカクシ","Lathrobium (Lathrobium) hoshinai Y. Watanabe, 2017"
"ナタアシムネナガケシキスイ","Raspinotus excellens (Kirejtshuk, 1990)"
"サビアヤカミキリ","Abryna obscura Schwarzer, 1925"
"ツヤケシヒゲナガコバネカミキリ","Molorchoepania mizoguchii (Hayashi, 1955)"
"ヤマネホソコガシラハネカクシ","Gabrius yamanei Smetana, 1984"
"ヤマトアザミテントウ","Henosepilachna niponica (Lewis, 1896)"
"オウドウメクラチビゴミムシ","Yamautidius (Yamautidius) ishikawaorum S. Uéno, 1982"
"ヨツボシヒラタテントウ","Rodolia quadrimaculata Mader, 1939"
"マダラクワガタ　屋久島亜種","Aesalus asiaticus sawaii Fujita & Ichikawa, 1985"
"ニホンキノコハネカクシ","Lordithon (Lordithon) japonicus (Sharp, 1874)"
"ウスイロヒメハナカミキリ","Pseudopidonia pallida (K. Ohbayashi & Hayashi, 1960)"
"カンムリセスジゲンゴロウ","Copelatus kammuriensis Tamu & Tsukamoto, 1955"
"ドウイロチビケシキスイ","Brassicogethes haroldi (Reitter, 1877)"
"ウスチャチビマルハナノミ","Herthania sasagawai (Yoshitomi & Klausnitzer, 2003)"
"ハチジョウシギゾウムシ","Curculio (Curculio) hachijoensis Morimoto, 1962"
"アマミチビヒョウタンゾウムシ","Myosides amamianus Morimoto & Lee, 1993"
"フタホシメダカハネカクシ","Stenus comma LeConte, 1863"
"ミヤマムネビロキスイ","Cryptophagus minotaurus Y. Satô, 2010"
"シラフヒゲナガカミキリ","Monochamus (Monochamus) nitens (Bates, 1884)"
"キョウトチビマメコメツキ","Quasimus (Quasimus) kyotoensis Kishii, 1966"
"ヒメホソハマベゴミムシダマシ","Micropedinus pallidipennis Lewis, 1894"
"アカバネナガクチキ","Melandrya (Emmesa) utakoae Sasaji, 1988"
"ヒメオチバメダカハネカクシ","Stenus hime Naomi & Puthz, 1994"
"ハンノカバイロキクイムシ","Alniphagus costatus (Blandford, 1894)"
"フトヒシベニボタル","Pyropterus nigroruber (DeGeer, 1774)"
"セマルヨツメハネカクシ","Mannerheimia curtella (Sharp, 1889)"
"ヤエヤマフタイロジョウカイ　基亜種","Lycocerus ryukyuanus ryukyuanus (Wittmer, 1970)"
"エゾモンチビオオキノコ","Tritoma (Tritoma) otaitoensis Nakane, 1961"
"オオバヤドリギヒラタチビタマムシ","Habroloma (Parahabroloma) taxillusi Kato & Kawakita, 2023"
"ナガムネホソヒラタムシ","Silvanoprus parallelocollis (Reitter, 1876)"
"マダラホソツツキノコムシ","Orthocis ornatus (Reitter, 1877)"
"イズヒゲナガキバケシキスイ","Platychora insularis Hisamatsu, 1964"
"ムツキボシツツハムシ","Cryptocephalus (Cryptocephalus) ohnoi Kimoto, 1983"
"ニッポンヨツボシゴミムシ","Adischissus japonicus (Andrewes, 1933)"
"オオメアカヒラタケシキスイ","Tetrisus (Trimenus) parallelopipedus (Motschulsky, 1863)"
"キヌコガシラハネカクシ","Philonthus (Philonthus) sublucanus Herman, 2001"
"カムロアカコメツキ","Ampedus (Ampedus) kamuro Kishii, 1996"
"スジヒラタガムシ","Helochares (Hydrobaticus) nipponicus Hebauer, 1995"
"サワダハヤシメダカハネカクシ","Stenus sawadaiellus Naomi & Puthz, 1994"
"ワタナベモンヒメハナノミ","Mordellina watanabei Tsuru, 2002"
"セミゾヒラタハネカクシ","Siagonium nobile Sharp, 1889"
"ワタナベカタホソヨツメハネカクシ","Philydrodes (Minyphilydrodes) watanabei R. Dvořák, 1957"
"カザリヒゲブトムネトゲアリヅカムシ","Petaloscapus ornatus (Sharp, 1874)"
"コヤマトヒゲブトアリヅカムシ　対馬亜種","Diartiger fossulatus tadauchii Nomura & Komatsu, 2012"
"アオミズギワゴミムシ","Bembidion (Asioperyphus) chloreum Bates, 1873"
"ハセガワヒメハナノミ","Falsomordellina hasegawai (Nomura, 1951)"
"キイロカミキリモドキ　北日本亜種","Nacerdes (Xanthochroa) hilleri kurosai (Nakane, 1988)"
"サトウマメツヤケシコメツキ","Abelater satoi (Ôhira, 1968)"
"ニッコウヒメハナカミキリ　中部山岳西域亜種","Pseudopidonia limbaticollis ohbayashii (Matsushita, 1933)"
"オガサワラチビクワガタ　媒島亜種","Figulus boninensis karubei Fujita, 2010"
"バサルキンクロヒメジョウカイ","Rhagonycha (Rhagonycha) basarukini Kazantsev, 1994"
"ツマキナガタマムシ","Agrilus auroapicalis ishigakianus Tôyama, 1985"
"ミヤタケメダマテントウ","Sasajiella amamiana Miyatake, 1994"
"ツツホソミツギリゾウムシ","Callipareius (Callipareius) formosanus (Kleine, 1916)"
"タキザワツツキクイゾウムシ","Magdalis (Magdalis) phlegmatica (Herbst, 1797)"
"ナカグロキバネクビナガゴミムシ","Odacantha (Odacantha) puziloi Solsky, 1875"
"キュウシュウクチブトゾウムシ","Lepidepistomodes kyushuensis Kojima & Morimoto, 2006"
"エゾヒメミズスマシ","Gyrinus (Gyrinulus) minutus Fabricius, 1798"
"ヤマトホソクロコメツキ","Ampedus (Ampedus) shotakahashii Kishii, 1991"
"ヤマジナガゴミムシ","Pterostichus (Sphodroferonia) yamajii Kasahara, 1993"
"ヒラヤマコブハナカミキリ","Enoploderes (Pyrenoploderes) bicolor Ohbayashi, 1941"
"アオキクスイカミキリ","Phytoecia (Phytoecia) coeruleomicans Breuning, 1947"
"ミスジキイロテントウ","Brumoides ohtai Miyatake, 1970"
"ヒラノオチバゾウムシ","Otibazo hiranoi Yoshitake, 2021"
"ダンダラカッコウムシ","Stigmatium pilosellum (Gorham, 1878)"
"ケズネチビトラカミキリ　基亜種","Amamiclytus nobuoi nobuoi K. Ohbayashi, 1964"
"オキナワコフキコガネ","Melolontha (Melolontha) masafumii Nomura, 1952"
"クリヤマクビボソジョウカイ","Asiopodabrus (Asiopodabrus) kuriyamanus (Takahashi, 2002)"
"ヒメクサアリハネカクシ","Pella beijingorum (Pace, 1998)"
"アコメオチバメダカハネカクシ","Stenus akome Naomi, 1989"
"ザウテルナガメダカハネカクシ","Stenus sauteri Bernhauer, 1907"
"ホソセスジハムシ","Haplosomoides costata (Baly, 1878)"
"ヤマトツツナガハネカクシ　亜種","Lobrathium (Lobrathium) shibatai varium Ito, 1995"
"シライサワクビボソジョウカイ","Asiopodabrus (Imasakapodabrus) shiraisawanus (Takahashi & Kiriyama, 2000)"
"ヒラタクワガタ　本土亜種","Dorcus titanus pilifer (Snellen van Vollenhoven, 1861)"
"モリモトチビサルハムシ","Nodina morimotoi Kimoto & Gressitt, 1966"
"シラヒゲメクラチビゴミムシ","Yamautidius (Yamautidius) ryosukei (S. Uéno, 1960)"
"ツノクモゾウムシ","Phylaitis maculiventris Voss, 1958"
"ルイスナガメダカハネカクシ","Stenus lewisius lewisius Sharp, 1874"
"アキタクロナガオサムシ　富士亜種","Carabus (Euleptocarabus) porrecticollis pacificus Imura & Matsunaga, 2011"
"ヒゲボソトガリハネカクシ","Thinocharis japonica Bernhauer, 1909"
"ヤエヤマナカボソタマムシ","Coraebus fukamachii Akiyama, 1987"
"ムラカミチビシギゾウムシ","Balanobius (Balanobius) murakamii (Morimoto, 1962)"
"ネジレヒゲブトチビシデムシ","Colon (Myloechus) tanakai Hoshina, 2009"
"リュウキュウムネスジミギワハネカクシ","Erichsonius (Sectophilonthus) naomii (Uhlig & Y. Watanabe, 1992)"
"コセマルヒゲナガゾウムシ","Penestica brevis albescens (Shibata, 1963)"
"タンザワメクラチビゴミムシ","Trechiama (Trechiama) varians S. Uéno, 1981"
"イシズチクビボソジョウカイ","Asiopodabrus (Asiopodabrus) ishizuchiensis Takahashi, 2012"
"エダシゲクロヒメハナノミ","Mordellistena edashigei Chûjô, 1956"
"セグロヒラタケシキスイ","Epuraea (Epuraeanella) neglecta (Heer, 1841)"
"ヤエヤマナガタマムシ","Agrilus samuelsoni Tôyama, 1985"
"クナシリムナビロコケムシ","Cephennodes (Cephennodes) moderatus (Kurbatov, 1995)"
"アマミリンゴカミキリ","Oberea (Oberea) shibatai Hayashi, 1962"
"ミヤビヒシベニボタル","Dictyoptera sapporensis (Kono, 1932)"
"ニッコウミズギワコメツキ","Fleutiauxellus (Neomigiwa) nikkoensis (Kishii, 1976)"
"カタボシホナシゴミムシ","Perigona (Perigona) acupalpoides Bates, 1883"
"フタオビヒメハナノミ","Mordellina signatella (Marseul, 1877)"
"アオヘリミズギワゴミムシ","Bembidion (Chlorodium) leucolenum Bates, 1875"
"クレコバネナガハネカクシ","Lathrobium (Lathrobium) okamotoi Y. Watanabe, 2011"
"オノヒゲナガゾウムシ","Dendropemon japonicus (Morimoto, 1979)"
"シコクマルカツオブシムシ","Anthrenus (Florilinus) shikokensis N. Ohbayashi, 1985"
"ヨコミゾドロムシ","Leptelmis gracilis gracilis Sharp, 1888"
"ネアカクロベニボタル","Cautires bourgeoisi (Harold, 1879)"
"ハネアカブチヒゲハネカクシ","Anisolinus tsurugiensis K. Sawada, 1961"
"アカアシマルガタゴミムシ","Amara (Amara) familiaris (Duftschmid, 1812)"
"ツマアカヒメテントウ","Scymnus (Pullus) dorcatomoides Weise, 1879"
"キタクロベニコメツキ","Denticolloides hosokawai Arimoto, 2000"
"オオクマハナゾウムシ","Anthonomus (Anthonomus) okumai Morimoto & Miyakawa, 1985"
"ハクサンルリヒラタゴミムシ","Paranchodemus ishiguroi Morita, Toda & Kanie, 2008"
"ヤマトエンマムシ","Hister japonicus Marseul, 1854"
"ナベタニヒメコバネナガハネカクシ","Lathrobium (Lathrobium) nabetaniense Y. Watanabe, 1997"
"ハスオビヒメコキノコムシ","Litargus (Litargus) connexus (Geoffroy, 1785)"
"ヒダカメクラチビゴミムシ　基亜種","Trechiama (Trechiama) borealis borealis S. Uéno, 1961"
"シマモリホソヒメジョウカイモドキ","Attalus (Attalus) shimamori Asano, 2018"
"ナオミマルクビハネカクシ","Tachinus (Tachinoderus) naomii L. -Z. Li, 1994"
"トカラコブヒゲカミキリ　基亜種","Rhodopina tokarensis tokarensis Hayashi, 1956"
"キアシチビオオキノコ","Triplax canalicollis Lewis, 1887"
"ハギルリオトシブミ　対馬亜種","Euops (Parasynaptopsis) lespedezae koreanus Sawada & Morimoto, 1985"
"イシカワクロホシクチブトゾウムシ","Lepidepistomodes togashii Kojima & Morimoto, 2006"
"ハクサンヒメマルクビゴミムシ","Nebria (Falcinebria) pisciformis Sasakawa, 2020"
"コメノノクビボソジョウカイ","Asiopodabrus (Satopodabrus) komenono Takahashi, 2012"
"カワベメクラチビゴミムシ","Kusumia kitayamai Ashida, 2000"
"オビモンコミズギワゴミムシ","Tachyura (Tachyura) ceylanica (Nitener, 1958)"
"カタシロゴマフカミキリ　屋久島亜種","Mesosa (Perimesosa) hirsuta albihirsuta Kusama & Takakuwa, 1984"
"オナガカツオゾウムシ","Lixus (?) moiwanus Kono, 1928"
"ニセヘリアカゴミムシダマシ","Cenoscelis (Cenoscelis) atra (Pic, 1926)"
"ムナビロヒメフトコメツキダマシ","Bioxylus laticollis Hisamatsu, 1963"
"クロサメクラチビゴミムシ　基亜種","Rakantrechus (Paratrechiama) kurosai kurosai S. Uéno, 1959"
"ミゾボソノミナガクチキ","Lederina angusticanalis (Sasaji, 1987)"
"ノコヒゲフトコメツキダマシ","Otho sphondyloides (Germar, 1818)"
"ズイノキクイムシ","Dryocoetiops apatoides (Eichhoff, 1875)"
"イリオモテコブスジツノゴミムシダマシ","Boletoxenus kawadai Akita & Masumoto, 2003"
"シワバネヒメメダカハネカクシ","Stenus corrugatus Naomi & Shimada, 2008"
"ワタナベマルタマキノコムシ","Agathidium (Neoceble) watanabei Hoshina, 2002"
"シナノヒメハナカミキリ","Pseudopidonia suzukii (Kuboki, 1982)"
"ソリヴァグスコナガアリヅカムシ","Leptoplectus solivagus Kurbatov, 1991"
"クロツヤノミゾウムシ","Orchestes (Orchestes) nitens (Morimoto, 1984)"
"ホクベイコメクイゴミムシダマシ","Cynaeus angustus (J. L. LeConte, 1851)"
"ミヤマヒシガタクモゾウムシ","Lobotrachelus minor (Hustache, 1921)"
"フクエヒメコバネナガハネカクシ","Lathrobium (Lathrobium) fukuense Y. Sato, 2023"
"セスジデオキスイ","Brachypeplus dorsalis Grouvelle, 1897"
"クリタマムシ　基亜種","Toxoscelus auriceps auriceps (E. Saunders, 1874)"
"ムネツヤサビカミキリ","Arhopalus rusticus (Linnaeus, 1758)"
"ヤンブシアカヒラタゴミムシ","Yukihikous montanus Morita, 2012"
"ナンセイコバネナガハネカクシ","Lathrobium (Lathrobium) nanseiense Y. Watanabe, 2005"
"コモンキノコゴミムシダマシ","Spiloscapha ichihashii (Nakane, 1956)"
"ニッポンフトヒシベニボタル","Pyropterus japonicus Matsuda, 2011"
"ウスグロヒメヒゲナガゾウムシ","Rhaphitropis truncatoides Morimoto, 1981"
"クロアメイロコメツキ","Kometsukia vesticornis Kishii, 1957"
"ババスゲヒメゾウムシ","Limnobaris babai Chûjô & Morimoto, 1959"
"ツヤヒラスナゴミムシダマシ","Diphyrrhynchus iriomotensis M. T. Chûjô, 1966"
"ヤクシマダエンマルトゲムシ","Pseudochelonarium yakushimanum (Nakane, 1963)"
"セアカヒメオトシブミ","Compsapoderus (Compsapoderus) geminus (Sharp, 1889)"
"ツチゴヤアカコメツキ","Ampedus (Miwaelater) tsuneoi Ôhira, 1998"
"キスジホソクロコメツキ","Ampedus (Ampedus) kisuji Kishii, 2004"
"キバネツヤハダコメツキ","Yukara inornata (Lewis, 1894)"
"コガシラヒメハネカクシ","Plataraea (Plataraea) punctifrons (Sawada, 1970)"
"ヒラタホソコガシラハネカクシ","Gabrius subdepressus (Bernhauer, 1939)"
"イツホシハネカクシ","Neothetalia alpicola Sawada, 1988"
"ソラマメゾウムシ","Bruchus rufimanus Boheman, 1833"
"マサキオオクシコメツキ","Melanotus (Nishimelanotus) masakii Kishii, 1975"
"アマミマドボタル","Pyrocoelia oshimana Nakane, 1985"
"オオメクラチビゴミムシ　亜種","Trechiama (Trechiama) pluto kanekiyo S. Uéno, 1958"
"ヒメオサムシ　若松島亜種","Carabus (Ohomopterus) japonicus wakamatsuensis Imura & Mizusawa, 1994"
"クニガミビロウドコガネ","Maladera (?) kunigami Kobayashi, Kusui & Imasaka, 2006"
"クロマダラチビオオキノコ","Pseudotritoma nigrovariegata nigrovariegata (Chûjô, 1968)"
"サイゴクヒゲナガアリヅカムシ　中国九州亜種","Pselaphogenius paradoxus magnioculatus Sawada, 1971"
"モンチビヒラタケシキスイ","Epuraea (Haptoncus) ocularis (Fairmaire, 1849)"
"オガサワラムツボシタマムシ　基亜種","Chrysobothris (Chrysobothris) boninensis boninensis Y. Kurosawa, 1975"
"タミノメダカアリヅカムシ","Trisinus tamino (Nomura, 1991)"
"シラタカメクラチビゴミムシ","Trechiama (Trechiama) accipitris S. Uéno, 1983"
"オオモンコミズギワゴミムシ","Tachys (Tachys) sexguttatus (Fairmaire, 1849)"
"スジホソコガネ","Coenochilus striatus Westwood, 1874"
"チャップマンクロバネアリガタハネカクシ","Oedichirus (Oedichirus) chapmani Cameron, 1940"
"チャイロヒメコブハナカミキリ　西日本亜種","Pseudosieversia japonica shikokensis Hayashi, 1959"
"ヤツマルクビゴミムシ","Nebria (Sadonebria) yatsugatakensis Sasakawa, 2016"
"ムネマダラトラカミキリ　八重山亜種","Xylotrechus (Xylotrechus) grayii yaeyamanus (Takakuwa, 1984)"
"ヤツボシヒゲナガゾウムシ","Deropygus histrio Sharp, 1891"
"オカヤマヒメハネカクシ","Atheta (Philhygra) pseudoelongatula Bernhauer, 1907"
"ホソヒメクロオサムシ　飛騨山脈北部亜種","Carabus (Pentacarabus) harmandi quinquecatellatus (Ishikawa, 1986)"
"サカグチオオヒラタコメツキ","Anthracalaus sakaguchii (Miwa, 1929)"
"ツヤツツキノコムシ","Octotemnus laminifrons (Motschulsky, 1861)"
"トウコヒメコケムシ","Euconnus (Euconnus) touko Hoshina, 2019"
"クビアカモリヒラタゴミムシ","Loxocrepis rubriola (Bates, 1883)"
"オオダイナガゴミムシ","Pterostichus (Nialoe) ohdaisanus Nakane, 1963"
"ゴトウコバネナガハネカクシ","Lathrobium (Lathrobium) gotoianum Y. Sato, 2023"
"サタツヤゴモクムシ","Trichotichnus (Bottchrus) sataensis Habu & Nakane, 1955"
"クロツヤハダコメツキ　屋久島亜種","Hemicrepidius (Hemicrepidius) secessus yakuanus Kishii, 2001"
"ヨシカワメクラチビゴミムシ　亜種","Kusumia yoshikawai latipennis S. Uéno, 1999"
"ヤクシマホソベニボタル","Dilophotes ouenoi Matsuda, 2021"
"メナシニセノコバウミハネカクシ","Paramblopusa sumikawai Tasaku, Ono & Maruyama, 2023"
"セコブヒラタケシキスイ","Epuraea (Epuraea) terminalis (Mannerheim, 1843)"
"ケブカクチブトゾウムシ","Lepidepistomodes fumosus (Faust, 1882)"
"タカハシヒメツツハネカクシ","Lispinus (Lispinus) takahashii Naomi, 2012"
"ウエダエンマコガネ","Onthophagus (Palaeonthophagus) olsoufieffi Boucomont, 1924"
"コーラケシデオキノコムシ","Scaphisoma colasi Löbl, 1965"
"オガサワラオオマルシバンムシ","Megorama ogasawarensis Sônaka & Sakai, 2014"
"ツバキヤマツチゾウムシ","Trachyphilus tsubakiyamanus Morimoto, 2015"
"カエデノヘリグロハナカミキリ","Eustrangalis (Eustrangalis) distenioides Bates, 1884"
"ウスチャツブゲンゴロウ","Laccophilus chinensis Boheman, 1858"
"イリオモテマルムネゴミムシダマシ","Nalassus (Nalassus) akitai (Masumoto, 1998)"
"ヒメケブカメダカハネカクシ","Stenus pilosiventris Bernhauer, 1915"
"オコックアトキリゴミムシ","Cymindis (Tarulus) vaporariorum (Linné, 1758)"
"タイワンチビカミキリ　奄美沖縄亜種","Sybra (Sybra) pascoei okinawana Breuning & K. Ohbayashi, 1967"
"ハスオビヒゲナガカミキリ","Cleptometopus bimaculatus (Bates, 1873)"
"マヤサンコブヤハズカミキリ　基亜種","Parechthistatus (Mesechthistatus) furcifer furcifer (Bates, 1884)"
"ヤンバルツヤヒラタゴミムシ","Synuchus (Synuchus) uedai Morita, 2015"
"ババオオヒメゾウムシ","Keibaris babai Chûjô, 1960"
"ジョウカイボン　西日本亜種","Lycocerus suturellus luteipennis (Kiesenwetter, 1874)"
"オガサワラヒメマルシバンムシ","Cryptoramorphus boninensis (Ford, 1958)"
"アオバヒメコメツキモドキ","Anadastus praetermissus (Janson, 1873)"
"ツヤハダゴマダラカミキリ","Anoplophora glabripennis (Motschulsky 1853)"
"ズマルオオコガシラハネカクシ","Philonthus (Philonthus) addendus Sharp, 1867"
"ニセミツモンセマルヒラタムシ","Psammoecus triguttatus Reitter, 1874"
"エゾヒメツツキノコムシ","Strigocis tokunagai (Nobuchi, 1960)"
"ニッポントゲバゴマフガムシ","Berosus (Enoplurus) nipponicus Schödl, 1991"
"キュウシュウヒメコキノコムシ","Litargus (Litargosomus) kyushuensis Miyatake, 1985"
"マルマメコメツキ","Quasimus (Quasimus) ovalis (Candèze, 1873)"
"アイヌツヤミズギワコメツキ","Oedostethus ainu Ôhira, 1995"
"キバネセミゾハネカクシ","Myrmecocephalus sapidus (Sharp, 1874)"
"ヒメトガリハネカクシ","Hypomedon debilicornis (Wollaston, 1857)"
"ヒダムネナガカバイロコメツキ","Ectinus hidaensis Ôhira, 1998"
"キスジツツホソミツギリゾウムシ","Callipareius (Callipareius) miyakawai Morimoto, 1979"
"ガロアホソアリモドキ","Cordicollis galloisi (Pic, 1910)"
"ガロアケシカミキリ","Exocentrus galloisi Matsushita, 1933"
"キイロホソツツシンクイ","Lymexylon miyabei Nakane, 1985"
"ヒシチビゾウムシ","Nanophyes japonicus Roelofs, 1879"
"アオカメノコハムシ　基亜種","Cassida rubiginosa rubiginosa Müller, 1776"
"メスアカキマダラコメツキ","Gamepenthes versipellis (Lewis, 1894)"
"ニセフタオビノミハナカミキリ　基亜種","Omphalodera testacea testacea (Matsushita, 1933)"
"クロヒラタカミキリ","Ropalopus (Prorrhopalopus) signaticollis ohmomoi Fujita, 2023"
"クロスジチャイロコガネ　九州亜種","Sericania fuscolineata minuscula Nomura, 1976"
"ヨウロウメクラチビゴミムシ","Trechiama (Trechiama) yoro Ashida, 1998"
"カナムグラサルゾウムシ","Cardipennis shaowuensis (Voss, 1958)"
"ツバキシギゾウムシ","Curculio (Curculio) camelliae (Roelofs, 1874)"
"オオダイヨコミゾコブゴミムシダマシ","Usechus ohdaiensis Sasaji, 1987"
"キベリマメゲンゴロウ","Platambus fimbriatus Sharp, 1884"
"アカイシミズギワゴミムシ","Bembidion (Ocydromus) hosodai Morita, 2012"
"アマミトラハナムグリ","Epitrichius lagopus (Fairmaire, 1897)"
"ヤマモトヒメハネカクシ","Neodimetrota yamamotoi (Sawada, 1989)"
"ニシコブヒゲボソゾウムシ","Phyllobius (Nipponophyllobius) occidentalis Morimoto & Miyakawa, 2006"
"アオバヒメハムシ","Epaenidea elegans Kimoto & Gressitt, 1966"
"オオサメハダキコメツキ","Xanthopenthes konoi Nakane & Kishii, 1955"
"トゲナシトゲヒメハナノミ","Mordellochroa (Neotolidostena) taiwana Kiyoyama, 1987"
"ダエンミジンムシ","Corylophus cassidoides (Marsham, 1802)"
"カイチビマメコメツキ","Quasimus (Miquasus) kai Kishii, 1994"
"アカバホソハネカクシ","Othius rufipennis Sharp, 1874"
"コシキコバネナガハネカクシ","Lathrobium (Lathrobium) onodai Y. Watanabe, 1996"
"ミナミヒラズホソクビハネカクシ","Pachycorynus dimidiatus Motschulsky, 1858"
"ケブトスグリゾウムシ","Pseudocneorhinus squameus Morimoto, 2015"
"サッポロコキクイムシ","Hypothenemus sapporensis (Niijima, 1910)"
"キマダラケシキスイ","Soronia grisea (Linnaeus, 1758)"
"ツヤハダヒメゾウムシ","Phrissoderes rufitarsis (Roelofs, 1875)"
"ギョウジャヒサゴアリヅカムシ","Arthromelodes gyoja Nomura, 1991"
"カギツメヒゲブトコメツキ","Aulonothroscus laticollis (Rybinski, 1897)"
"シナヒメクビレハネカクシ","Ischnopoda wei Pace, 1993"
"イシガキトガリバサビカミキリ　沖縄本島亜種","Iproca ishigakiana aoyamaorum M. Hasegawa & N. Ohbayashi, 2006"
"シナノオチバメダカハネカクシ","Stenus cinanomontis Naomi & Nomura, 2015"
"ウスイロハムシダマシ","Hosohamusidama hanatanii Masumoto & Akita, 2008"
"カタモンニセオオキバハネカクシ","Pseudoxyporus humeralis (Sharp, 1889)"
"チャグロマグソコガネ","Aphodius (Aparammoecius) isaburoi Nakane, 1956"
"モモビロヤサクチカクシゾウムシ","Parempleurus femoratus Morimoto & Miyakawa, 1985"
"クロサオオメツヤムネハネカクシ","Quedius (Raphirus) kurosai Hayashi, 2019"
"カンナベメクラチビゴミムシ","Trechiama (Trechiama) biuncinatus Ashida, 2002"
"ムナグロデオキスイ","Carpophilus (Myothorax) contengens (Walker, 1858)"
"ミナミタチゲメダカハネカクシ","Stenus punctifer Naomi, 1988"
"ブラジルマメゾウムシ","Zabrotes subfasciatus (Boheman, 1833)"
"2): 5-13.","Hisamatsu, S., 1985a. Notes on some Japanese Coleoptera, I. Transactions of the Shikoku Entomological Society, 17(1"
"エジマツツハムシ","Cryptocephalus (Burlinius) ejimai Takizawa, 1990"
"ルリエンマムシ","Saprinus (Saprinus) splendens (Paykull, 1811)"
"ヒナルリハナカミキリ","Dinoptera minuta (Gebler, 1832)"
"サトユミアシゴミムシダマシ　台湾亜種","Promethis valgipes subvalgipes (M. T. Chûjô, 1981)"
"ウグリチビマメコメツキ　高知沖の島亜種","Quasimus (Quasimus) uguriensis okicola Kishii, 1970"
"アオイハネナシナガクチキ","Nipponomarolia nagaii Nakane, 1989"
"ヒガシマルムネジョウカイ","Prothemus reinii (Kiesenwetter, 1879)"
"チャイロホソコガネ","Clinterocera ishikawai (Y. Kurosawa, 1973)"
"シコクオニニセチビシデムシ","Ptomaphaginus miyataorum M. Nishikawa, 2017"
"トクノシマスジツヤチビハネカクシ","Edaphus sergestus Puthz, 2010"
"ヘリアカヒラタケシキスイ","Epuraea (Epuraea) rufomarginata (Stephens, 1830)"
"セダカコブヤハズカミキリ　鈴鹿山脈中央部亜種","Parechthistatus (Parechthistatus) gibber imasakai Asano, 2024"
"カラフトヒゲナガカミキリ","Monochamus (Monochamus) saltuarius (Gebler, 1830)"
"2): 5-12.","Ishida, H. & T. Shibata, 1961a. Three new species of Pterostichini from the mountains of Shikoku, Japan (Coleoptera: Harpaliidae). Transactions of the Shikoku Entomological Society, 7(1"
"ツマグロカミキリモドキ","Nacerdes (Nacerdes) melanura (Linnaeus, 1758)"
"ヨコグロハナカミキリ","Anastrangalia sequensi (Reitter, 1898)"
"ミヤコグサマメゾウムシ","Bruchus loti Paykull, 1800"
"アレスミカンナガタマムシ","Agrilus alesi Obenberger, 1935"
"オガサワラクチボソヒゲナガゾウムシ","Plintheria caliginosa Shibata, 1980"
"キュウシュウヒゲボソゾウムシ","Phyllobius (Otophyllobius) rotundicollis Roelofs, 1873"
"ヒメカンショコガネ","Apogonia amida Lewis, 1896"
"ニセマキバマグソコガネ","Aphodius (Agoliinus) morii Nakane, 1983"
"ヤマトサビイロモンキハネカクシ","Protocypus yamato (Naomi, 1992)"
"ホソバアリガタハネカクシ","Paederus (Paederus) angustipennis Bernhauer, 1936"
"ミナミセマルガムシ","Coelostoma (Coelostoma) bhutanicum Jayaswal, 1972"
"ボウズナガクチキ","Melandrya (Bonzicus) incostata Fairmaire, 1889"
"ウケンカバイロコメツキ","Agriotes (Agriotes) asaokai Ôhira, 1994"
"チャバネシモフリコメツキ　山口亜種","Actenicerus (Acnitecerus) suzukii choushu Kishii, 2004"
"ウスバカミキリ　八重山亜種","Aegosoma sinicum validicornis (Gressitt, 1951)"
"ホソニセクビボソムシ","Pseudanidorus rubrivestus (Marseul, 1876)"
"ムナキルリハムシ","Smaragdina semiaurantiaca (Fairmaire, 1888)"
"トウホクホソコガシラハネカクシ","Gabrius lackneri Schillhammer, 2011"
"アカチャホソシバンムシ","Oligomerus japonicus Sakai, 1982"
"ミヤマメクラチビゴミムシ","Yamautidius (Miyamaidius) aenigmaticus S. Uéno, 1978"
"トヨハシヒメカタゾウムシ","Arrhaphogaster inouei Morimoto, 2015"
"クリイロマルタマキノコムシ","Agathidium (Cyphoceble) microps Portevin, 1907"
"キヌガサチビジョウカイ","Malthodes (Maltharchus) kinugasai Takahashi, 2002"
"オオイカリゾウムシ","Euthycus japonicus Heller, 1922"
"ハキアイメクラチビゴミムシ","Rakantrechus (Paratrechiama) yoshikoae S. Uéno, 1970"
"ノムラツチゾウムシ","Trachyphilus nomurai Morimoto, 2015"
"マヤサンオサムシ　北陸地方亜種","Carabus (Ohomopterus) maiyasanus hokurikuensis Ishikawa & Kubota, 1994"
"ホソクビアリモドキ　本土亜種","Anthelephila bramina coiffaiti (Bonadona, 1964)"
"アマミヒメサビキコリ","Agrypnus amamianus (Kishii, 1974)"
"アカアシクロコメツキ　屋久島亜種","Ampedus (Ampedus) japonicus kosugiensis Kishii, 1983"
"ヤクシマホソヒラタゴミムシ","Trephionus obscurus S. Uéno, 1955"
"ヨツボシヒメゾウムシ","Dendrobaris flavosignata (Roelofs, 1879)"
"トチギクビボソジョウカイ","Asiopodabrus (Asiopodabrus) tochigiensis Takahashi, 2002"
"オオツブエンマムシ","Anapleus hagai M. Ôhara, 1994"
"アマミヨツスジハナカミキリ　沖縄本島亜種","Leptura amamiana watanabei Hayashi, 1962"
"トミナガコバネナガハネカクシ","Lathrobium (Lathrobium) tomohidei Senda, 2024"
"フトツツハネカクシ","Osorius angustulus Sharp, 1874"
"ヒサゴイネゾウモドキ","Grypus mannerheimi Faust, 1881"
"フキメクラチビゴミムシ","Trechiama (Trechiama) acutidens S. Uéno, 1986"
"ナガイメクラチビゴミムシ","Trechiama (Trechiama) nagahatai S. Uéno & Sone, 2008"
"カンダオオタマキノコムシ","Leiodes kandai Hoshina, 2012"
"アシズリオビツチゾウムシ","Antinia ashizuriabna Morimoto, 2015"
"カラカネナカボソタマムシ　沖縄島亜種","Coraebus ignotus okinawanus Y. Kurosawa, 1985"
"ミヤマデオキノコムシ","Scaphidium inagoense Kimura, 2008"
"ニセキイチゴトゲサルゾウムシ","Scleropteroides longiprocessus Huang & Yoshitake, 2014"
"ヒヤミズメクラチビゴミムシ","Kusumia gelida S. Uéno & Naitô, 2003"
"アマミアオジョウカイ　基亜種","Themus (Themus) kazuoi kazuoi N. Ohbayashi & M. Satô, 1968"
"キムラツノツツハネカクシ","Plastus (Plastus) kimurai Naomi, 1996"
"キアシチビコガシラハネカクシ","Philonthus (Cephalonthus) numata Dvořák, 1958"
"チビナガコケムシ","Paraneseuthia paradoxa (K. Sawada, 1962)"
"マツノコキクイムシ","Tomicus minor (Hartig, 1834)"
"アルプスカタホソヨツメハネカクシ","Philydrodes (Philydrodes) minipunctatus Y. Watanabe, 1990"
"イボタロウヒゲナガゾウムシ","Anthribus niveovariegatus (Roelofs, 1879)"
"オオサワチビオオキノコ","Tritoma (Tritoma) osawai Nakane, 1981"
"ヒゲブトハナカミキリ","Pachypidonia bodemeyeri (Pic, 1934)"
"フチドリツヤケシハネカクシ","Ophryomedon crenatus Wasmann, 1916"
"エゾトゲムネカミキリ","Oplosia suvorovi (Pic, 1914)"
"ホソヒメコクヌストモドキ","Lyphia exigua Marseul, 1876"
"フタモンハバビロオオキノコ","Tritoma (Tritoma) biplagiata (Lewis, 1887)"
"ムネヨコカクホソカタムシ","Paracerylon curticolle (Sharp, 1885)"
"ハヤシケシカミキリ","Exocentrus hayashii Samuelson, 1965"
"サイゴクハナムグリヨツメハネカクシ","Eusphalerum saigokuense Y. Watanabe, 1990"
"ニシアワクラヌレチゴミムシ","Apatrobus nishiawakurae (Habu, 1980)"
"ヒメイソハネカクシ","Halorhadinus miyakei Ono & Maruyama, 2014"
"ケブカアシブトゾウムシ","Ochyromera hirsuta Kojima & Morimoto, 1996"
"ヨツボシヒメクチキムシ","Mycetochara (Ernocharis) collina (Lewis, 1895)"
"キタザワコケホソハネカクシ　富士亜種","Leptusa (Eospisalia) kitazawai fujiensis Pace, 1982"
"カミゴトウメクラチビゴミムシ","Gotoblemus (Kamigotoblemus) gracilicornis Naitô, 2018"
"ヒガワヒメカワベハネカクシ","Platystethus (Craetopycrus) alutaceus Thomson, 1861"
"カマクラオノヒゲアリヅカムシ","Bryaxis kamakura Löbl, Kurbatov & Nomura, 1998"
"クロオビマグソコガネ","Aphodius (Acrossus) unifasciatus Nomura & Nakane, 1951"
"キノコホシハナノミ","Curtimorda maculosa (Naezen, 1794)"
"オオシマズカクシナガクチキ","Anisoxiella laticollis (Nakane, 1963)"
"キソコマツヤムネハネカクシ","Quedius (Microsaurus) yasuhikoi Sawada, 1964"
"オオホソツヤミズギワコメツキ","Menoko alpense Kishii, 1987"
"ツシマクロヒメジョウカイ","Rhagonycha (Rhagonycha) transita Wittmer, 1971"
"ガニゴエメクラチビゴミムシ","Ryugadous (Yuadorgus) elongatulus S. Uéno, 1979"
"スジグロボタル　基亜種","Pristolycus sagulatus sagulatus Gorham, 1883"
"ホソチビヒラタムシ","Leptophloeus femoralis Sasaji, 1983"
"アオタマムシ","Eurythyrea tenuistriata Lewis, 1893"
"カクツヤケシアバタハネカクシ","Tympanophorus sauteri Bernhauer, 1907"
"キンスジカネコメツキ","Gambrinus yujii (Arimoto, 2013)"
"タカクラホソヒラタゴミムシ","Trephionus takakurai Habu, 1954"
"ミユキシジミガムシ","Laccobius (Laccobius) inopinus Gentili, 1980"
"ハラブトツヤヒラタゴミムシ","Synuchus (Synuchus) ventricosus Lindroth, 1956"
"クビキクロナガゴミムシ","Pterostichus (Eosteropus) funakoshii Morita, 2007"
"フタオビミドリトラカミキリ　沖縄本島亜種","Humeromaculatus (Humeromaculatus) muscosus ikedai Fujita, 2023"
"ウスアカオトシブミ","Leptapoderus (Leptapoderidius) rubidus (Motschulsky, 1860)"
"クロスジオオタマキノコムシ","Leiodes circinipes (Rye, 1873)"
"カバイロヒョウホンムシ","Pseudeurostus hilleri (Reitter, 1877)"
"リュウジンナガゴミムシ","Pterostichus (Nialoe) tanakaorum Morita & Ohkura, 1988"
"ヤクマメトガリハネカクシ","Panscopaeus yakushimanus (Ito, 1992)"
"リョウゾウメクラチビゴミムシ","Ishikawatrechus riozoi S. Uéno, 1999"
"ババアカコメツキ","Ampedus (Ampedus) babai Kishii, 1966"
"ナガバヒメハナカミキリ","Pseudopidonia signifera (Bates, 1884)"
"トウホクツツキノコムシ","Hadraule fukudai (Chûjô, 1940)"
"ナミウスイロクチキムシ","Borboresthes bilamellata (Marseul, 1876)"
"セグロホソクチカクシゾウムシ","Camptorhinus dorsonigritus Morimoto, 1986"
"ミツメチビオオキノコ","Tritoma (Tritoma) kurinoensis Nakane, 1983"
"セメノフツツハムシ","Cryptocephalus (Asionus) limbellus semenovi Weise, 1889"
"セグロチビゴモクムシ","Acupalpus (Acupalpus) parvulus (Sturm, 1825)"
"クゴウノメクラチビゴミムシ","Kurasawatrechus spelaeus S. Uéno, 1958"
"クリイロコガネ","Miridiba castanea (Waterhouse, 1875)"
"フタホシカギアシゾウムシ","Bagous (Bagous) kagiashi Chûjô & Morimoto, 1959"
"カタアカアトキリゴミムシ","Cymindis (Platycymindis) collaris Motschulsky, 1844"
"ホソノミヒゲナガゾウムシ","Melanopsacus elongatus Senoh, 1984"
"アマミダルマガムシ","Hydraena (Hydraenopsis) victoriae Jäch & Díaz, 1999"
"クラサワメクラチビゴミムシ","Kurasawatrechus eriophorus Yoshida & S. Nomura, 1952"
"ホクリクハヤシメダカハネカクシ","Stenus nogohakusanus Naomi, Nomura & Kamezawa, 2015"
"オキナワセスジトビハムシ","Lipromela okinawana Chûjô, 1958"
"タテスジマルヒメドロムシ","Heterlimnius ogatai (Kamite, 2015)"
"ワタナベクビボソジョウカイ","Asiopodabrus (Asiopodabrus) tokui M. Satô, 1989"
"ヒコサンオビモンヒョウタンゾウムシ","Amystax hikosanus Nakamura & Morimoto, 2015"
"ミルツヤケシヒメハネカクシ","Nehemitropia milu Likovský, 1977"
"コガタマツシバンムシ","Ernobius curticollis Pic, 1921"
"トカラカミキリモドキ","Eobia (Eobia) fuscipennis Nakane, 1954"
"キュウシュウキクイムシ","Phloeosinus kiushuensis Murayama, 1955"
"オオイシツヤアリヅカムシ","Batriscenellus (Scaioscenellus) ohishii Nomura, 1991"
"フタモンコガネ","Proagopertha ohbayashii Nomura, 1965"
"カワリヒゲナガゾウムシ","Araecerus varians Jordan, 1946"
"リュウキュウツヤハムシ","Oomorphoides loochooensis Chûjô, 1958"
"ホソヒラタオオズナガゴミムシ","Pterostichus (Smilodonialoe) nagasawai N. Ito & Ogai, 2015"
"シラホシダエンマルトゲムシ","Pseudochelonarium japonicum (Nakane, 1963)"
"ホーンチビオオキノコ","Triplax horni (Chûjô, 1941)"
"スギタウスゲガムシ","Oosternum sugitai Hoshina, 2009"
"アオガシノキクイムシ","Leptoxyleborus machili (Niijima, 1910)"
"クロオビトゲムネカミキリ　八重山亜種","Sciades (Estoliopus) fasciatus yaeyamanus Ohbayashi, 1984"
"アシナガメクラチビゴミムシ","Nipponaphaenops (Nipponaphaenops) erraticus S. Uéno, 1971"
"クワヒメゾウムシ","Moreobaris deplanata (Roelofs, 1875)"
"ノムラツヤツチゾウムシ","Asphalmus nomurai Morimoto, 2015"
"オオマルクビゴミムシ 基亜種","Nebria (Paranebria) macrogona macrogona Bates, 1873"
"ハネナガクシコメツキ","Melanotus (Melanotus) matsumurai Schenkling, 1927"
"イシハラジョウカイモドキ","Haplomalachius (Flabellomalachius) ishiharai ishiharai M. Satô & Wittmer, 1989"
"マルムネジョウカイ","Prothemus ciusianus (Kiesenwetter, 1874)"
"アマミミドリヒメコメツキ　沖縄島亜種","Vuilletus amamiensis okinawanus Ôhira, 1971"
"ズデナハヤシメダカハネカクシ","Stenus zdenae Hromádka, 1990"
"オオヒメキノコハネカクシ","Sepedophilus fimbriatus (Sharp, 1888)"
"シコクチビマルトゲムシ","Horiella shikokensis (Takizawa, 1983)"
"ニセヤマトヒラタアリヤドリ","Homoeusa brevitarsis Nozaki & Maruyama, 2025"
"キヌツヤミズクサハムシ","Plateumaris sericea sibirica (Solsky, 1872)"
"ヒメケブカテントウダマシ","Ectomychus yukihikoi Sasaji, 1995"
"ヘコサンヌレチゴミムシ","Apatrobus hekosanus Sasakawa, 2020"
"ヨツボシゲンセイ","Megatrachelus politus (Gebler, 1832)"
"オカモトフサヒゲアリヅカムシ","Trisinus okamotoi (Nomura, 1991)"
"マシダナガゴミムシ","Pterostichus (Sphodroferonia) masidai Ishida, 1958"
"エブリコヒメツツキノコムシ","Dolichocis yuasai (Chûjô, 1941)"
"ヒメアカキクイムシ","Coccotrypes advena Blandford, 1894"
"ツガヒメテントウ","Sasajiscymnus tsugae (Sasaji & McClure, 1997)"
"カラカネハナカミキリ","Gaurotes (Paragaurotes) doris Bates, 1884"
"タニウツギクロツヤサルゾウムシ","Wagnerinus costatus (Hustache, 1916)"
"コツヤマグソコガネ","Aphodius (Paulianellus) maderi Balthasar, 1938"
"キソガワアイヌケシマグソコガネ","Rakovicius takashii Ochi, Kawahara & Inagaki, 2019"
"イブシキマワリ","Plesiophthalmus (Plesiophthalmus) fuscoaenescens Fairmaire, 1898"
"サカイツヤアリヅカムシ","Batriscenellus (Scaioscenellus) sakaii Nomura, 1991"
"タバコホソヒラタムシ","Cathartus quadricollis (Gurin-Mneville, 1844)"
"シコクムネスジダンダラコメツキ","Harminius kurotai Ôhira, 1997"
"ナミクシヒゲツヤムネハネカクシ","Quedius (Velleius) dilatatus (Fabricius, 1787)"
"ケブカヒラタゴミムシ","Rupa japonica Jedlička, 1935"
"フタモンヒゲブトハネカクシ","Aleochara (Coprochara) verna Say, 1833"
"アカイロマルノミハムシ","Argopus punctipennis punctipennis (Motschulsky, 1866)"
"キュウシュウトホシハムシ","Gonioctena (Gonioctena) katsuyai Takizawa, 2007"
"オオメシバンムシ","Hyperisus pacificus Sakai, 2001"
"アイヌキンオサムシ　ニセコ亜種","Carabus (Megodontus) kolbei kuniakii (Ishikawa, 1971)"
"キバマルタマキノコムシ","Agathidium (Neoceble) akemiae Fujimori, 1998"
"クロナガオサムシ　九州亜種","Carabus (Leptocarabus) procerulus miyakei Nakane, 1961"
"ウストラフコメツキ","Pristilophus vagepictus (Lewis, 1894)"
"オオツカスソハダケハネカクシ","Thinobius (Platyderothinophilus) ootsukai Naomi, 1995"
"ヒメチャチビヒョウタンゴミムシ","Reicheiodes (Reichonippodes) igai (Nakane & S. Uéno, 1953)"
"サロベツナガケシゲンゴロウ","Hydroporus fuscipennis Schaum, 1868"
"オキノエラブリンゴカミキリ","Oberea (Oberea) umebayashii K. Ohbayashi, 1964"
"ヤツツヤゴモクムシ","Trichotichnus (Trichotichnus) yatsuensis Morita, 1997"
"オグラカバイロコメツキ　舳倉島亜種","Agriotes (Agriotes) subvittatus hegurensis Kishii, 1964"
"ヒメチャイロコメツキダマシ","Fornax consobrinus Hisamatsu, 1963"
"ジョウエツツノアリヅカムシ","Basitrodes oscillator (Sharp, 1883)"
"アオグロトガリオオズハネカクシ","Platydracus (Platydracus) chalcescens (Sharp, 1889)"
"オキナワムネアカクチボソコメツキ","Glyphonyx (Glyphonyx) okinawanus Chûjô, 1959"
"ハクサンサビイロモンキハネカクシ","Protocypus hakusanus (Naomi, 1992)"
"クリチビカミキリ","Sybra (Microzonata) kuri Ohbayashi & Hayashi, 1962"
"サンリクコケシマグソコガネ","Neomyrhessus sunadai (Ochi, Kawahara & Inagaki, 2019)"
"ウスモンメダカカミキリ","Stenhomalus (Stenhomalus) kumaso Niisato & Makihara, 1991"
"オゼキイロチビゴミムシ","Trechus (Epaphius) ozegaharanus S. Uéno, 1954"
"セダカコブヤハズカミキリ　四国東南部亜種","Parechthistatus (Parechthistatus) gibber namedai Takakuwa, Nakabayashi & Kobayashi, 2020"
"ジョウザンコキクイムシ","Cryphalus piceus Eggers, 1926"
"シノハラアカコメツキ","Ampedus (Ampedus) shinoharai Kishii, 1977"
"モミクリイロゾウムシ","Polydrusus (Nipponodrusus) isshikii (Kono, 1930)"
"シバタクチボソコメツキ","Glyphonyx (Glyphonyx) shibatai Ôhira, 1968"
"ヒバヒメコバネナガハネカクシ","Lathrobium (Lathrobium) hibagon Senda, 2020"
"シャシャンポサルハムシ","Colaspoides fulvus (Chûjô, 1935)"
"モリモトマルクチカクシゾウムシ","Orochlesis morimotoi Tsuji & Yoshitake, 2020"
"オオネクイハムシ　信濃亜種","Plateumaris constricticollis babai Chûjô, 1959"
"オオサカヒメテントウ","Scymnus (Pullus) ferrugatus (Moll, 1785)"
"シガコケホソハネカクシ","Leptusa (Drepanoleptusa) deplanata (Sawada, 1970)"
"サギリハナムグリヨツメハネカクシ","Eusphalerum sagiri Y. Watanabe, 1990"
"ツヤケシマグソコガネ","Aphodius (Nipponaphodius) gotoi Nomura & Nakane, 1951"
"コブノコギリゾウムシ","Ixalma dentipes (Roelofs, 1874)"
"アイヌコブスジコガネ","Trox (Trox) setifer C. O. Waterhouse, 1875"
"80): 7-9.","笠原須磨生, 1987. 日本産歩行虫ノート　IV：　チャイロコミズギワゴミムシについて. 甲虫ニュース, (79"
"ヒメキンケクロハナノミ","Mordella kanpira Takakuwa, 1985"
"フクイツヤゴモクムシ","Trichotichnus (Trichotichnus) gracilis Morita, 1997"
"オオキボシハナノミ　伊豆諸島亜種","Hoshihananomia auromaculata nishimurai Takakuwa, 1986"
"アカセマルチビマルクビハネカクシ","Coproporus evanescens (Boheman, 1858)"
"シワムネキボシゾウムシ","Lepyrus flavipunctatus Zumpt, 1936"
"ニセコメノゴミムシダマシ","Bius thoracicus (Fabricius, 1792)"
"キタツヤムナビロムクゲキノコムシ","Baeocrara variolosa (Mulsant & Ray, 1861)"
"トウホククロナガゴミムシ","Pterostichus (Eosteropus) imurai Morita, 2007"
"コルリチョッキリ","Cartorhynchites (Cartorhynchoides) apertus (Sharp, 1889)"
"ホソアシナガクチキ","Nagakuchikius tenuipes (Toyoshima & Ishikawa, 2000)"
"トガリバクロハナノミ","Mordella oxyptera Nomura, 1958"
"ヤエヤマアバタコバネハネカクシ","Nazeris yaeyamanus T. Ito, 2008"
"ツシマヒレルコキノコムシ","Mycetophagus (?) narukawai M. Saitô, 2006"
"4): 119-124.","Nakane, T., 1956d. Neue Aphodiinen aus Japan (Coleoptera, Scarabaeidae). Insecta matsumurana, 20(3"
"ヒメサメハダキコメツキ","Xanthopenthes bicarinatus (Lewis, 1894)"
"タラダケツチゾウムシ","Trachyphilus taradakeanus Morimoto, 2015"
"オウシュウナガアリヅカムシ","Euplectus (Diplectellus) punctatus Mulsant & Rey, 1861"
"ミヤマナカグロヒメコメツキ","Dalopius japonicus Kishii, 1984"
"ゴマフツツキノコムシ","Hadraule hieroglyphicus (Reitter, 1877)"
"アキタユミセスジホソカタムシ","Lasconotus akitai Aoki, 2018"
"スギケブカサルハムシ","Fidia itoi (Chûjô, 1954)"
"ヤマウチメクラチビゴミムシ","Yamautidius (Yamautidius) yamauchii S. Uéno, 1982"
"ハガツツナガハネカクシ","Lobrathium (Lobrathium) hagai Ito, 2019"
"ホラズミヒラタゴミムシ","Jujiroa troglodytes S. Uéno, 1955"
"ルリイロサルゾウムシ","Ceutorhynchus nitidulus Faust, 1887"
"シリダコグミトビハムシ","Zipanginia tuberosa Ohno, 1964"
"アカゲホソコメツキダマシ","Nematodes confusus Fleutiaux, 1947"
"ハマベヒメサビキコリ　波照間島亜種","Agrypnus miyamotoi haterumanus (Ôhira, 1967)"
"アシベツヌレチゴミムシ","Minypatrobus kasaharai Morita, 2002"
"オオメクラゲンゴロウ","Morimotoa gigantea S. Uéno, 1996"
"アマミフサヒゲアリヅカムシ","Trisinus amamianus (Nomura, 1991)"
"シワハムシダマシ","Anisostira rugipennis (Lewis, 1896)"
"アワヒメハナノミ","Pseudotolida awana (Kono, 1932)"
"ツガルホソシデムシ","Lyrosoma pallidium (Eschscholtz, 1829)"
"オカモトイクビキノコハネカクシ","Bryoporus okamotoi L. -Z. Li, 1998"
"オキナワジュウジアトキリゴミムシ","Lebia (Poecilothais) purkynei Jedlička, 1933"
"コブヒゲアリヅカムシ","Saulcyella schmidtii (Märkel, 1845)"
"セマルヒメドロムシ","Orientelmis parvula (Nomura & Baba, 1961)"
"ヒメコクヌストモドキ","Palorus ratzeburgii (Wissmann, 1848)"
"ニレノオオキクイムシ","Scolytus esuriens Blandford, 1894"
"ニセヘリグロデオキスイ","Carpophilus (Ecnomorphus) cingulatoides Nakane, 1959"
"エグリデオキノコムシ","Scaphidium emarginatum Lewis, 1893"
"ハチジョウミツモンセマルヒラタムシ","Psammoecus labyrinthicus Yoshida & Hirowatari, 2014"
"ナガセスジホソカタムシ","Bitoma siccana (Pascoe, 1863)"
"スカシヒラタアリヤドリ","Homoeusa translucida Nozaki & Maruyama, 2025"
"ヨツモンヒメアトキリゴミムシ","Brachichila hypocrita Chaudoir, 1869"
"ヤマガツチゾウムシ","Trachyphilus yamaganus Morimoto, 2015"
"オカヤマナガゴミムシ","Pterostichus (Sphodroferonia) nasui Kasahara, 1993"
"フトオビアトキリゴミムシ","Somotrichus unifasciatus (Dejean, 1831)"
"シナノクロコメツキ","Ampedus (Ampedus) sinanoensis Ôhira, 1974"
"ニッポンモモブトコバネカミキリ　奄美亜種","Merionoeda (Ocytasia) formosana rubriventris Hayashi, 1962"
"ニセチビシデムシ","Ptomaphagus (Ptomaphagus) piccoloi Wang, Růžička, Nishikawa, Perreau & Hayashi, 2016"
"ヨコミゾコブゴミムシダマシ","Usechus chujoi Kulzer, 1960"
"ヒメクロツヤナガタマムシ","Agrilus melanolucidus Ohmomo, 2005"
"モンイネゾウモドキ","Dorytomus (Alycodes) maculipennis Roelofs, 1874"
"クロセミゾハネカクシ","Falagria caesa Erichson, 1837"
"フタオビヒメサビカミキリ　九州亜種","Sybra (Microzotale) uenoi sakamotoi (Hayashi, 1958)"
"ケブカハラフトアリヅカムシ","Acetalius pilosus Besuchet, 1985"
"タテヤママルクビゴミムシ","Nebria (Falcinebria) taketoi Habu, 1962"
"ツヤナガハムシダマシ","Macrolagria hirsuta Lewis, 1895"
"ミワヒメハナカミキリ","Cryptopidonia miwai (Matsushita, 1933)"
"アラゲクチブトゾウムシ","Phytoscaphus ciliatus Roelofs, 1873"
"カツラネクイハムシ","Donacia (Donaciomima) katsurai Kimoto, 1981"
"4): 145-149.","Hayashi, Y., 1994c. A new macropterous Lathrobium species from Japan (Coleoptera: Staphylinidae). Transactions of the Shikoku Entomological Society, 20(3"
"カワリコダマトビハムシ","Ivalia variabilis Takemoto & Suenaga, 2021"
"ツヤヒメコメツキダマシ","Xylophilus rufomarginatus (Fleutiaux, 1923)"
"サビカクムネチビヒラタムシ","Cryptolestes ferrugineus (Stephens, 1831)"
"カグヤヒメオチバメダカハネカクシ","Stenus kaguyahime Naomi, 1990"
"オガサワラムツボシタマムシ　母島亜種","Chrysobothris (Chrysobothris) boninensis suzukii Y. Kurosawa, 1975"
"ヒメカミナリハムシ","Altica caerulescens (Baly, 1874)"
"リュウキュウルリボシカミキリ　基亜種","Glenea (Glenea) chlorospila chlorospila Gahan, 1897"
"スジナシヒョウタンゴミムシ","Scarites (?) lubricipennis Minowa, 1932"
"キアシクロムナボソコメツキ","Ectinus insidiosus (Lewis, 1894)"
"ニレカワノキクイムシ","Scolytus frontalis Blandford, 1894"
"ケムネチイロアリヅカムシ","Batrisus trichothorax (Tanokuchi, 1988)"
"カサハラヒメコバネナガハネカクシ","Lathrobium (Lathrobium) kasaharai Y. Watanabe, 2002"
"28): 4.","正木　清, 1975. コメツキムシ数種の記録. 甲虫ニュース, (27"
"オビモンヒョウタンゾウムシ","Amystax fasciatus Roelofs, 1873"
"ヌマチヒメハネカクシ","Atheta (Philhygra) palustris (Kiesenwetter, 1844)"
"ケスジドロムシ","Pseudamorphilus japonicus Nomura, 1957"
"アカボシチビヒメハナムシ","Stilbus (Stilbus) bipustulatus Champion, 1925"
"コヒゲナガビロウドコガネ　西日本亜種","Serica brevitarsis rectipes Nomura, 1972"
"イシガキゴマフカミキリ　多良間島亜種","Mesosa (Mesosa) yonaguni hiroyukii Fujita, 2023"
"ナカツメクラチビゴミムシ","Yamautidius (Yamautidius) basisquamatus S. Uéno, 1982"
"ノコギリマルタマキノコムシ","Agathidium (Neoceble) cribratum Portevin, 1905"
"コクロキノコシバンムシ","Dorcatoma japonica Pic, 1937"
"ニホンベニコメツキ　北海道亜種","Denticollis nipponensis ainu Kishii, 1987"
"クロモントゲトゲゾウムシ","Colobodes ovipennis Morimoto, 1988"
"イスミナガゴミムシ","Pterostichus (Nialoe) isumiensis Kasahara & Saito, 1997"
"アラコガネコメツキ　幌尻岳亜種","Selatosomus (Selatosomus) gloriosus poroshiriensis Ôhira & Yasuda, 2007"
"タテシナキノカワゴミムシ","Leistus (Pogonophorus) ishikawai Perrault, 1984"
"エグリチイロアリヅカムシ","Batrisus politus Sharp, 1883"
"オオナガキスイ","Cryptophagus enormis Hisamatsu, 1962"
"オガサワラカワリハネカクシ","Diestota (Diestota) ogasawarana Hashizume & Kishimoto, 2025"
"シリグロナカボソタマムシ","Coraebus nigromaculatus Y. Kurosawa, 1953"
"ヒレアミメキクイゾウムシ","Choerorhinus explanatus Konishi, 1960"
"アマミモンキカミキリ　基亜種","Glenea (Glenea) iriei iriei Hayashi, 1971"
"タイワンマルガタテントウダマシ","Bystodes taiwanensis Sasaji, 1970"
"ヒメオサムシ　対馬亜種","Carabus (Ohomopterus) japonicus tsushimae Breuning, 1932"
"タカバヤシヒメテントウ","Scymnus (Pullus) takabayashii (Ohta, 1929)"
"タンザワカマヒゲアリヅカムシ","Bythoxenites kamezawai Nomura, 2021"
"アラゲオガサワラカミキリ","Boninella hirsuta (N. Ohbayashi, 1976)"
"ヌバタマハナカミキリ　基亜種","Judolidia bangi bangi (Pic, 1901)"
"ワタナベヒサゴクチカクシゾウムシ","Simulatacalles watanabei Morimoto & Miyakawa, 1985"
"クワガタゴミムシダマシ","Atasthalomorpha dentifrons (Lewis, 1894)"
"タバコシバンムシ","Lasioderma serricorne (Fabricius, 1792)"
"イシカワメクラチビゴミムシ","Ryugadous (Ryugadous) ishikawai Habu, 1950"
"イマフクツヤゴモクムシ","Trichotichnus (Trichotichnus) imafukui Habu, 1961"
"ウエダオオズナガゴミムシ","Pterostichus (Smilodonialoe) uedaorum Morita & Hirasawa, 1996"
"ツマグロキゲンセイ","Zonitoschema cothurnata (Marseul, 1873)"
"リョウブモモブトヒメコバネカミキリ　奄美沖縄亜種","Epania shikokensis densepunctata Hayashi, 1968"
"ミヤタケヒメツヤヒラタコメツキ","Hypoganus miyatakei Ôhira, 1966"
"カラタチトビハムシ","Podagricomela weisei Heikertinger, 1924"
"タイワンベニボタル","Lycostomus (Lycostomus) formosanus ishigakianus Matsuda, 2009"
"ゴマダンヒゲボソゾウムシ1","Phyllobius (Otophyllobius) gomadanensis Morimoto & Miyakawa, 2006"
"アトモンチビカミキリ　波照間島亜種","Sybra (Sybra) oshimana miyamotoi Fujita, 2023"
"ホッカイドウキクイムシ","Dryocoetes cristatus Inouye & Nobuchi, 1959"
"ナミヨコセミゾハネカクシ","Ochthephilus (Ochthephilus) vulgaris (Y. Watanabe & Y. Shibata, 1961)"
"ワモンマメゾウムシ","Callosobruchus analis (Fabricius, 1781)"
"ヒメスジシロカミキリ","Heteroglenea glechoma (Pascoe, 1867)"
"キイロミジンムシ","Clypastraea flava (Matthews, 1899)"
"ナミモントサカシバンムシ","Trichodesma (Trichodesma) kirishimana Nakane, 1978"
"ヤエヤマチビマルハナノミ","Ypsiloncyphon yayeyamanus (Yoshitomi, 2005)"
"ツマグロマルズツヤムネハネカクシ","Quwatanabius flavicornis (Sharp, 1889)"
"モリモトメクラチビゴミムシ　亜種","Stygiotrechus morimotoi notarum S. Uéno, 1980"
"ホソハラクボアリヅカムシ","Batriscenellus (Batriscenellus) fragilis (Sharp, 1883)"
"ヘリグロアオカミキリ","Saperda hosokawai Hasegawa, 2017"
"ベニモンマルケシキスイ","Cyllodes bifascies (Walker, 1859)"
"マルムネタマキノコムシ","Agathidium (Agathidium) crassicorne Portevin, 1908"
"コイチャニセハナノミ","Orchesia (Orchesia) marseuli Lewis, 1895"
"イクビハネカクシ","Ischnosoma splendidum (Gravenhorst, 1806)"
"クリイロクチキムシ","Borboresthes acicularis (Marseul, 1876)"
"ヒメジョウカイ","Lycocerus japonicus (Kiesenwetter, 1875)"
"アマミオチバゾウムシ","Otibazo amamiensis Yoshitake, 2021"
"アラメトゲアリヅカムシ","Batrisodes (Excavodes) stipes (Sharp, 1874)"
"カタベニセスジデオキスイ","Brachypeplus binotatus Murray, 1864"
"オクタマハナムグリヨツメハネカクシ","Eusphalerum okutamaense Y. Watanabe, 1990"
"アッシェオチバメダカハネカクシ","Stenus jamesashei Naomi, 2012"
"ヒゲナガキバケシキスイ","Platychora hololeptoides Nakane, 1967"
"ヤマトヨダンハムシ","Paropsides soriculata Swartz, 1808"
"ツヤヒメナガシンクイ","Xylopsocus castanopterus (Fairmaire, 1850)"
"カントウヒゲボソゾウムシ","Phyllobius (Otophyllobius) kantoensis Morimoto & Miyakawa, 2006"
"ヒメマルガタテントウダマシ","Dexialia minor (Chûjô, 1941)"
"ミナミハネスジツツハネカクシ","Tetrapleurus parallelus Bernhauer, 1917"
"クメジママルムネゴミムシダマシ","Asialassus kimurai (Masumoto, 1996)"
"オチバアリヅカムシ","Philoscotus persimilis Nomura, 1988"
"クロスジチャイロコガネ　基亜種","Sericania fuscolineata fuscolineata Motschulsky, 1860"
"クシロチビゴミムシ","Trechus (Epaphius) plutenkoi kushironis S. Uéno, 1992"
"ミチコヒメハナハネカクシ","Omoplandria gyrophaenula (Sharp, 1888)"
"クロミカドナガクチキ","Mikadonius japonicus Hayashi, 1960"
"シナノゴミハネカクシ","Oxypoda (Baeoglena) producta Sawada, 1970"
"シナコガシラミズムシ","Peltodytes sinensis (Hope, 1845)"
"カレキハネカクシ","Homalota fraterna (Sharp, 1888)"
"タバルザカマルタマキノコムシ","Agathidium (Neoceble) piceolum Hlisnikovský, 1964"
"ツチホソカタムシ","Pycnomerus yoshidai Aoki, 2011"
"ヒメホソキコメツキ","Agaripenthes helvolus (Candèze, 1873)"
"クロタマゾウムシ","Cionus helleri Reitter, 1904"
"アマミチビヒゲナガゾウムシ","Uncifer hispidus Shibata, 1981"
"キチャバネハバビロハネカクシ","Megarthrus impressicollis Eppelsheim, 1893"
"クロヒゲマルガタゴミムシ","Amara (Celia) erratica (Duftschmid, 1812)"
"チビクチブトゾウムシ","Viticis maculatus (Morimoto, 1983)"
"ヒメハスジゾウムシ","Bothynoderes declivis (Olivier, 1807)"
"トゲムネキスイ","Cryptophagus acutangulus Gyllenhal, 1827"
"ヒゲボソヒメコメツキダマシ","Hylis harmandi (Fleutiaux, 1923)"
"ネパールモンシデムシ","Nicrophorus nepalensis Hope, 1831"
"クロツヤテントウ","Serangium japonicum Chapin, 1940"
"イリエオビハナノミ","Glipa (Macroglipa) separata Pic, 1941"
"ウエツキブナハムシ","Chujoa uetsukii (Chûjô, 1954)"
"サシゲケシマルトゲムシ","Chaetophora spinosa (P. Rossi, 1794)"
"ヤスマツケシタマムシ","Aphanisticus yasumatsui Y. Kurosawa, 1954"
"ワタラセヒサゴトビハムシ","Chaetocnema (Chaetocnema) syowaensis Takizawa, 2021"
"マトバコナガコメツキ","Ectamenogonus matobai (Kishii, 1973)"
"ノコギリホソヒラタムシ","Oryzaephilus surinamensis (Linnaeus, 1758)"
"タイリクウスゲガムシ","Oosternum soricoides d'Orchymont, 1941"
"カメノコテントウ","Aiolocaria hexaspilota (Hope, 1831)"
"タマムシモドキ","Monomma glyphysternum Marseul, 1876"
"イシガキノコギリゾウムシ","Ixalma memnonia Morimoto, 1984"
"アマミミズアトキリゴミムシ","Apristus miyakei Habu, 1967"
"オシマヘリハネムシ","Ischalia (Ischalia) horii M. Saitô & Young, 2015"
"ヒメヨツスジハナカミキリ　基亜種","Leptura kusamai kusamai Ohbayashi & Nakane, 1955"
"ヒメマルムネホソヒラタムシ","Silvanolomus crenicollis (Grouvelle, 1911)"
"ミカワマルクビゴミムシ","Nebria (Sadonebria) mikawa K. Sasakawa, 2009"
"ツノヒゲボソゾウムシ","Phyllobius (Diallobius) incomptus Sharp, 1896"
"オキナワクロヒメハナノミ","Pseudomordellina okinawana Nomura, 1963"
"オオスミキクイムシ","Phloeosinus osumiensis Murayama, 1955"
"キバネマメツヤケシコメツキ","Abelater pulcherus (Miwa, 1933)"
"ヤクシマコケシマグソコガネ","Neomyrhessus kubotai (Ochi, Kawahara & Inagaki, 2012)"
"オグラカバイロコメツキ　本州九州亜種","Agriotes (Agriotes) subvittatus ogurae Lewis, 1894"
"エグリマメコメツキ","Yukoana angustatus (Miwa, 1927)"
"ホンシュウチビジョウカイ","Malthodes (Maltharchus) ohbayashii Wittmer, 1954"
"エゾカノシマチビゲンゴロウ","Oreodytes alpinus (Paykull, 1798)"
"ケナシヒラタゴミムシ","Morimotoides (Morimotoidius) astictus (Bates, 1883)"
"イナアオミズギワゴミムシ","Bembidion (Trichoplataphus) inaense Habu, 1956"
"トカラツヤヒラタゴミムシ","Synuchus (Synuchus) tokararum Lindroth, 1956"
"ルイスウスイロカネコメツキ","Cidnopus marginipennis (Lewis, 1894)"
"アラメセマルホソヒラタムシ","Psammoecus harmandi Grouvelle, 1912"
"モンタンドンムクゲキノコムシ","Acrotrichis (Acrotrichis) montandonii (Allibert, 1844)"
"クシヒゲクロツツコメツキ","Cussolenis mjobergi Muona, 2020"
"アカアシアカコメツキ　北海道亜種","Ampedus (Ampedus) fagi kitami Kishii, 1998"
"サキシマトゲムネカミキリ　奄美沖縄亜種","Sciades (Estoliopus) sakishimanus deguchii Ohbayashi, 1984"
"オモゴウマルタマキノコムシ　九州亜種","Agathidium (Neoceble) omogoense yamaokai Hoshina, 2000"
"ヤマトアオドウガネ","Anomala viridana (Kolbe, 1886)"
"シバタオニニセチビシデムシ","Ptomaphaginus shibatai Y. Hayashi, 1969"
"ゴマダラカミキリ","Anoplophora malasiaca (Thomson, 1865)"
"カクモンホソオオキノコ","Dacne (Dacne) kidoi Nakane, 1981"
"キタツヤケシヒゲブトハネカクシ","Aleochara (Emplenota) puetzi (Assing, 1995)"
"プーツハヤシメダカハネカクシ","Stenus puthziellus Naomi, 1997"
"ワシバナヒメキクイゾウムシ","Phloeophagosoma (Phloeophagosoma) curvirostre Wollaston, 1873"
"ウンモンテントウ","Anatis halonis Lewis, 1896"
"カンザキツチゾウムシ","Trachyphilus kanzakianus Morimoto, 2015"
"ヤノトラカミキリ","Xylotrechus (Xylotrechus) yanoi Gressitt, 1934"
"ヨツミゾムクゲキノコムシ","Skidmorella quadrisulucia Sawada & Hirowatari, 2003"
"フイリカツオブシムシ","Dermestes (Dermestinus) frischi Kugelann, 1792"
"サドチビアメイロカミキリ　基亜種","Obrium obscuripenne obscuripenne Pic, 1904"
"アマミイソアリヅカムシ","Physoplectus miyakei (Sawada, 1992)"
"マルケシゲンゴロウ","Hydrovatus subtilis Sharp, 1882"
"キノカワゴミムシ","Leistus (Leistus) niger Gebler, 1847"
"キイオチバメダカハネカクシ","Stenus agrestis Naomi, 2006"
"チャイロヒメカミキリ　本土亜種","Ceresium simile flavopubescens Kusama & Takakuwa, 1984"
"カラカネチビキマワリモドキ","Steneucyrtus palpalis (Kaszab, 1941)"
"コムネミジンムシ","Clypastraea microthorax (Paulian, 1962)"
"シャカダケスジツヤチビハネカクシ","Edaphus sakura Puthz, 2014"
"オオクチブトゾウムシ","Phyllolytus variabilis (Roelofs, 1873)"
"キモンメダカオオキバハネカクシ","Megalopinus (Megalopinus) flavomaculatus Naomi, 1986"
"ヨコモントガリハネカクシ","Medon submaculatus Sharp, 1889"
"チャバネケシデオキノコムシ","Scaphisoma indubium Löbl, 1965"
"アナオオズアリヅカムシ","Nipponobythus expectatus Löbl, 1965"
"タイワンカブトムシ","Oryctes (Rykanes) rhinoceros (Linnaeus, 1758)"
"キソコマベニハナカミキリ","Stenurella melanura (Linnaeus, 1758)"
"タチゲクビボソハネカクシ","Sunesta setigera setigera (Sharp, 1874)"
"リュウキュウアシナガミゾドロムシ","Stenelmis hayashii M. Satô, 1999"
"アカケシデオキノコムシ","Scaphisoma rufum Achard, 1923"
"コチビヒラタエンマムシ","Paromalus (Paromalus) vernalis Lewis, 1892"
"フクキケムネチビゴミムシ","Epaphiopsis (Epaphiopsis) fukukii S. Uéno, 1953"
"ビャクシンカミキリ","Semanotus bifasciatus (Motschulsky, 1875)"
"トウキョウヒメハンミョウ","Cylindera (Ifasina) kaleea yedoensis (Kano, 1933)"
"クロスジチャイロコガネ　本州四国亜種","Sericania fuscolineata fulgida Niijima & Kinoshita, 1927"
"ササキフトヒラタコメツキ","Liotrichus (Acteniceromorphus) sasakii Ôhira, 1970"
"エンドウゾウムシ","Bruchus pisorum (Linnaeus, 1758)"
"ミズギワアオゴミムシ","Callistomimus modestus modestus (Schaum, 1863)"
"オガサワラモモブトコバネカミキリ","Merionoeda (Ocytasia) tosawai Kobayashi, 1932"
"ホソチョッキリ","Eugnamptobius (Eugnamptobius) aurifrons (Roelofs, 1874)"
"センブツツチゾウムシ","Trachyphilus senbutsuanus Morimoto, 2015"
"ウシジママルタマキノコムシ","Agathidium (Agathidium) ushijimai Hoshina, 2009"
"ミスジアシナガトビハムシ","Longitarsus (Longitarsus) boharti Kimoto, 1965"
"クロアカハネムシ","Pseudopyrochroa episcopalis (Lewis, 1879)"
"ケズネチビトラカミキリ　吐噶喇列島亜種","Amamiclytus nobuoi akusekianus Niisato, 2005"
"オオスジコガネ","Mimela costata (Hope, 1839)"
"モリモトタマノミハムシ","Sphaeroderma morimotoi Chûjô & Ohno, 1964"
"ハラフトアリヅカムシ","Acetalius dubius Sharp, 1883"
"アカニセセミゾハネカクシ","Drusilla (Drusilla) sparsa (Sharp, 1874)"
"ツメブトオオタマキノコムシ","Leiodes toyoshimai Hoshina, 2012"
"セグロマメゴモクムシ","Stenolophus (Stenolophus) connotatus Bates, 1873"
"ゴマダラコクヌスト","Kolibacia squamulata (Gebler, 1830)"
"シコクナガアリヅカムシ","Euplectus (?) doryphorus (Kurbatov, 1991)"
"ヤスイチビマメコメツキ","Quasimus (Quasimus) yasuii Kishii, 1970"
"ショウタロウコバネナガハネカクシ","Lathrobium (Lathrobium) shotaroi Y. Watanabe, 2005"
"コブメナガヒゲナガゾウムシ","Hypseus tuberosus (Senoh, 1995)"
"フタスジカタビロハナカミキリ","Brachyta bifasciata japonica (Matsushita, 1933)"
"ハマベムクゲキノコムシ","Actinopteryx parallela Britten, 1926"
"タイワンエグリオオキノコ　琉球亜種","Episcapha (Ephicaspa) asahinai amamiana Chûjô, 1969"
"ゴミムシ","Anisodactylus (Pseudanisodactylus) signatus (Panzer, 1796)"
"ホタルジョウカイ","Cantharis (Cantharis) heleocharis M. Satô, Okushima & Ishida, 2002"
"サワダムネスジミギワハネカクシ","Erichsonius (Sectophilonthus) sawadai Uhlig & Y. Watanabe, 1992"
"オキナワクロオオクチキムシ","Upinella (Upinella) okinawaensis (Maeda & Nakane, 1988)"
"チョウガタホソサビキコリ","Agrypnus ryukyuensis Kishii, 1985"
"キタノミゾウムシ","Tachyerges awomoriensis (Roelofs, 1875)"
"クロムクゲキスイ","Biphyllus kasuganus Nakane, 1988"
"コゲチャチビハバビロハネカクシ","Proteinus nitiduloides Hayashi, 2008"
"ミドリツヤナガタマムシ","Agrilus sibiricus fukushimensis Jendek, 1994"
"エゾヒメエンマムシ","Margarinotus (Ptomister) striola striola (C. R. Sahlberg, 1819)"
"キュウシュウフタスジヒメテントウ","Horniolus kyushuensis Miyatake, 1963"
"シバチアリヅカムシ","Tyraphus nitidus Raffray, 1909"
"カンザンホソコガシラハネカクシ","Gabrius kuanshanensis (Bernhauer, 1914)"
"イシハラジョウカイ","Lycocerus ishiharai (Ishida, 1986)"
"アカイロニセハムシハナカミキリ","Lemula nishimurai Seki, 1944"
"カギクシヒゲアリヅカムシ","Poroderus armatus (Sharp, 1874)"
"ヒウラアシナガハムシ","Monolepta hiurai Kimoto, 1965"
"ヤヒコヒサゴコメツキ","Homotechnes yahikoanus (Kishii, 1986)"
"ヒゲブトヒラタコケムシ","Veraphis ishikawai Hisamatsu, 1985"
"キンイロジョウカイ　九州亜種","Themus (Themus) episcopalis satsumanus Nakane, 1988"
"スイバトビハムシ","Mantura (Mantura) clavareaui Heikertinger, 1912"
"セマダラマグソコガネ","Aphodius (Chilothorax) nigrotessellatus Motschulsky, 1866"
"ホンシュウセスジダルマガムシ","Ochthebius (Ochthebius) japonicum Jäch, 1998"
"オンダメクラチビゴミムシ","Trechiama (Trechiama) ondai S. Uéno, 1993"
"ミナミミスジホソカタムシ","Leptoglyphus orientalis Grouvelle, 1906"
"ヒロズニセクビボソムシ","Aderus laticeps (Pic, 1913)"
"トビイロセスジムシ","Rhysodes comes (Lewis, 1888)"
"ヒサゴオチバゾウムシ","Edaphotrypetes ovipennis Morimoto, 1995"
"ハマベミズギワゴミムシ　吐噶喇亜種","Bembidion (Asioperyphus) collutum nakanoshimense S. Uéno, 1955"
"ヘリグロリンゴカミキリ","Nupserha marginella marginella (Bates, 1873)"
"ハウカクムネチビヒラタムシ","Cryptolestes pusilloides (Syeel & Howe, 1952)"
"ムネアカナガクチキ","Phryganophilus (Phryganophilus) ruficollis (Fabricius, 1798)"
"オオトラフコガネ　中中国・四国・九州亜種","Paratrichius doenitzi geibiensis Y. Miyake, 1997"
"エゾニセナガコケムシ","Eutheia horii Jałoszyński, 2004"
"オオミズスマシ","Dineutus (Ciclous) orientalis (Modeer, 1776)"
"ヒメオサムシ　野崎島亜種","Carabus (Ohomopterus) japonicus nozakicola Imura & Mizusawa, 1994"
"モモグロハナカミキリ","Toxotinus reinii (Heyden, 1878)"
"ホソダセスジハネカクシ","Anotylus hosodai Ito, 1991"
"サキシマトゲアシオオコケムシ","Horaeomorphus sakishimanus Jałoszyński, 2002"
"キンケヒメフトコメツキダマシ","Bioxylus pilosellus Hisamatsu, 1959"
"カクムネトビハムシ","Neocrepidodera laevicollis (Jacoby, 1885)"
"ニセマルガタゴミムシ","Amara (Amara) congrua Morawitz, 1862"
"ルリマルノミハムシ","Nonarthra cyanea Baly, 1874"
"ヒメドウガネトビハムシ","Chaetocnema (Chaetocnema) concinnicollis (Baly, 1874)"
"ズグロチビハナケシキスイ","Heterhelus (Boreades) solani (Heer, 1841)"
"ニシスソハダケハネカクシ","Thinobius (Platyderothinophilus) yabakeinis Naomi, 1995"
"ツヤチビテントウダマシ","Eidoreus japonicus Sasaji, 1991"
"フトゴミハネカクシ","Oxypoda (Podoxya) proba Sharp, 1874"
"ミクラジマコキクイムシ","Eidophelus insularis (Nobuchi, 1975)"
"ベニモンマルガタテントウダマシ","Dialexia hisanoi Sasaji, 1978"
"アイヌクビレハネカクシ","Gnypeta (Gnypeta) ainu Sawada, 1976"
"キムラチビコブツノゴミムシダマシ","Byrsax spiniceps Lewis, 1894"
"アカハネフトヒラタコメツキ","Liotrichus (Acteniceromorphus) fulvipennis (Lewis, 1894)"
"キムネツヤミジンムシ","Arthrolips meionitida (Bowestead, 1999)"
"ウメノキクイムシ","Scolytus aratus Blandford, 1894"
"ウスモンノミゾウムシ","Orchestes (Orchestes) variegatus Roelofs, 1875"
"マメチビケシキスイ","Fabogethes nigrescens (Stephens, 1830)"
"カメザワオガサワラカミキリ","Boninella kamezawai Hasegawa & N. Ohbayashi, 2009"
"オオナガケシゲンゴロウ","Hydroporus submuticus C. G. Thomson, 1874"
"リュウキュウナガタマムシ","Agrilus orestes takaii Nakane, 1983"
"ホシベニカミキリ","Eupromus ruber (Dalman, 1817)"
"ヨツボシヒラタテントウダマシ","Indalmus quadripunctatus (Ohta, 1931)"
"ヘリアカアリモドキ","Anthicomorphus suturalis Lewis, 1895"
"チビマルクビゴミムシ　亜種","Nippononebria (Nippononebria) pusilla yatsuana Nakane, 1960"
"エゾヒメミズギワヨツメハネカクシ","Lesteva kojohamana Y. Watanabe, 1990"
"サラガミネツブタマキノコムシ","Besuchetionella masatakai Hoshina, 2003"
"オニヒメテントウ","Scymnus (Pullus) giganteus H. Kamiya, 1961"
"ニセシラケナガタマムシ","Agrilus masumotoi Ohmomo, 2011"
"ヨコセヤマメクラチビゴミムシ","Ryugadous (Ryugadous) uenoi Sugaya & Hara, 2021"
"チャンギアシブトコメツキ","Heteroderes changi Ôhira, 1967"
"シラキアシナガコガネ","Hoplia (Hoplia) shirakii Nomura, 1959"
"アオゴミムシ","Chlaenius (Chlaenius) pallipes (Gebler, 1823)"
"コクロナガオサムシ　岩手県北部亜種","Carabus (Leptocarabus) arboreus pronepta (Ishikawa, 1992)"
"ヤクアシビロナガハネカクシ","Metolinus leucocnemis (Kraatz, 1859)"
"7): 92-103.","Hisamatsu, S., 1960a. A revision of the genus Dirrhagus Latreille of Japan (Coleoptera: Eucnemidae). Transactions of the Shikoku Entomological Society, 6(6"
"ダイセツコバネヒメハネカクシ","Geostiba daisetsuana Sawada, 1989"
"トビラツヤゴモクムシ","Trichotichnus (Trichotichnus) hayakawai Morita, 1997"
"ホソクビサビハネカクシ","Echiaster unicolor Bernhauer, 1922"
"トサオサムシ　石鎚山脈亜種","Carabus (Ohomopterus) tosanus ishizuchianus (Nakane, 1953)"
"スギカミキリ　基亜種","Semanotus japonicus japonicus (Lacordaire, 1869)"
"クリイロタマキノコシバンムシ","Byrrhodes nipponicus Sakai, 1984"
"スネグロマルヒメドロムシ","Heterlimnius occidens (Kamite, 2015)"
"マエアカヒメハナノミ","Pseudomordellistena callichroa callichroa (Tokeji, 1953)"
"マルツヤヒメマキムシ","Holoparamecus (Holoparamecus) ellipticus Wollaston, 1874"
"アシウアカコメツキ","Ampedus (Ampedus) ashiunus Kishii, 1976"
"キタコマルガムシ","Crenitis (Crenitis) hokkaidensis (Nakane, 1966)"
"ニシツヤヒサゴゴミムシダマシ","Misolampidius okumurai Nakane, 1968"
"ヒロシママルズハネカクシ","Domene (Macromene) okamotoi Ito, 2021"
"クロモンヒメカミキリ","Ceresium signaticolle Matsumura & Matsushita, 1932"
"ツマグロツツカッコウムシ","Tenerus hilleri Harold, 1877"
"ホソクロコメツキ　北海道亜種","Ampedus (Ampedus) tenuistriatus kamui Kishii, 2011"
"セマルケシマグソコガネ","Psammodius convexus Waterhouse, 1875"
"トガリズネマグソコガネ","Aphodius (Nipponoagoliinus) yasutakai Ochi & Kawahara, 2001"
"ミヤマベニコメツキ","Denticollis miniatus (Candèze, 1885)"
"ヤクヒサゴゴミムシダマシ","Misolampidius yakushimanus Nakane, 1968"
"ヒダカホソトビハムシ","Luperomorpha hidakai Kimoto, 1966"
"ホソヒメクロオサムシ　阿武隈高地亜種","Carabus (Pentacarabus) harmandi syui (Imura & Mizusawa, 2002)"
"ヒメトビハムシ","Hermaeophaga (Orthocrepis) adamsii (Baly, 1874)"
"キノカワヒラタムシ","Pediacus fuscus Erichson, 1845"
"キタミドリゴモクムシ","Harpalus (Harpalus) affinis (Schrank, 1781)"
"フチトリツヤテントウダマシ","Lycoperdina dux Gorham, 1873"
"タカオヒメハナノミ","Falsomordellina rosseola (Marseul, 1876)"
"クロキボシゾウムシ","Pissodes obscurus Roelofs, 1873"
"オオルリオサムシ　日高山脈南西部亜種","Carabus (Acoptolabrus) gehinii sapporensis (Uchida & Tamanuki, 1927)"
"スルガコバネナガハネカクシ","Lathrobium (Lathrobium) kusamai Y. Watanabe, 1999"
"オカヤマニンフジョウカイ","Asiopodabrus (Imasakapodabrus) okayamaensis Imasaka & Takahashi, 2010"
"ホソメクラチビゴミムシ","Daiconotrechus (Tsuiblemus) tsushimanus S. Uéno, 2007"
"クジュウツツナガハネカクシ","Lobrathium (Lobrathium) kujuense T. Ito, 2013"
"アマミセスジムシ","Omoglymmius (Omoglymmius) sakuraii (Nakane, 1978)"
"キソクビボソジョウカイ　関東地方亜種","Asiopodabrus (Asiopodabrus) kiso tanzawa Takahashi, 2012"
"シナノオオマルムネゴミムシダマシ","Nipponohelops ishikawai Masumoto, Ando & Akita, 2006"
"ブシドウオノヒゲアリヅカムシ","Bryaxis bushido Löbl, Kurbatov & Nomura, 1998"
"エグリツツキノコムシ","Ennearthron cornutum (Gyllenhal, 1827)"
"ナカネメダカオオキバハネカクシ","Megalopinus (Megalopinus) japonicus (Nakane, 1957)"
"タイシャクナガチビゴミムシ　基亜種","Trechiama (Trechiama) yokoyamai yokoyamai S. Uéno, 1958"
"オオクビボソムシ","Stereopalpus gigas (Marseul, 1876)"
"ホソシリグロハネカクシ","Astenus (Astenopleuritus) leptocerus (Eppelsheim, 1895)"
"ヤクシマチビクチキムシ","Allecula (Allecula) tsudai Akita & Masumoto, 2012"
"シイサルハムシ","Basilepta varicolor (Jacoby, 1885)"
"タイワンヒメトゲムシ","Nosodendron (Dendrodipnis) taiwanense Yoshitomi, Kishimoto & Lee, 2015"
"コゴメゴミムシダマシ","Latheticus oryzae Waterhouse, 1880"
"ツシマコナラシギゾウムシ","Curculio (Curculio) katsurai Notsu, 2020"
"ニセウスモンミズギワゴミムシ","Bembidion (?) fassatii Jedlička, 1951"
"ミヤモトヒメテントウ","Scymnus (Scymnus) miyamotoi Nakane & M. Araki, 1959"
"ウシヅノエンマコガネ　基亜種","Onthophagus (Gibbonthophagus) amamiensis amamiensis Nomura, 1965"
"セボシヒラタゴミムシ","Agonum (Agonum) impressum (Panzer, 1797)"
"ナンキナガゴミムシ　亜種","Pterostichus (Nialoe) shotaroi kiimontanus Sasakawa, 2005"
"64): 39.","中山紘一, 1993. 高知県大中山で採集した昆虫2種. げんせい, (63"
"アイヌキンオサムシ　日高山脈亜種　","Carabus (Megodontus) kolbei hidakamontanus (Ishikawa, 1966)"
"タマイミジンムシダマシ","Aphanocephalus tamaii John, 1968"
"クロソンモリヒラタゴミムシ","Agonum (Shibataia) kurosonense Habu, 1957"
"イシハラメクラチビゴミムシ","Ishikawatrechus ishiharai S. Uéno, 1994"
"タイワンセスジゲンゴロウ","Copelatus tenebrosus Régimbart, 1880"
"ヒメガムシ","Sternolophus rufipes (Fabricius, 1792)"
"64): 38.","伊東善之, 1993. 高知県で採集したセスジムシ4種について. げんせい, (63"
"クロチビエンマムシ","Carcinops pumilio (Erichson, 1834)"
"オガオオズナガゴミムシ","Pterostichus (Smilodonialoe) namahage Sasakawa & Mitsuduka, 2023"
"トビイロゲンゴロウ","Cybister (Melanectes) sugillatus Erichson, 1834"
"コセマルガムシ","Dactylosternum latum (Sharp, 1873)"
"ヒロガワラツヤムネハネカクシ","Quedius (Microsaurus) onodai Y. Watanabe, 1986"
"キョウトツツキノコムシ","Cis eminenticollis Nobuchi, 1955"
"オクエゾトラカミキリ","Xylotrechus (Rusticoclytus) adspersus (Gebler, 1830)"
"マグソガムシ","Pachysternum haemorrhoum Motschulsky, 1866"
"イチカワオチバメダカハネカクシ","Stenus ichikawai Naomi, 2006"
"ウスグロチビヒゲナガゾウムシ","Uncifer truncatus (Sharp, 1891)"
"ツシマクビボソジョウカイ","Asiopodabrus (Asiopodabrus) tsushimanus Takahashi, 2012"
"アリタヒメハナノミ","Mordellina aritai (Nomura, 1964)"
"64): 37.","伊東善之, 1993. 四国未記録のゴミムシ3種について. げんせい, (63"
"コショザンツチゾウムシ","Trachyphilus kidoi Morimoto, 2015"
"マルガタナガゴミムシ　基亜種","Pterostichus (Bothriopterus) subovatus subovatus (Motschulsky, 1860)"
"コバネカミキリ　伊豆琉球亜種","Psephactus remiger insularis Hayashi, 1961"
"ヤツメアリヅカムシ","Octomicrus enkaizanus Nomura, 2010"
"ヤマトニセユミセミゾハネカクシ","Thinodromus (Amisammus) japonicus (Cameron, 1930)"
"ムツゲゴマムクゲキノコムシ","Acrotrichis (Ctenopteryx) grandicollis (Mannerheim, 1844)"
"アカスジハラハネカクシ","Autalia rufula Sharp, 1888"
"ヤノウスグモビロウドコガネ","Pachyserica yanoi Nomura, 1959"
"オビマダラアシナガカッコウムシ","Omadius tricinctus (Gorham, 1892)"
"ホソコキクイムシ","Cosmoderes consobrinus Blandford, 1894"
"アカヒメヒョウタンゴミムシ","Clivina yanoi Kult, 1951"
"チャイロカメノコハムシ","Cassida velaris Weise, 1896"
"キイロアシボソテントウダマシ","Chondria lutea Gorham, 1887"
"ムナグロホソツヤシデムシ　九州亜種","Apteroloma discicolle kyushuense Nakane, 1988"
"オオズアリヅカムシ","Nipponobythus latifrons Jeannel, 1958"
"クロナガキマワリ","Strongylium (Strongylium) niponicum Lewis, 1894"
"オオダイコンサルゾウムシ","Ceutorhynchus obstrictus (Marcham, 1802)"
"キガシラアオアトキリゴミムシ","Calleida (Callidiola) lepida Redtenbacher, 1867"
"イガブチヒゲハナカミキリ","Stictoleptura (Stictoleptura) igai (Tamanuki, 1942)"
"キマダラカミキリ　奄美亜種","Aeolesthes (Pseudaeolesthes) chrysothrix fukidai Fujita, 2018"
"ニセセマルガムシ","Coelostoma (Coelostoma) fallaciosum d'Orchymont, 1936"
"ヒメアオゾウムシ","Chlorophanus planus Sharp, 1896"
"イシハラクロコメツキダマシ","Euryptychus ishiharai Hisamatsu, 1994"
"カシノトマルオオズナガゴミムシ","Pterostichus (Sphodroferonia) confusianus N. Ito, 2011"
"2): 6-8.","Kono, H., 1934c. Die Sipalinen Japans (Col. Curc.). Insecta matsumurana, 9(1"
"コカギアシゾウムシ","Bagous (Macropelmus) fractus O'Brien & Morimoto, 1994"
"ヨツボシツヤテントウ","Hyperaspis leechi Miyatake, 1961"
"アマミクリタマムシ","Toxoscelus amamiensis Y. Kurosawa, 1963"
"ダイミョウマルズハネカクシ","Domene (Macromene) daimio Sharp, 1889"
"キノクニヒメハナカミキリ","Pseudopidonia matobai Kuboki, 2024"
"ヤツハラトゲナガゴミムシ","Pterostichus (Nialoe) yatsuensis Straneo, 1955"
"カラサワマメゴモクムシ","Stenolophus (Astenolophus) karasawai Tanaka, 1962"
"イシガキハイイロハネカクシ","Eucibdelus (Eucibdelus) ishigakiensis Hayashi, 1997"
"ヤマトエンマコガネ","Onthophagus (Strandius) japonicus Harold, 1874"
"タカハシクシコメツキ","Melanotus (Melanotus) takahashii Kishii, 1974"
"キベリイブシカワベハネカクシ","Bledius (Astycops) sellatus Sharp, 1889"
"キンキヒメマルクビゴミムシ","Nebria (Falcinebria) uenoi Nakane, 1963"
"アラハダメカクシゾウムシ","Mechistocerus morimotoi Alonso-Zarazaga, 2013"
"ミヤマミズスマシ","Gyrinus (Gyrinus) sachalinensis Kamiya, 1936"
"アマミオビモンヒョウタンゾウムシ","Amystax amamianus Nakamura & Morimoto, 2015"
"マダラツツヒゲナガゾウムシ","Ozotomerus amamianus Morimoto, 1978"
"モンキゴミムシダマシ　基亜種","Diaperis lewisi lewisi Bates, 1873"
"カミコウチクビボソジョウカイ　基亜種","Asiopodabrus (Asiopodabrus) kamikochianus kamikochianus (Nakane & Makino, 1990)"
"ヒメクビボソハネカクシ","Scopaeus (Scopaeus) currax Sharp, 1889"
"ムネモンウスアオカミキリ","Pareutetrapha magnifica caeruleithoracica Takakuwa, 1984"
"テバコヒメクモゾウムシ","Telephae tebakosana Morimoto, 1960"
"オキナワチビジョウカイ　基亜種","Malthinus (Malthinus) okinawanus okinawanus Wittmer, 1970"
"アカゴモクムシ","Harpalus (Loboharpalus) rubefactus rubefactus Bates, 1873"
"チャイロナガキマワリ","Strongylium (Strongylium) kawadai Masumoto, 1981"
"ナガチャコガネ","Heptophylla picea Motschulsky, 1858"
"オガサワラアシブトコメツキ","Podeonius yamamotoi (Ôhira, 1996)"
"シロモンオオヒゲナガゾウムシ","Mecotropis kyushuensis (Nakane, 1963)"
"ノウジメクラチビゴミムシ","Ishikawatrechus satoi S. Uéno, 2003"
"ハイイロクチブトゾウムシ","Cyphicerus (Cyphicerus) kuchibutonus (Kono, 1930)"
"カミヤセスジエンマムシ","Onthophilus kamiyai Adachi, 1930"
"ドウボソカミキリ","Pseudocalamobius japonicus (Bates, 1873)"
"クメシマヒゲコメツキ","Pectocera maruyamai Kishii, 2001"
"ワタナベコクロコメツキ","Ampedus (Ampedus) akihikoi Kishii, 1985"
"リュウキュウスジツヤチビハネカクシ","Edaphus riukiuensis Puthz, 1980"
"ルイスオオゴミムシ","Trigonotoma lewisii Bates, 1873"
"リュウキュウチビゾウムシ","Nanophyes dimorphus Morimoto, 1964"
"クリイロクワヒメゾウムシ","Moreobaris castanea (Morimoto & Miyakawa, 1985)"
"カバイロアシナガコガネ","Ectinohoplia rufipes (Motschulsky, 1860)"
"オワセオチバメダカハネカクシ","Stenus ferus Naomi, 2012"
"アマミホソサビキコリ　基亜種","Agrypnus amamiensis amamiensis (Miwa, 1934)"
"トサヒシガタクモゾウムシ","Lobotrachelus tosanus Morimoto, 1958"
"セダカカクケシキスイ","Pocadites corpulentus Reitter, 1884"
"ヤマトナガエハネカクシ","Homaeotarsus (Hesperobium) japonicus (Sharp, 1874)"
"コクロコガネ","Pedinotrichia picea (Waterhouse, 1875)"
"イヘヤジマビロウドコガネ","Maladera (?) kusuii Y. Miyake, 1986"
"クロイワメクラチビゴミムシ","Yamautidius (Yamautidius) pubicollis (S. Uéno, 1957)"
"ジャノメメクラチビゴミムシ","Trechiama (Trechiama) angustus S. Uéno, 1985"
"キアシツヤナガシンクイ","Xylothrips flavipes (Illiger, 1801)"
"オガサワラハンミョウ","Cylindera (Eugrapha) bonina (Nakane & Kurosawa, 1959)"
"アラメゴミムシダマシ","Derosphaerus sinensis (Hope, 1842)"
"ダイニチオチバメダカハネカクシ","Stenus dainichi Puthz, 2001"
"イモゾウムシ","Euscepes batatae (G. R. Waterhouse, 1849)"
"チビカギアシゾウムシ","Bagous (Bagous) minor O'Brien & Morimoto, 1994"
"トカシキキマワリ","Plesiophthalmus (Plesiophthalmus) kimurai (Masumoto, 1996)"
"シコクマルマグソコガネ","Mozartius shikokuensis Masumoto, 1984"
"ネルソンダイミョウナガタマムシ","Agrilus nelsonodaimio Ohmomo, 2006"
"コゲチャケシデオキノコムシ","Scaphisoma conspicuum Löbl, 1982"
"イセチビマルトゲムシ","Simplocaria (Simplocaria) isensis Kitano, 2017"
"28): 100-103.","Hromádka, L., 1979a. Drei neue japanische Stenus (Parastenus)-Arten. 8. Beitrag zur Kenntnis der Steninen. (Coleoptera, Staphylinidae). Fragmenta Coleopterologica, (25"
"キオビアシビロハイイロハネカクシ","Phytolinus lewisii Sharp, 1889"
"ツヤヒメセスジハネカクシ","Anotylus pusillimus (Kraatz, 1859)"
"クロバフトヒゲコメツキ","Drapetes abei Nakane, 1985"
"ハネビロアカコメツキ","Ampedus (Parelater) puniceus (Lewis, 1879)"
"クリハラヒメツヤドロムシ","Zaitzeviaria kuriharai Kamite, Ogata & M. Satô, 2006"
"マチオクメクラチビゴミムシ","Trechiama (Trechiama) cuspidatus S. Uéno, 1985"
"キイチゴヒサゴトビハムシ","Chaetocnema (Chaetocnema) constricta Ruan, Konstantinov & Yang, 2014"
"マガイヒメハネカクシ","Mimatheta nipponensis Cameron, 1933"
"クリバネチビシデムシ","Micronemadus pusillimus (Kraatz, 1877)"
"フタホシニセハナゾウムシ","Imathia ryukyuensis Kojima & Morimoto, 1998"
"チャイロヒメコブハナカミキリ　九州亜種","Pseudosieversia japonica amanoi Hayashi, 1971"
"キンケビロウドカミキリ　沖縄亜種","Acalolepta permutans okinawana (Gressitt, 1951)"
"リュウキュウツヤハナムグリ　渡名喜島亜種","Protaetia (Pyropotosia) pryeri yugoi Ochi & Kusui, 2024"
"オオツカアオマルガタミズギワゴミムシ","Bembidion (Plataphus) ohtsukai (Morita, 1996)"
"アシグロチビヒョウタンゴミムシ","Dyschirius (Dyschiriodes) tristis Stephens, 1827"
"アマミホソコバネカミキリ　沖縄本島亜種","Necydalis (Necydalis) moriyai tamakii K. Ikeda & M. Matsumura, 2014"
"クロホソヒラタケシキスイ","Epuraea (Epuraea) pygmaea (Gyllenhal, 1808)"
"カンジンナギサハネカクシ","Bryothinusa gangjinensis Ahn & Jeon, 2004"
"クロサワナガチビゴミムシ","Trechiama (Trechiama) kurosawai S. Uéno, 1986"
"オチバキクイゾウムシ","Cotasterosoma omogoense Konishi, 1962"
"イシガキホソクシコメツキ","Priopus ishigakiensis (Ôhira, 1967)"
"ナガイオオトゲアリヅカムシ","Lasinus inexpectatus Bekchiev, Hlaváč & Nomura, 2013"
"ジュウクホシテントウ","Anisosticta kobensis Lewis, 1896"
"トガリヒメメダカハネカクシ","Stenus lanceolatus Naomi, 1997"
"キュウシュウクロベニボタル","Cautires takakurai Nakane, 1980"
"フトヒサゴムクゲキノコムシ","Cissidium latum Sawada, 2008"
"ブンゴクワガタタマキノコムシ","Sogda hadai Hoshina, 2014"
"トサナガゴミムシ","Pterostichus (Sphodroferonia) tosanus Kasahara & Y. Itô, 1997"
"オオマメデオキノコムシ","Baeocera frater (Löbl, 1969)"
"オガサワラスジホソカタムシ","Ascetoderes popei Nakane, 1978"
"イマサカアラゲサルハムシ","Demotina imasakai Isono, 1990"
"トゲウスバカミキリ　奄美亜種","Spinimegopis nipponica kawazoei (Hayashi, 1961)"
"ナミフタホシメダカハネカクシ","Stenus tenuipes Sharp, 1874"
"ツブエンマムシ","Anapleus semen (Lewis, 1884)"
"ニッポンツヤヒラタゴミムシ","Synuchus (Synuchus) agonus (Tschitsherine, 1895)"
"オオイシコバネメダカハネカクシ","Stenus ohishii Naomi, 1987"
"タキモトクロチビジョウカイ","Malthodes (Maltharchus) takimotoanus Takahashi, 2021"
"スジナガハネカクシ","Pseudolathra (Pseudolathra) lineata Herman, 2003"
"アカムクゲケシキスイ","Aethina (Circopes) miniata S-T. Hisamatsu, 2014"
"オオヒラタガムシ","Enochrus (Methydrus) haroldi (Sharp, 1884)"
"シワヒサゴゴミムシダマシ","Misolampidius rugipennis Lewis, 1894"
"ホソヒラタゴミムシ","Pristosia aeneola (Bates, 1873)"
"キンヘリアトバアトキリゴミムシ","Catascopus (Catascopus) ignicinctus Bates, 1883"
"クロスジクチブトゾウムシ","Phyllolytus psittacinus (Redtenbacher, 1868)"
"リシリクロヒメジョウカイ","Rhagonycha (Rhagonycha) atrovaria atrovaria Wittmer, 1971"
"キタイクビハネカクシ","Ischnosoma fusciventre (Tikhomirova, 1973)"
"エゾヒラタヨツメハネカクシ","Microedus puncticollis (Nakane & K. Sawada, 1956)"
"ドサンコアカコメツキ","Ampedus (Ampedus) dosanko Kishii, 1987"
"シレトコクロマルズオオハネカクシ","Ocypus (Pseudocypus) shiretokensis Hayashi, 2008"
"ハスジクチカクシゾウムシ","Cryptorhynchus (Cryptorhynchus) fasciculatus (Roelofs, 1875)"
"ムモンチャイロホソバネカミキリ　八重山亜種","Thranius rufescens kobayashii Fujita, 2023"
"ミクラホソナガクチキ","Phloiotrya (Phloiotrya) shimomurai Toyoshima & Ishikawa, 2000"
"クビカクシナガクチキムシ","Scotodes annulatus Eschscholtz, 1818"
"ミヤマブチヒゲハネカクシ","Anisolinus taoi Naomi, 1981"
"ムサシオオタマキノコムシ","Leiodes araii Hoshina, 2012"
"サクライエグリゴミムシダマシ","Uloma (Uloma) sakuraii Masumoto, 1983"
"ヒラタコクヌストモドキ","Tribolium confusum Jacquelin du Val, 1862"
"ツヤモリヒラタゴミムシ","Xestagonum xestum (Bates, 1883)"
"クリヤケシキスイ","Carpophilus (Carpophilus) hemipterus (Linnaeus, 1758)"
"ハネスジヒメマキムシ","Dienerella (Dienerella) elegans (Auvé, 1850)"
"サナギジマオオコバネナガハネカクシ","Lathrobium (Lathrobium) anelpistum Senda, 2024"
"ハマベオオハネカクシ","Hadropinus fossor Sharp, 1889"
"ヤマトコキクイムシ","Hypothenemus japonicus (Niijima, 1910)"
"ミジンゴミムシダマシ","Myrmechixenus vaporariorum Guérin-Méneville, 1843"
"アマミホソナガクチキ","Phloeotrinus (Phloeotrinus) minusculus (Nomura, 1962)"
"ウスチャコガネ","Phyllopertha diversa Waterhouse, 1875"
"ババコキクイムシ","Cryphalus babai Murayama, 1961"
"ドウガネツヤマルトゲムシ","Lamprobyrrhulus hayashii Fiori, 1967"
"アマミコブヒゲカミキリ","Rhodopina modica Komiya, 1984"
"サツマコフキコガネ　四国亜種","Melolontha (Melolontha) satsumaensis shikokuana Nomura, 1977"
"カドワキツヤミズギワコメツキ","Oedostethus kadowakii (Kishii, 1976)"
"ヒラタクロクシコメツキ　屋久島口永良部島亜種","Melanotus (Melanotus) correctus issikii Miwa, 1929"
"ハラダオオタマキノコムシ","Leiodes haradai Hoshina, 2012"
"メシマクビカクシゴミムシダマシ","Stenochinus meshimanus (Nakane, 1985)"
"クロツヤキノコゴミムシダマシ","Platydema nigroaenea Motschulsky, 1861"
"クラウスチビサルハムシ","Nodina kraussi Kimoto & Gressitt, 1966"
"アトモンコミズギワゴミムシ","Tachyura (Tachyphanes) klugi (Nietner, 1858)"
"クロニセリンゴカミキリ","Eumecocera unicolor (Kano, 1933)"
"マリアクモゾウムシ","Euryommatus mariae (Roger, 1857)"
"アマミノコギリクワガタ　トカラ列島亜種","Prosopocoilus dissimilis elegans (Inahara, 1958)"
"10): 31-40.","Nakane, T., 1963e. New or little known Coleoptera from Japan and its adjacent regions. XX. Fragmenta Coleopterologica, (8"
"アラカワシロヘリトラカミキリ　熊毛亜種","Anaglyptus (Anaglyptus) arakawae kumagensis Fujita, 1980"
"フトツヤツツキノコムシ","Octotemnus robustus Kawanabe, 2002"
"シバタヒゲナガアリヅカムシ","Pselaphogenius shibatai Sawada, 1969"
"ハマハネカクシ","Salinamexus browni Moore & Legner, 1977"
"エグリナガゴミムシ","Pterostichus (Pseudomaseus) chujoiellus Jedlička, 1962"
"カラフトツツハムシ","Cryptocephalus (Cryptocephalus) krutovskii triangulifer Jakobson, 1926"
"ウスキアラゲサビカミキリ","Egesina (Niijimaia) fujiwarai Toyoshima, 1999"
"ヨツスジトラカミキリ　奄美沖縄亜種","Humeromaculatus (Humeromaculatus) quinquefasciatus matsumurai Fujita, 2023"
"ホソマルチビゲンゴロウ","Leiodytes miyamotoi (Nakane, 1990)"
"ワリイシツヤメクラチビゴミムシ","Ishikawatrechus bidilatatus Sugaya, 2014"
"タカシムネスジミギワハネカクシ","Erichsonius (Sectophilonthus) takashii Y. Watanabe & Cho, 2006"
"マツノヤマヒメコケムシ","Euconnus (Euconnus) matsunoyamensis Hoshina & Nagano, 2005"
"ヒメオオズナガゴミムシ","Pterostichus (Smilodonialoe) toyodai Morita & Kurosa, 1998"
"オスグロオオハナノミ","Macrosiagon pusilla (Gerstaecker, 1855)"
"フタキボシケシゲンゴロウ","Allopachria bimaculata (M. Satô, 1972)"
"ナガチビコフキゾウムシ","Sitona cylindricollis cylindricollis Fåhraeus, 1840"
"マヤサンオサムシ　鵜方亜種","Carabus (Ohomopterus) maiyasanus ohkawai (Nakane, 1968)"
"オオクボカミキリ　基亜種","Tengius okuboi okuboi Matsushita, 1938"
"ハラダチョッキリ","Cneminvolvulus (Metinvolvulus) haradai (Kono, 1940)"
"ヒメビロウドカミキリ","Acalolepta degener degener (Bates, 1873)"
"ニセケブカゴモクムシ","Harpalus (Pseudoophonus) aenigma (Tschitschérine, 1897)"
"ナカネダルマガムシ","Ochthebius (Ochthebius) nakanei Matsui, 1986"
"キイヒサゴアリヅカムシ","Arthromelodes kiiensis Nomura, 1991"
"トガリカクムネトビハムシ","Neocrepidodera acuminata (Jacoby, 1885)"
"ヤナギチビナカボソタマムシ","Nalanda primoriensis Alexeev, 1979"
"マダラチビコメツキ","Drasterius agnatus (Candèze, 1873)"
"キモンナガミズギワゴミムシ","Bembidion (Ocydromus) scopulinum (Kirby, 1837)"
"セミゾヨツメハネカクシ","Omalium japonicum Sharp, 1874"
"ゴボウゾウムシ","Larinus (Phyllonomeus) latissimus Roelofs, 1873"
"テルシノホソヒメジョウカイモドキ","Attalus (Attalus) kojimai Asano, 2018"
"キボシカミキリ　沖永良部島亜種","Psacothea hilaris intermedia Breuning & K. Ohbayashi, 1966"
"モンチビヒラタムシ","Notolaemus cribratus (Reitter, 1889)"
"ヨネヤマメクラチビゴミムシ","Kurasawatrechus endogaeus S. Uéno & Baba, 1965"
"クロアシナガゾウムシ","Cylindralcides (Cylindralcides) takahashii (Kono, 1930)"
"コクロツヤヒラタゴミムシ","Synuchus (Synuchus) melantho (Bates, 1883)"
"オオメノコギリホソヒラタムシ","Oryzaephilus mercator (Fauvel, 1889)"
"オオヨツアナミズギワゴミムシ","Bembidion (Plataphodes) nuncaestimatum Netolitzky, 1939"
"クマゲヨツスジハナカミキリ","Leptura yokoyamai Hayashi, 1961"
"ミヤマコガネヒラタコメツキ　亜種","Paraphotistus (Mosotalesus) impressus sachalinensis (Miwa, 1928)"
"ドウイロハマベゴミムシ","Pogonus (Pogonus) itoshimaensis Habu, 1954"
"マダラゴマフカミキリ","Japanomesosa poecila (Bates, 1884)"
"エゾヒサゴコメツキ　基亜種","Ligmargus aeneoniger aeneoniger (Miwa, 1928)"
"アイヌチビマルハナノミ","Nyholmia ainu (Nakane, 1963)"
"アフリカヒラタキクイムシ","Lyctus (Xylotrogus) africanus africanus Lesne, 1907"
"コバネメダカハネカクシ","Stenus indubius Sharp, 1889"
"シラネヒメハナカミキリ　中部山岳東域亜種","Pseudopidonia obscurior yokoyamai (Hayashi, 1968)"
"ヒメフチケマグソコガネ","Aphodius (Aganocrossus) urostigma Harold, 1862"
"トカラダンダラカッコウムシ","Stigmatium igai Nakane, 1963"
"コメノノクロチビジョウカイ","Malthodes (Sohayakimalthodes) komenonoanus Takahashi, 2021"
"ルイスヒメツノゴミムシダマシ","Cryphaeus punctatulus (Lewis, 1894)"
"キタクロヒラタゴミムシ","Agonum (Agonum) dolens (C. R. Sahlberg, 1827)"
"62):23-26.","大平仁夫, 1993. 高知県産コメツキムシ類の採集記録(3). げんせい, (61"
"チャグロコメツキ","Ampedus (Ampedus) morii Kishii, 2011"
"ヒメオオナガコメツキ","Orthostethus kometsuki (Kishii, 1985)"
"ニホンヒョウタンメダカハネカクシ","Dianous japonicus K. Sawada, 1960"
"ツノブトエグリツツキノコムシ","Ennearthron robusticorne Kawanabe, 1996"
"ルイスキムネマルハナノミ","Sacodes dux (Lewis, 1895)"
"コウノカミキリモドキ","Nacerdes (Xanthochroa) konoi (Nakane, 1954)"
"カクムネチビトビハムシ","Neocrepidodera recticollis (Jacoby, 1885)"
"チャイロムクゲヒメキノコハネカクシ","Sepedophilus hirsutus Naomi & Maruyama, 1998"
"ヒミコオチバメダカハネカクシ","Stenus himiko Naomi, 1989"
"ヤマトオビモンヒョウタンゾウムシ","Amystax yamato Nakamura & Morimoto, 2015"
"ハクバカタホソヨツメハネカクシ","Philydrodes (Minyphilydrodes) maculatus Y. Watanabe, 1990"
"ベーツヤサカミキリ","Leptoxenus ibidiiformis Bates, 1877"
"ドウゼンコバネナガハネカクシ","Lathrobium (Lathrobium) dozenense Y. Watanabe & Shimada, 2005"
"タンザワナガゴミムシ","Pterostichus (Nialoe) watanabei Tanaka, 1960"
"チャバネクロヒラタコメツキ","Pseudanostirus chabane Kishii, 2011"
"ナチュラルマルタマキノコムシ","Agathidium (Neoceble) naturale Hoshina, 2000"
"イシダモリヒラタゴミムシ","Agonum (Dicranoncoides) ishidai (Ohkura & Shibata, 1963)"
"セダカオサムシ　基亜種","Cychrus morawitzi morawitzi Géhin, 1885"
"テングベニボタル","Erotides (Glabroplatycis) nasutus (Kiesenwetter, 1874)"
"ヒトツメヒラナガゴミムシ","Hexagonia cyclops (Matsumura, 1910)"
"シマバラナガタマムシ","Agrilus shimabarensis Ohmomo, 2011"
"ケマダラカミキリ　基亜種","Agapanthia (Epoptes) daurica daurica Ganglbauer, 1884"
"ウスヒゲミジンムシ","Clypastraea flavivornis (Matthews, 1899)"
"コウトウコガシラミズムシ","Haliplus (Liaphlus) kotoshonis Kano & Kamitya, 1931"
"チュウジョウクロテントウ","Telsimia chujoi Miyatake, 1959"
"キイオサムシ","Carabus (Ohomopterus) kiiensis (Nakane & Iga, 1953)"
"クロスジホソゴミムシダマシ","Corticeus (Corticeus) suturalis (Paykull, 1800)"
"ニセクロツヤミズギワコメツキ","Menoko tanagami Kishii, 1985"
"クチナガチョッキリ","Mecorhis (Thompsonirhinus) plumbea (Roelofs, 1874)"
"タケイオオタマキノコムシ","Leiodes fracta (Seidlitz, 1875)"
"シズオカオサムシ　富士川流域以西亜種","Carabus (Ohomopterus) esakii suruganus Ujiie, Ishikawa & Kubota, 2010"
"カタアカハナボタル","Pseudoaplatopterus (Eropterus) nothus (Kiesenwetter, 1874)"
"オカベセボシジョウカイ　伊豆大島亜種","Lycocerus okabei oshimanus Okushima, 2005"
"ニッポンクロチビジョウカイ","Malthodes (Maltharchus) yukihikoi Takahashi, 1996"
"ベーツヒラタゴミムシ","Euplynes batesi Harold, 1877"
"クリイロコキクイムシ","Eidophelus badius (Nobuchi, 1975)"
"コクロメダカハネカクシ","Stenus melanarius Stephens, 1833"
"ヒゲナガチャイロコメツキダマシ","Serrifornax tumidicollis (Redtenbacher, 1867)"
"トウホクヒメハナカミキリ","Pseudopidonia michinokuensis (Hayashi, 1981)"
"オキナワキバナガミズギワゴミムシ","Bembidion (Desarmatocillenus) okinawanum (Morita, 2009)"
"メダカヒメカタゾウムシ　北部亜種","Ogasawarazo (Ogasawarazo) hahajimaensis sekimonensis Morimoto, 2015"
"クジラタケツヤツツキノコムシ","Octotemnus crassus Kobayashi & Sota, 2019"
"イワトメクラチビゴミムシ","Rakantrechus (Paratrechiama) constrictus S. Uéno, 1959"
"ドウイロチビタマムシ","Trachys cupricolor E. Saunders, 1873"
"ヒラタクワガタ　対馬亜種","Dorcus titanus castanicolor (Motschulsky, 1861)"
"サワダウミハネカクシ","Rotundicephala koheii Tasaku, Ono & Maruyama, 2023"
"ヒゲナガホソチビヒラタムシ","Leptophloeus abei Sasaji, 1986"
"クロホシサルゾウムシ","Pelenomus canaliculatus (Fåhraeus, 1843)"
"ヒトツメアオゴミムシ","Callistoides deliciolus (Bates, 1873)"
"ウスイロデオネスイ","Monotoma testacea Motschulsky, 1845"
"アルマンサルゾウムシ","Wagnerinus harmandi (Hustache, 1916)"
"シャープゲンゴロウモドキ","Dytiscus sharpi Wehncke, 1875"
"ニセホソマメコメツキ","Yukoana tamui Kishii, 1959"
"エサキフサヒゲアリヅカムシ","Trisinus esakii (Nomura, 1991)"
"ヘリアカバコガシラハネカクシ","Philonthus (Philonthus) tardus Kraatz, 1859"
"ヘリグロヒラタケシキスイ","Omosita discoidea (Fabricius, 1775)"
"イトウクロヒメジョウカイ","Rhagonycha (Rhagonycha) itoi Kazantsev & Takahashi, 2001"
"カシミールコクヌストモドキ","Tribolium freemani Hinton, 1948"
"ミドリヒメスギカミキリ","Callidium (Paraeocallidium) kuratai (Yokoyama, 1972)"
"アマミハナコメツキ","Paracardiophorus amami Kishii, 1977"
"ルリホソアリモドキ","Clavicollis nigrocyanellus (Marseul, 1877)"
"アカバデオキノコムシ","Episcaphium semirufum Lewis, 1893"
"クモガタケシカミキリ","Exocentrus fasciolatus Bates, 1873"
"イシガキコアオハナムグリ　与那国島亜種","Gametis ishigakiana yonakuniana (Nomura, 1959)"
"マダラホソカタムシ","Trachypholis variegata (Sharp, 1885)"
"カンコクホソミズギワハネカクシ","Derops coreanus (Y. Watanabe, 1969)"
"エゾヒゲナガヒメハネカクシ","Psammostiba jessoensis (Brundin, 1943)"
"イシガキヒサゴムクゲキノコムシ","Cissidium ishigakiensis Sawada, 2008"
"ホソクロツツナガハネカクシ","Lobrathium (Lobrathium) nipponense Itô, 1995"
"スギキクイサビゾウムシ","Dryophthorus japonicus Konishi, 1963"
"ナガサキオチバゾウムシ","Otibazo nagasakiensis Morimoto, 1961"
"アナバラアリヅカムシ","Batriscenellus (Scaioscenellus) similis (Sharp, 1883)"
"クロキノカワゴミムシ","Leistus (Pogonophorus) obtusicollis Bates, 1883"
"サキシマクロナガコメツキ","Parallelostethus sakishimensis (Ôhira, 1967)"
"ソボスジツヤチビハネカクシ","Edaphus persubtilis Puthz, 2014"
"ニホンハナムグリヨツメハネカクシ","Eusphalerum japonicum (Bernhauer, 1909)"
"トクノシマユミアシゴミムシダマシ","Promethis tokunoshimana (M. T. Chûjô, 1995)"
"ムラサキハムシ","Chrysomela cuprea Fabricius, 1775"
"ミツモンモモブトカッコウムシ","Iwawakia trimaculata S. Satô, 2002"
"ニッコウチビコバネナガハネカクシ","Lathrobium (Lathrobium) nikkoense Y. Watanabe, 2001"
"オキナワニセメダカハネカクシ","Stenaesthetus okinawaensis Puthz, 1986"
"アナズアリヅカムシ","Batrisceniola dissimilis (Sharp, 1874)"
"ムツボシタマムシ","Chrysobothris (Chrysobothris) succedanea E. Saunders, 1873"
"ダイゴメクラチビゴミムシ","Trechiama (Trechiama) rotundipennis S. Uéno, 1980"
"ナカネクビボソジョウカイ","Asiopodabrus (Japanopodabrus) nakanei (Takahashi & Okushima, 1999)"
"コジロウヒメコケムシ","Euconnus (Euconnus) kojiroi Hoshina, 2004"
"ルイスチャバネキクイゾウムシ","Sphaerocorynes lewisianus Wollaston, 1873"
"カタモンデオキスイ","Carpophilus (Carpophilus) humerosus Reitter, 1873"
"キタカミメクラチビゴミムシ","Dracotrechus fontanus S. Uéno, 2010"
"シコクチビシデムシ","Catops hisamatsui Hayashi, 1985"
"クロコモンタマムシ","Poecilonota variolosa chinensis Théry, 1926"
"チョウカイナガチビチビゴミムシ","Trechiama (Trechiama) yoshikoae S. Uéno, 1994"
"オオシマアオハナムグリ　沖永良部島亜種","Protaetia (Niponoprotaetia) exasperata uenoi Nomura, 1960"
"ニセモンキマメゲンゴロウ","Platambus convexus Okada, 2011"
"メダカヒゲブトハネカクシ","Tetrasticta laeta Maruyama & Sugaya, 2002"
"ウマズラナガエハネカクシ","Chetocephalus maritimus Cameron, 1944"
"ヒメクロツヤハダコメツキ　対馬亜種","Hemicrepidius (Hemicrepidius) desertor taishu Kishii, 2001"
"アカアシハナコメツキ　基亜種","Platynychus (Displatynychus) adjutor adjutor (Candèze, 1873)"
"ダイセツハナムグリヨツメハネカクシ","Eusphalerum daisetsuense Y. Watanabe, 1990"
"クロミズギワコメツキ","Fleutiauxellus (Migiwa) insulsus (Candèze, 1873)"
"スミイロヒメハネカクシ","Atheta (Atheta) atramentaria (Gyllenhal, 1810)"
"ロフツォーヴァヒメナガアリヅカムシ","Ramussia lovtsovae Kurbatov, 2022"
"クロホシモモブトハムシ","Zeugophora chujoi Ohno, 1961"
"オオヒョウタンメダカハネカクシ","Dianous shibatai K. Sawada, 1960"
"クワナガタマムシ","Agrilus komareki Obenberger, 1925"
"ニセニホンチビマメコメツキ","Quasimus (Quasimus) ranzanus Kishii, 1970"
"ヨナグニモリヒラタゴミムシ","Agonum (Nymphagonum) azumai (Habu, 1973)"
"ツツガタメクラチビゴミムシ","Stygiotrechus unidentatus S. Uéno, 1969"
"チャゴマフカミキリ","Mesosa (Mesosa) perplexa Pascoe, 1858"
"アマミアオハムシダマシ","Arthromacra amamiana Nakane, 1963"
"アカクサビラハネカクシ","Plesiochara rufula Inoue & Maruyama, 2022"
"ダイボサツヒメマルトゲムシ","Horiella japonica Pütz, 2002"
"キソコクロコメツキ","Ampedus (Ampedus) kiso Kishii, 1990"
"ヒラタエンマムシ","Hololepta (Hololepta) depressa Lewis, 1884"
"ツシマシモフリコメツキ","Actenicerus (Acnitecerus) taishu Kishii, 1996"
"ハチジョウヒメカタゾウムシ","Arrhaphogaster hachijoensis Morimoto & Miyakawa, 1985"
"チャイロヒメゾウムシ","Dendrobaris maculata (Roelofs, 1879)"
"トウヒノネノキクイムシ","Dryocoetes autographus (Ratzeburg, 1837)"
"キモトヒメテントウ","Scymnus (Pullus) kimotoi H. Kamiya, 1965"
"キボシマダラカミキリ","Saperda balsamifera (Motschulsky, 1860)"
"ハクサンツヤムネハネカクシ","Quedius (Microsaurus) hakusanus Y. Watanabe, 1987"
"クビアカアリノスハネカクシ","Zyras (Zyras) pictus (Sharp, 1874)"
"ナンセイエグリゴミムシダマシ","Uloma (Uloma) nanseiensis Masumoto & Nishikawa, 1986"
"オガサワラマルテントウダマシ","Idiophyes boninensis Sasaji, 1978"
"リュウキュウケシツブチョッキリ","Auletobius (Auletobius) planifrons Sawada, 1993"
"オキナワシロテンナガタマムシ","Agrilus inadai Fukutomi, 2006"
"コクロナガオサムシ　北関東上越亜種","Carabus (Leptocarabus) arboreus tenuiformis Bates, 1883"
"トホシハムシ","Gonioctena (Gonioctena) japonica japonica Chûjô & Kimoto, 1960"
"イタチハギマメゾウムシ","Acanthoscelides pallidipennis (Motschulsky, 1874)"
"シオダマリセスジダルマガムシ","Ochthebius (Ochthebius) danjo Nakane, 1990"
"ナミバラヒメハネカクシ","Atheta (Microdota) subcrenulata Bernhauer, 1907"
"オンタケヒメクチキムシ","Mycetochara (Ernocharis) ontakensis Akita & Masumoto, 2014"
"マルバネアトキリゴミムシ","Formosiella flavomaculata (Shibata, 1964)"
"カバイロダナエテントウダマシ","Danae castanea Sasaji, 1978"
"コガネムシ","Mimela splendens (Gyllenhal, 1817)"
"イノウエマダラミズギワゴミムシ","Bembidion (Eupetedromus) sibiricum Dejean, 1831"
"カシワクチブトゾウムシ","Nothomyllocerus griseus (Roelofs, 1873)"
"ツメナガオオタマキノコムシ","Leiodes longitarsis Baranowski, 1993"
"シラホシハナノミ","Hoshihananomia perlata (Sulzer, 1776)"
"4): 116-126.","Miyatake, M., 1970a. A revision of the genus Byrsax Pascoe of Japan, with some notes on the Japanese Bolitophagini (Coleoptera: Tenereionidae). Transactions of the Shikoku Entomological Society, 10(3"
"ヒメナガサビカミキリ","Pterolophia (Pterolophia) leiopodina (Bates, 1873)"
"キボシコオニケシキスイ","Cryptarcha maculata Reitter, 1873"
"ウドハナボタル","Plateros udoensis Nakane, 1985"
"ヒルギカタジョウカイモドキ","Dicranolaius mangalicola Asano & Kawashima, 2010"
"ルイスウスイロムクゲキノコムシ","Ptinella lewisiana A. Matthews, 1884"
"ヨツモンタマノミハムシ","Sphaeroderma quadrimaculatum Chûjô, 1935"
"エダヒゲナガハナノミ　基亜種","Epilichas flavellatus flavellatus (Kiesenwetter, 1874)"
"チチブニセリンゴカミキリ　北海道亜種","Niponostenostola niponensis konoi (Kano, 1933)"
"オオダイヒメメダカハネカクシ","Stenus nipponomontanus Naomi, 1988"
"クロホソコバネカミキリ　基亜種","Necydalis (Necydalisca) harmandi harmandi Pic, 1901"
"チャバネツヤハムシ","Phygasia fulvipennis (Baly, 1874)"
"シバタハバビロハネカクシ","Megarthrus shibatai Sawada, 1962"
"ミヤマナガゴミムシ　関東亜種","Pterostichus (Nialoe) rhanis kantous Tanaka, 1958"
"ウスイロクビボソジョウカイ","Asiopodabrus (Asiopodabrus) temporalis (Harold, 1878)"
"ヒメクシヒゲコメツキ","Tetrigus okinawensis Ôhira, 1967"
"クロツヤアラゲカミキリ","Anaespogonius piceonigris Hayashi, 1972"
"クロヒゲブトカツオブシムシ","Thaumaglossa hilleri Reitter, 1881"
"セッツヒメハネカクシ","Atheta (Atheta) settsuensis Cameron, 1933"
"ヒメクチキムシダマシ","Elacatis ocularis (Lewis, 1891)"
"アイヌコケムシ","Scydmaenus (?) cribratus (Sharp, 1886)"
"コヒゲミジンムシ","Clypastraea picicornis (Matthews, 1899)"
"クリサキテントウ","Harmonia yedoensis (Takizawa, 1917)"
"クリゲヒメハナノミ","Falsomordellistena (Falsomordellistena) trichophora (Nomura, 1951)"
"マダラケシミズギワゴミムシ","Bembidion (Trepanes) articulatum (Panzer, 1796)"
"キンケチャイロカミキリ　基亜種","Asaperda bicostata bicostata Hayashi, 1956"
"シラカミメクラチビゴミムシ","Oroblemus yamauchii S. Uéno, 1993"
"アバタヒメハネカクシ","Schistogenia crenicollis Kraatz, 1857"
"ツノオオキクイムシ","Hyorrhynchus unicornis Nobuchi, 1966"
"アマミクロオオクチキムシ","Upinella (Upinella) amamiensis (Maeda & Nakane, 1988)"
"ヒトオビチビカミキリ","Sybra (Sybra) unifasciata Fujimura, 1956"
"マルキバネサルハムシ","Pagria ussuriensis Moseyko & Medvedev, 2005"
"オビヒメハナノミ","Falsomordellistena (Falsomordellistenoda) loochooana Nomura, 1964"
"アマミニセビロウドカミキリ　基亜種","Acalolepta amamaiana amamaiana (Hayashi, 1962)"
"ニイジマチビカミキリ　基亜種","Egesina (Niijimaia) bifasciana bifasciana (Matsushita, 1933)"
"ヒラコバネメダカハネカクシ","Stenus acerrimus Naomi, 2006"
"ウスフタモンサビカミキリ　基亜種","Ropica japonica japonica Hayashi, 1972"
"アジアホテイケシデオキノコムシ","Scaphobaeocera dorsalis Löbl, 1980"
"コガシラツヤヒラタゴミムシ","Synuchus (Diplosaccus) angusticeps Tanaka, 1962"
"モムラオオズナガゴミムシ","Pterostichus (Smilodonialoe) momuranus Morita, Ohkawa & Kurihara, 2013"
"26): 10.","黒沢良彦, 1975. ルリクワガタとコルリクワガタの分布. 甲虫ニュース, (25"
"フトヒゲアメイロカミキリ　基亜種","Obrium takahashii takahashii Kusama & Takakuwa, 1984"
"フタモンアメイロカミキリ　基亜種","Pseudiphra bicolor bicolor Nara & Kusui, 1974"
"タイシャクメクラチビゴミムシ","Trechiama (Trechiama) insolitus S. Uéno, 1959"
"ミヤマカミキリモドキ","Ditylus laevis laevis (Fabricius, 1787)"
"クロフヒゲナガゾウムシ","Tropideres roelofsi roelofsi (Lewis, 1879)"
"アマミノコギリクワガタ　沖縄島亜種","Prosopocoilus dissimilis okinawanus Nomura, 1962"
"アマミタマガタコメツキダマシ","Euryostus uenoi Suzuki, 2021"
"スジヒメガムシ","Hydrobius pauper Sharp, 1884"
"コカシワクチブトゾウムシ","Lepidepistomodes griseoides (Zumpt, 1937)"
"ヒメミズギワヨツメハネカクシ","Lesteva minima Y. Watanabe, 1990"
"ルリツツハムシ","Cryptocephalus (Cryptocephalus) aeneoblitus Takizawa, 1975"
"タナカオオコバネナガハネカクシ","Lathrobium (Lathrobium) tanakai Y. Watanabe, 1998"
"アオヨツアナミズギワゴミムシ","Bembidion (Plataphodes) komareki Fassati, 1955"
"アカネヒメコケムシ","Euconnus (Euconnus) akane Hoshina, 2020"
"ヒラタクワガタ　徳之島亜種","Dorcus titanus tokunoshimaensis (Fujita & Ichikawa, 1985)"
"ヨコモンヒメハナカミキリ","Cryptopidonia insuturata (Pic, 1901)"
"カサオカツチゾウムシ","Trachyphilus kasaokanus Morimoto, 2015"
"カリプソテントウ","Coelophora saucia Mulsant, 1850"
"クマハネカクシ","Pella horii Maruyama, 2006"
"アミメナガシンクイ","Endecatomus lanatus Lesne, 1934"
"ウスチャチビゴミムシダマシ","Sakaiomenimus oblongus (Lewis, 1894)"
"ハマベヒメサビキコリ　高知沖ノ島亜種","Agrypnus miyamotoi tosa Kishii, 1996"
"128): 5-10.","保科英人・生川展行・市橋　甫, 2000. 三重県のタマキノコムシ. 甲虫ニュース, (127"
"コゲチャチビホソゴミムシダマシ","Corticeus (Tylophloeus) haddeni (Pic, 1945)"
"ヒメカワチゴミムシ","Diplous (Platidius) depressus (Gebler, 1829)"
"スルガオチバメダカハネカクシ","Stenus usitatus Naomi & Nomura, 2015"
"クリノウスイロクチキムシ","Borboresthes simiola (Lewis, 1895)"
"チビクワガタ","Figulus binodulus Waterhouse, 1873"
"44): 70.","日暮卓志, 1996. 鳥取県でオオキイロコガネを採集. すかしば, (43"
"ミナミアバタウミベハネカクシ","Cafius (Pseudoremus) nauticus Fairmaire, 1849"
"チャイロカッコウムシ","Opilo difficilus Schenkling, 1912"
"ヒゼンマメデオキノコムシ","Baeocera myrmidon (Achard, 1923)"
"イシガキササラクチカクシゾウムシ","Deretiosus ishigakianus Morimoto, 1988"
"イシガキホソアカクチキムシ","Allecula (Allecula) ishigakiensis Maeda & Nakane, 1988"
"ムネミゾチビゴモクムシ","Anthracus horni (Andrewes, 1923)"
"2): 25-33.","Nomura, S. & H. Kobayashi, 1976a. On the genus Mimela from Japan and Taiwan (Col., Scarabaeidae). Entomological Review of Japan, 29(1"
"ウスモンキノコハネカクシ","Lordithon (Lordithon) trimaculatus (Fabricius, 1793)"
"オキナワツマキヒラタチビタマムシ","Habroloma (Parahabroloma) liukiuense (Obenberger, 1940)"
"デワコクロコメツキ","Ampedus (Ampedus) dewanus Kishii, 1979"
"アカバネダイコンサルゾウムシ","Ceutorhynchus sinicus (Voss, 1958)"
"ホングウオビモンヒョウタンゾウムシ","Amystax honguanus Nakamura & Morimoto, 2015"
"カギヒゲナガアリヅカムシ","Pselaphogenius orientalis Besuchet, 1961"
"ヨスジヒメナガアリヅカムシ","Tiliactus properus Kurbatov, 1992"
"ゴイシモモブトカミキリ","Callapoecus guttatus Bates, 1884"
"オオアオカミキリ","Chloridolum (Chloridolum) thaliodes Bates, 1884"
"オウシュウチビゲンゴロウ","Hydroglyphus geminus (Fabricius, 1792)"
"ヤマモトツヤミズギワコメツキ","Oedostethus yamamotoi (Kishii, 1976)"
"コケシトガリハネカクシ","Medon tomokoae Shibata & Fujimoto, 2017"
"ハイマツマキムシモドキ","Laricobius kovalevi Nikitsky, 1992"
"サトウニセヨツメハネカクシ","Carcinocephalus satoi Hayashi, 2007"
"ダイセンミズギワナガゴミムシ　京都亜種","Pterostichus (Nialoe) daisenicus sakagutii Nakane & Ishida, 1958"
"ヒメセスジカクマグソコガネ","Rhyparus helophoroides Fairmaire, 1893"
"クロオサムシ　山梨長野亜種","Carabus (Ohomopterus) albrechti okumurai (Ishikawa, 1996)"
"オオムツボシタマムシ","Chrysobothris (Chrysobothris) ohbayashii Y. Kurosawa, 1948"
"シナノカワベナガエハネカクシ","Ochthephilum shinanense T. Ito, 2008"
"シラタカハムシ","Chrysolina (?) seriepunctata (Weise, 1887)"
"オオアカマルノミハムシ","Argopus clypeatus Baly, 1874"
"キベリクビボソハムシ","Lema (Petauristes) adamsii Baly, 1865"
"クロモンチビオオキノコ","Tritoma (Tritoma) pantherina (Lewis, 1887)"
"オオアオミズギワゴミムシ","Bembidion (Trichoplataphus) lissonotum Bates, 1873"
"ヒメカタゾウムシ　珍平山亜種","Ogasawarazo (Ogasawarazo) rugosicephalus chinpeiyamaensis Morimoto, 2015"
"ツマアカクビボソムシ","Macratria apicalis Lewis, 1895"
"コイケミズギワゴミムシ","Bembidion (?) koikei Habu & Baba, 1960"
"ヒメオオナガシバンムシ","Priobium yamashitai Nakane, 1989"
"チビイッカク　吐噶喇奄美亜種","Mecynotarsus minimus laticornis Nomura, 1962"
"ヨツオビクチブトノミゾウムシ","Imachra nipponica (Morimoto, 1964)"
"ミクラミヤマクワガタ","Lucanus gamunus Sawada & Y. Watanabe, 1960"
"サルキケシガムシ","Cercyon (Cercyon) saluki Ryndevich, 1998"
"ホラアナカマヒゲアリヅカムシ","Bythoxenites japonica (Yoshida & Nomura, 1952)"
"シモフリコメツキ","Actenicerus (Acnitecerus) pruinosus (Motschulsky, 1861)"
"リュウキュウツヤハナムグリ　中之島亜種","Protaetia (Pyropotosia) pryeri tsutsuii Nakane, 1956"
"ヤツツチゾウムシ","Trachyphilus yatsuanus Morimoto, 2015"
"ヤクシマハナムグリヨツメハネカクシ","Eusphalerum yakushimanum Y. Watanabe, 1990"
"ホソニンフジョウカイ","Asiopodabrus (Asiopodabrus) fragilis (Nakane & Makino, 1989)"
"ズグロツヤテントウ","Serangium punctum Miyatake, 1963"
"アマミズマルトラカミキリ　基亜種","Xylotrechus (Xylotrechus) reductemaculatus reductemaculatus Hayashi, 1968"
"トガリムネトゲアリヅカムシ","Batrisodes acuminatus (Sharp, 1883)"
"キスジツツハムシ","Cryptocephalus (Cryptocephalus) limbatipennis Jacoby, 1885"
"ガイマイゴミムシダマシ","Alphitobius diaperinus (Panzer, 1796)"
"オビクビボソムシ","Macratria cingulifera Marseul, 1876"
"ヒゲブトテントウダマシ","Trochoideus desjardinsi Guérin-Méneville, 1838"
"キボシカミキリ　基亜種","Psacothea hilaris hilaris (Pascoe, 1857)"
"メシマコブヒゲカミキリ","Rhodopina meshimensis Makihara, 1980"
"カクコガシラハネカクシ","Philonthus (Cephalonthus) rectangulus Sharp, 1874"
"サオリオオトゲアリヅカムシ","Lasinus saoriae Bekchiev, Hlaváč & Nomura, 2013"
"アイヌキンオサムシ　狩場山亜種","Carabus (Megodontus) kolbei yasudai (Ishikawa, 1971)"
"オキナワハナゾウムシ","Anthonomus (Anthonomus) okinawanus Kojima & Morimoto, 1994"
"ナガコゲチャケシキスイ","Amphicrossus lewisi Reitter, 1873"
"チャイロヒメハナカミキリ　対馬亜種","Mumon aegrota kubokii (Hayashi, 1984)"
"イマサカナガゴミムシ","Pterostichus (Sphodroferonia) imasakai Kasahara & Ohtani, 1988"
"ニシカワヒサゴムクゲキノコムシ","Cissidium nishikawai Sawada, 2008"
"ホシダテホソキコメツキ","Agaripenthes hoshidatensis (Ôhira, 1968)"
"アマダニメクラチビゴミムシ","Trechiama (Trechiama) falcatus Ashida, 2002"
"キバラルリクビボソハムシ","Lema (Lema) concinnipennis Baly, 1865"
"エサキキノコゴミムシ","Coptodera (Coptoderina) esakii (Nakane, 1956)"
"ツマグロミナミボタル","Drilaster nigroapicalis Kawashima, Satou & M. Satô, 2005"
"チロロクロヒメジョウカイ","Rhagonycha (Rhagonycha) chirorodakensis Kazantsev & Takahashi, 2001"
"セイリンドウキクイムシ","Pityogenes seirindensis Murayama, 1929"
"クロコトビハムシ","Manobia parvula (Baly, 1874)"
"クロフヤサクチカクシゾウムシ","Parempleurus nigrovariegatus Morimoto, 1981"
"クリノミキクイムシ","Coccotrypes cardamomi C. F. C. Schaufuss, 1905"
"ヨツアナデオネスイ","Monotoma quadrifoveolata Aubé, 1837"
"オオトラフコガネ　基亜種","Paratrichius doenitzi doenitzi (Harold, 1879)"
"ナガマルクビハネカクシ","Tachinus (Tachinus) elongatus Gyllenhal, 1810"
"キベリカタビロハナカミキリ","Prorhagium erebia (Bates, 1884)"
"ムネスジミジンキスイ","Propalticus ryukyuensis H. Kamiya, 1964"
"ギフハマベエンマムシ","Hypocaccus (Hypocaccus) toyoshimai Kikuchi & M. Ôhara, 2023"
"クシヒゲツツシンクイ","Elateroides flabellicornis (Schneider, 1791)"
"アマミヨコミゾドロムシ","Leptelmis torikaii Kamite, Yoshitomi & Hayashi, 2017"
"サトウマルドロムシ","Georissus (Neogeorissus) satoi Yasuda & Yoshitomi, 2022"
"ウスチャアシブトゾウムシ","Morimotozo ryukyuensis (Kojima & Morimoto, 1995)"
"マヤサンオサムシ　信楽亜種","Carabus (Ohomopterus) maiyasanus shigaraki (Hiura & Katsura, 1971)"
"アバタセスジハネカクシ","Anotylus antennarius (Bernhauer, 1907)"
"オオツカニンフジョウカイ","Asiopodabrus (Imasakapodabrus) ohtsukai Takahashi & Imasaka, 2010"
"トガリシロオビサビカミキリ　基亜種","Pterolophia (Pterolophia) caudata caudata (Bates, 1873)"
"ノツメクラチビゴミムシ 基亜種","Rakantrechus (Uozumitrechus) notsui notsui S. Uéno, 2010"
"ネジロモンハナノミ","Paratomoxia (Metatomoxia) scutellata (Kono, 1928)"
"4): 109-126.","Oda, A., 1979a. A revisional study on two genera of Anthribidae, Tropideres and Gonotropis, of Japan (Coleoptera). Transactions of the Shikoku Entomological Society, 14(3"
"ナガヒラタムシ","Tenomerga mucida (Chevrolat, 1844)"
"マガイヒメユミセミゾハネカクシ","Carpelimus (Carpelimus) pseudovagus Gildenkov, 2002"
"マルダイコクコガネ　徳之島亜種","Copris (Copris) brachypterus toguchii Ochi & Kawahara, 2012"
"カタボシテントウ","Coelophora inaequalis (Fabricius, 1775)"
"ホソサビキコリ","Agrypnus fuliginosus (Candèze, 1865)"
"イガメスグロカミキリモドキ","Indasclera igai (Nakane, 1954)"
"ルリツヤヒメキマワリモドキ","Simalura coerulea (Lewis, 1894)"
"カミナリハムシ","Altica aenea (Olivier, 1808)"
"ホンシュウチビマルハナノミ","Ypsiloncyphon honshuanus (Yoshitomi, 2005)"
"ヨツバコガネ","Parastasia ferrieri Nonfried, 1895"
"ツチダフタイロチビジョウカイ","Malthinellus tsuchidai Takahashi, 2016"
"バンドウメクラチビゴミムシ","Trechiama (Trechiama) bandoi S. Uéno, 1986"
"ホソアシチビシデムシ","Cholevodes tenuitarsis Portevin, 1928"
"ホソアトキリゴミムシ","Dromius (Klepterus) prolixus Bates, 1883"
"ダイセンオチバメダカハネカクシ","Stenus akojagai Hromádka, 1982"
"アオカミキリモドキ","Nacerdes (Xanthochroa) waterhousei (Harold, 1875)"
"フジサキマルタマキノコムシ","Agathidium (Agathidium) fujisakiae Hoshina, 1998"
"アサヒナコクヌスト","Xenoglena asahinai (Kono, 1938)"
"アマミヒメヒラタタマムシ","Anthaxia (Haplanthaxia) arakii Y. Kurosawa, 1956"
"トホシニセマルトビハムシ","Halticorcus kasuga (Nakane, 1963)"
"ガゼラエンマコガネ","Digitonthophagus gazella (Fabricius, 1787)"
"ヤマトナガヒラタムシ","Tenomerga yamato Miyatake, 1985"
"イレックスコナガアリヅカムシ","Leptoplectus similis Kurbatov, 1991"
"サトウクシコメツキ　奄美沖縄諸島亜種","Melanotus (Melanotus) satoi okinawensis Ôhira, 1982"
"コガタサメハダキコメツキ","Xanthopenthes hiramatsui Ôhira, 1995"
"シイシギゾウムシ","Curculio (Curculio) hilgendorfi (Harold, 1878)"
"カトウヒメナガクチキ","Holostrophus (Holostrophus) diversefasciatus Pic, 1921"
"チョウセンマメハンミョウ","Epicauta (Epicauta) chinensis (Laporte, 1840)"
"コバネヒゲブトアリヅカムシ","Micrelytriger mirabilis Nomura, 1997"
"フクベナガゴミムシ","Pterostichus (Nialoe) sugimurai Morita, 2007"
"アシナガマルケシキスイ","Coxollodes cyrtusoides (Reitter, 1884)"
"シズオカハナムグリヨツメハネカクシ","Eusphalerum shizuokanum Y. Watanabe, 1990"
"イシズチヒメハナカミキリ　基亜種","Pseudopidonia shikokensis shikokensis (Chûjô & Hayashi, 1951)"
"チビハナカミキリ","Alosterna chalybeella (Bates, 1884)"
"アワカネコメツキ","Gambrinus naomii (Kishii, 1997)"
"リョウガミミズギワゴミムシ","Bembidion (?) toyodai Morita, 2009"
"アラハダドウナガハネカクシ","Palaminus japonicus Cameron, 1930"
"オオクボササラゾウムシ","Demimaea okuboi Kono, 1939"
"オキナワカタモンヒメクチキムシ","Mycetochara (Ernocharis) okinawaensis Akita & Masumoto, 2014"
"オオドウガネコガシラハネカクシ","Philonthus (Cephalonthus) lewisius Sharp, 1874"
"マイマイカブリ　北海道亜種","Carabus (Damaster) blaptoides rugipennis (Motschulsky, 1861)"
"シナノクロフカミキリ　四国亜種","Asaperda agapanthina nakayamai Komiya, 1984"
"ホソムネボソヨツメハネカクシ","Boreaphilus graciliformis Zerche, 1990"
"ノニレコキクイムシ","Pseudothysanoes modestus (Murayama, 1940)"
"2): 19-22.","Löbl, I., 1982a. Further remarkable new species of the genus Scaphisoma Leach from Japan (Coleoptera: Scaphididae). Transactions of the Shikoku Entomological Society, 16(1"
"セナガヒゲブトハネカクシ","Aleochara (Xenochara) praesul Sharp, 1874"
"クロツヤキクイムシ","Trypodendron proximum (Niijima, 1909)"
"オオクリイロアシブトコメツキ","Podeonius castaneus (Miwa, 1934)"
"コブヤハズカミキリ　佐渡島亜種","Parechthistatus (Mesechthistatus) binodosus insularis Hayashi, 1955"
"デグチナガタマムシ","Agrilus deguchii Tôyama, 1985"
"ハイイロヒラタチビタマムシ","Habroloma (Parahabroloma) griseonigrum (E. Saunders, 1873)"
"エサキチビシギゾウムシ","Balanobius (Balanobius) esakii (Morimoto, 1962)"
"チカスイツヤドロムシ","Zaitzevia wakayamana Iwata, Hayashi & Yoshitomi, 2022"
"クロフアシナガカッコウムシ","Omadius nigromaculatus Lewis, 1892"
"ガロアコブヒゲボソゾウムシ","Phyllobius (Nipponophyllobius) galloisi Hustache, 1920"
"アラゲサルハムシ","Demotina squamosa Isono, 1990"
"ツマグロヒメコメツキモドキ","Anadastus praeustus (Crotch, 1873)"
"タンザワクロチビジョウカイ","Malthodes (Sohayakimalthodes) tanzawanus Takahashi, 2021"
"クチナガホソクチゾウムシ","Cyanapion (Bothryorrhynchapion) protractum (Sharp, 1891)"
"オキナワホソヒラタハムシ","Agonita omoro Takizawa, 1975"
"ムナビロクロゴミムシダマシ","Ariarathus atronitens (Fairmaire, 1891)"
"ヤマハマベエンマムシ","Hypocaccus (Hypocaccus) subaeneus (J. Schmidt, 1890)"
"イセヒメマルトゲムシ","Horiella kannoi Kitano & Sakai, 2009"
"イイモリヤマツヤツチゾウムシ","Asphalmus iimoriyamaensis Morimoto, 2015"
"オオシマアオハナムグリ　基亜種","Protaetia (Niponoprotaetia) exasperata exasperata (Fairmaire, 1898)"
"ウスアヤカミキリ　与那国島亜種","Bumetopia oscitans yonaguni Hayashi, 1966"
"ヒメホソツヤハダコメツキ","Athousius obakoensis Kishii, 1976"
"ナガオチバアリヅカムシ","Philoscotus longulus Sawada, 1957"
"カタスジナガタマムシ","Agrilus carinihumeralis Y. Kurosawa, 1964"
"タカネコバネメダカハネカクシ","Stenus takane Naomi, 1987"
"ホソヒラタシデムシ","Silpha longicornis Portevin, 1926"
"オオアカコメツキ　四国亜種","Ampedus (Ampedus) optabilis awa Kishii, 1994"
"チャマダラヒメゾウムシ","Baris kidoi Yoshihara, 2016"
"アカバツヤクビナガハネカクシ","Liotesba punctiventris (Sharp, 1889)"
"ツヤハバムネヒメハネカクシ","Pelioptera (Pelioptera) micans Kraatz, 1857"
"ヤクアオマルガタミズギワゴミムシ","Bembidion (Plataphus) watanabei Morita, 2003"
"ヒメヒゲナガコガシラハネカクシ","Philonthus (Philonthus) parvicornis (Gravenhorst, 1802)"
"リュウキュウクリタマムシ","Toxoscelus nakajimai Ohmomo, 2002"
"タイワンアトボシアオゴミムシ","Chlaenius (Lissauchenius) bimaculatus lynx Chaudoir, 1856"
"チビコバンゾウムシ","Cleopomiarus vestitus (Roelofs, 1875)"
"モモブトサルハムシ","Rhyparida sakisimensis Yuasa, 1930"
"マノクビボソジョウカイ","Asiopodabrus (Asiopodabrus) manoi Takahashi, 2012"
"ナガチャクシコメツキ　基亜種","Melanotus (Melanotus) spernendus spernendus Candèze, 1873"
"アオバアシナガハムシ","Monolepta fulvicollis Jacoby, 1885"
"カシルリチョッキリ","Neocoenorrhinus (Neocoenorhinidius) assimilis (Roelofs, 1874)"
"ノムラヒメドロムシ","Stenelmis amami Yoshitomi & Hayashi, 2021"
"ヤマグチニンフジョウカイ","Asiopodabrus (Imasakapodabrus) yamaguchiensis Imasaka & Takahashji, 2010"
"アマミシリグロハネカクシ","Astenus (?) ohbayashii Zhao & Sakai, 1997"
"ゴミムシモドキコガネ","Trematodes tenebrioides (Pallas, 1781)"
"イトウヒサゴムクゲキノコムシ","Cissidium itoi Sawada, 2008"
"アワナガゴミムシ","Pterostichus (Sphodroferonia) namedai Morita, 2019"
"ヤギホソコバネオオハナノミ","Heteromeroxylon yagii (Tôyama, 1987)"
"チビカタキバゴミムシ","Badister (Baudia) nakayamai Morita, 1992"
"ホソツヤヒラタコメツキ　北海道亜種","Liotrichus (Liotrichus) hypocrita kurilensis Miwa, 1928"
"チャイロムネミゾツブエンマムシ","Plegaderus (Plegaderus) shikokensis Hisamatsu, 1985"
"ムネアカチビキカワムシ","Lissodema unifasciatum Pic, 1919"
"ケブカクロコメツキ　屋久島亜種","Ampedus (Ampedus) vestitus yakuinsulanus Kishii, 1983"
"エゾヒラタヒメゲンゴロウ","Colymbetes pseudostriatus Nilsson, 2002"
"エダヒゲコメツキダマシ","Sarpedon atratus Fleutiaux, 1923"
"タイラヒメテントウ","Scymnus (Pullus) latemaculatus Motschulsky, 1858"
"アマミヨツボシゴミムシダマシ","Basanus amamianus M. T. Chûjô, 1966"
"ジゾウジメクラチビゴミムシ","Ishikawatrechus saxatilis S. Uéno, 2003"
"ヒメツチハンミョウ","Meloe (Meloe) coarctatus Motschulsky, 1858"
"クニガミスジツヤチビハネカクシ","Edaphus perexillis Puthz, 2010"
"ウスグロカミキリモドキ","Nacerdes (Xanthochroa) strandi (Kono, 1936)"
"ハイイロハナムグリ","Protaetia (Heteroprotaetia) fusca (Herbst, 1790)"
"ニセゴミハネカクシ","Devia prospera (Erichson, 1839)"
"カツラクシヒゲツツシバンムシ","Ptilinus cercidiphylli Kono & Kim, 1937"
"ドイカミキリ　八重山亜種","Mimectatina divaricata yayeyamana (Toyoshima, 1982)"
"アイヌヒラタコケムシ","Veraphis horiana Jałoszyński & Hoshina, 2005"
"ニホンムクゲキノコムシ","Baeocrara japonica (A. Matthews, 1884)"
"オオランヒメゾウムシ","Orchidophilus aterrimus (C. O. Waterhouse, 1874)"
"イズマルクチカクシゾウムシ","Acallinus insularis Morimoto & Miyakawa, 1985"
"ヒサマツナガゴミムシ","Pterostichus (Sphodroferonia) hisamatsui Ishida & Shibata, 1961"
"マルヒメゴモクムシ","Bradycellus (Bradycelloides) fimbriatus Bates, 1873"
"クロクビボソハネカクシ","Rugilus (?) subtilis Erichson, 1840"
"ヒメカタゾウムシ　弟島亜種","Ogasawarazo (Ogasawarazo) rugosicephalus morimotoi Alonso-Zarazaga, 2017"
"ダイセンナガゴミムシ","Pterostichus (Nialoe) fujimurai Habu, 1958"
"ニホンベニコメツキ　基亜種","Denticollis nipponensis nipponensis Ôhira, 1973"
"タマサルゾウムシ","Orobitis cyanea (Linnaeus, 1758)"
"スナハラゴミムシ","Diplocheila (Diplocheila) elongata (Bates, 1873)"
"ツシマキノコツヤハネカクシ","Gyrophaena (Gyrophaena) tsushimana Bernhauer, 1936"
"ミツマタキノコツヤハネカクシ","Gyrophaena (Gyrophaena) mitsumata Cameron, 1933"
"オオクロナガオサムシ　飛騨高山亜種","Carabus (Leptocarabus) kumagaii hida (Kubota & Ishikawa, 2004)"
"アイヌチビキカワムシ","Lissodema ainonum Lewis, 1895"
"ツツヒラタムシ","Ancistria apicalis Reitter, 1889"
"ムネクボスジホソカタムシ","Ascetoderes takeii (Nakane, 1963)"
"オオシラホシハナノミ","Hoshihananomia pirika Kono, 1935"
"アマミニセクワガタカミキリ　徳之島亜種","Komiyandra shibatai hidai Fujita, 2018"
"イマサカドウボソカミキリ","Pothyne imasakai Hayashi, 1976"
"オニコンボウヒゲブトハネカクシ","Tetrabothrus validus Maruyama & Kishimoto, 1999"
"ヒコサンヒメツヤゴモクムシ","Trichotichnus (Trichotichnus) tranquillus Habu, 1954"
"ハリマオオコバネナガハネカクシ","Lathrobium (Lathrobium) harimanum Watanabe, 1986"
"ヒロモリヒラタゴミムシ","Agonum (Celaenagonum) eurydamas (Bates, 1883)"
"ムネアカヒゲオレハネカクシ","Acylophorus ruficollis Motschulsky, 1858"
"コウノツツキノコムシ","Cis konoi Chûjô, 1940"
"キタイオウスジヒメカタゾウムシ","Torishimazo karubei Morimoto, 2015"
"ガロアヒメナガシンクイ","Xylopsocus galloisi Lesne, 1937"
"クロサワヒメコバネカミキリ","Epania septemtrionalis Hayashi, 1950"
"ムツキボシハムシ","Gallerucida lewisi (Jacoby, 1885)"
"ブロイニングカミキリ","Saperda ohbayashii Podaný, 1963"
"ニセキンモリヒラタゴミムシ","Agonum (Glaucagonum) sylphides (Habu, 1975)"
"ニセヒラタクロコメツキ　北海道亜種","Ampedus (Ampedus) hypoganoides okhotskanus Kishii, 1997"
"オガサワラチビヒラタエンマムシ","Platylomalus kusuii Ôhara, 1994"
"イシヅチチビゴミムシ","Epaphiopsis (Pseudepaphius) ishizuchiensis S. Uéno, 1962"
"ヒサマツツヤゴモクムシ","Trichotichnus (Trichotichnus) hisamatsui N. Ito, 2009"
"リュウキュウケシデオキノコムシ","Scaphisoma sakaii Löbl, 1988"
"カマナシメクラチビゴミムシ","Kurasawatrechus kawaguchii S. Uéno, 1973"
"カミヤツブタマキノコムシ","Besuchetionella kamiyai Hoshina, 2002"
"メアカンキクイムシ","Polygraphus meakanensis Niijima, 1935"
"チャイロシリホソハネカクシ","Tachyporus (Tachyporus) abdominalis (Fabricius, 1781)"
"イシガキコバネジョウカイ","Trypherus (Trypherus) makiharai M. Satô, 1976"
"オガサワラニセクビボソムシ","Ariotus lemoulti (Pic, 1909)"
"ビサヤアカアシカタゾウムシ","Metapocyrtus (Trachycyrtus) adspersus (Waterhouse, 1843)"
"ヤマクビボソジョウカイ","Asiopodabrus (Asiopodabrus) yama (Nakane & Makino, 1990)"
"コマルノミハムシ","Nonarthra tibialis (Jacoby, 1885)"
"チビフタホシヒメゾウムシ","Nespilobaris iriei Yoshihara, 2016"
"コクロヒメテントウ","Scymnus (Pullus) posticalis Sicard, 1914"
"オオシマドウガネ","Anomala chloroderma Arrow, 1913"
"ケモンヒメミゾコメツキダマシ","Dromaeolus cariniceps Fleutiaux, 1923"
"ヨシイメクラチビゴミムシ","Trechiama (Trechiama) ohshimai (S. Uéno, 1951)"
"ホソムネトゲアリヅカムシ","Tribasodes dentatus Jeannel, 1958"
"ヤスダチビシデムシ","Apocatops sachalinensis (Iablokoff-Khnzorian, 1970)"
"ミエコジョウカイ","Lycocerus miekoae (Takakura, 1987)"
"ウエノナガタマムシ","Agrilus uenoi Y. Kurosawa, 1963"
"トクゴウクビボソジョウカイ","Asiopodabrus (Asiopodabrus) tokugoanus (Nakane & Makino, 1989)"
"ムモンヒメミズギワヨツメハネカクシ","Lesteva crassipes Sharp, 1889"
"キュウシュウクロナガオサムシ　山口県亜種","Carabus (Leptocarabus) kyushuensis kawaharai (Imura, 2011)"
"ドイカミキリ　伊豆諸島亜種","Mimectatina divaricata similaris Takakuwa, 1984"
"ニセアカマダラケシキスイ","Lasiodites borealis (Hisamatsu, 1968)"
"ユキグニコルリクワガタ　秩父亜種","Platycerus albisomni chichibuensis K. Kubota, N. Kubota & Otobe, 2008"
"ハコネツヤゴモクムシ","Trichotichnus (Trichotichnus) yukihikoi Habu, 1961"
"ヒメクロマルケシキスイ","Cyllodes breviusculus (Reitter, 1884)"
"キイロハナノミダマシ","Scraptia livens Marseul, 1876"
"カンヌキキスイ","Cryptophagus obsoletus Reitter, 1879"
"オオカシワクチブトゾウムシ","Nothomyllocerus neglectus (Voss, 1971)"
"ルイスヒメコクヌスト","Ancyrona lewisi Reitter, 1876"
"ミヤマセマルヨツメハネカクシ","Mannerheimia evias Y. Watanabe, 1990"
"キバネムネミゾナガハネカクシ","Gauropterus fulgidus (Fabricius, 1787)"
"コマルガムシ","Crenitis (Crenitis) japonica (Nakane, 1963)"
"ネアカヒメフトコメツキダマシ","Bioxylus natsumiae A. Watanabe, 2009"
"ヒトツメアトキリゴミムシ","Parena (Bothynoptera) monostigma (Bates, 1873)"
"ニッポンモモブトコバネカミキリ　沖縄亜種","Merionoeda (Ocytasia) formosana okinawana K. Ohbayashi & N. Ohbayashi, 1965"
"ヨシダツヤツチゾウムシ","Asphalmus yoshidai Morimoto, 2015"
"オオネクイハムシ　基亜種","Plateumaris constricticollis constricticollis (Jacoby, 1885)"
"ウルマビロウドコガネ","Maladera (?) kawaharai H. Kobayashi, 2010"
"アマミアバタコバネハネカクシ","Nazeris gotoi Ito, 1986"
"キアシネクイハムシ","Donacia (Donaciomima) bicoloricornis S.-H. Chen, 1941"
"ヒラノクロテントウダマシ","Endomychus nigropiceus (Gorham, 1887)"
"ニセムナビロモリヒラタゴミムシ","Hikosanoagonum bungo Morita & Ito, 2015"
"マルズニセコガシラハネカクシ","Bisnius macies (Sharp, 1874)"
"チンチロメクラチビゴミムシ","Kurasawatrechus chinchiro S. Uéno, 1974"
"ヒメクロツヤハダコメツキ　屋久島亜種","Hemicrepidius (Hemicrepidius) desertor yakuensis Kishii, 1969"
"ミカゲゴモクムシ","Harpalus (Pseudoophonus) roninus Bates, 1873"
"ビロウドカミキリ　基亜種","Acalolepta fraudatrix fraudatrix (Bates, 1873)"
"ホソヨツメハネカクシ","Xylostiba tahirai Y. Watanabe, 1997"
"ドリオグラフキクイムシ","Xyleborus dryographus (Ratzeburg, 1837)"
"クロツヤハダコメツキ　伊豆諸島亜種","Hemicrepidius (Hemicrepidius) secessus izuinsulanus (Kishii, 1977)"
"ニセナガハネカクシ","Pseudobium yutakakimurai Hayashi, 1994"
"ナガヤマオオタマキノコムシ","Leiodes nagayamai Hoshina, 2012"
"オオシマミドリカミキリ","Chloridolum (Chloridolum) loochooanum Gressitt, 1934"
"オオツヤエンマコガネ","Parascatonomus (Parascatonomus) miyakei (Ochi & Araya, 1992)"
"コチビキカワムシ","Lissodema minutum Lewis, 1895"
"アカツメクサチビコフキゾウムシ","Sitona tessellatus Korotyaev, 1979"
"ユミオリヒラタヨツメハネカクシ","Microedus suzukii (Y. Watanabe, 1990)"
"フトクチヒゲヒラタゴミムシ","Parabroscus (Parabroscus) crassipalpis (Bates, 1873)"
"オオミミズギワコメツキ","Fleutiauxellus (Migiwa) ohmi (Kishii, 1976)"
"キボシカミキリ　熊毛諸島亜種","Psacothea hilaris insularis Hayashi, 1960"
"サノクビボソジョウカイ","Hatchiana sanoi Imasaka, 2001"
"キクスイカミキリ","Phytoecia (Phytoecia) rufiventris Gautier des Cottes, 1870"
"マルヒラタドロムシ","Eubrianax ramicornis Kiesenwetter, 1874"
"ヤナザワメクラチビゴミムシ","Trechiama (Trechiama) uncatus S. Uéno, 1986"
"オオダイオオナガゴミムシ　中国・四国亜種","Pterostichus (Nialoe) biexcisus subparallelus Straneo, 1955"
"ヒメイクビチョッキリ","Caenorhinus (Apoderites) commodus (Y. Sawada, 1987)"
"アマミノコギリクワガタ　久米島亜種","Prosopocoilus dissimilis kumejimaensis Ichikawa & Fujita, 1985"
"ミノフトヒラタコメツキ","Liotrichus (Acteniceromorphus) minoensis (Ôhira, 1954)"
"クロスジイッカク　北海道亜種","Notoxus haagi hokkaidensis Kono, 1931"
"ヒメクロオサムシ　東北亜種","Carabus (Asthenocarabus) opaculus shirahatai Nakane, 1961"
"アシボソシリアゲハネカクシ","Euryusa (Ectolabrus) pipitzi (Eppelsheim, 1887)"
"ヒメツヤメクラチビゴミムシ","Ishikawatrechus humeralis S. Uéno, 1957"
"アオアシナガオトシブミ","Isolabus jekeli Legalov, 2002"
"チビササラクチカクシゾウムシ","Deretiosopsis nigrisetis Morimoto, 1988"
"フタマルモンヒメキノコハネカクシ","Sepedophilus elegantissimus Naomi & Maruyama, 1997"
"コネズミヒメハネカクシ","Atheta (Microdota) muris Sawada, 1974"
"ガロアフサヒゲアリヅカムシ","Trisinus galloisi (Jeannel, 1958)"
"マメチビタマムシ","Trachys reitteri Obenberger, 1930"
"クロチビハナケシキスイ","Heterhelus (Heterhelus) morio (Reitter, 1879)"
"オキナワユミアシゴミムシダマシ","Promethis okinawana (M. T. Chûjô, 1978)"
"ニホンサシゲマルトゲムシ","Curimopsis (Curimopsis) ainuorum Pütz, 2003"
"ツヤアカバコガシラハネカクシ","Philonthus (Cephalonthus) discrepens Sharp, 1889"
"ウンモンヒゲナガゾウムシ","Asemorhinus nebulosus nebulosus Sharp, 1891"
"オオハッカヒメゾウムシ","Baris pilosa Roelofs, 1875"
"イツモンハバビロガムシ","Sphaeridium quinquemaculatum Fabricius, 1798"
"シコクオビモンヒョウタンゾウムシ","Amystax shikokuanus Nakamura & Morimoto, 2015"
"マツノトゲキクイムシ","Orthotomicus multidentatus (Murayama, 1953)"
"ツマベニタマムシ　基亜種","Tamamushia virida virida Miwa & Chûjô, 1935"
"ドウイロマルバネキクイゾウムシ","Microtribus splendidus Konishi, 1962"
"チャバネムクゲテントウダマシ","Stenotarsus chrysomelinus Gorham, 1887"
"ヤクハバビロドロムシ","Dryopomorphus yaku Yoshitomi & M. Satô, 2005"
"ヤナギノミゾウムシ","Tachyerges salicis (Linnaeus, 1758)"
"エゾヒメハネカクシ","Atheta (Datomicra) dadopora Thomson, 1867"
"ヒラタコメツキモドキ","Cathartocryptus hiranoi (Sasaji, 1989)"
"ヒゲコメツキ　基亜種","Pectocera hige hige Kishii, 1993"
"ヤマトシロオビトラカミキリ","Kazuoclytus lautoides (Hayashi, 1950)"
"ホウオウオサムシ","Carabus (Ohomopterus) sue Imura, 2012"
"アオハナムグリ　五島列島亜種","Cetonia (Eucetonia) roelofsi gotoana Nakane, 1964"
"ナガマメゴモクムシ","Stenolophus (Stenolophus) agonoides Bates, 1883"
"ナガクチキツツハネカクシ","Mimogonellus japonicus (Naomi, 1987)"
"タカスジキクイムシ","Longulus elatus (Niijima, 1913)"
"ホソニセオオキバハネカクシ","Pseudoxyporus angusticeps Bernhauer, 1938"
"ハバビロヒラタケシキスイ","Epuraea (Micruria) dura (Reitter, 1884)"
"ホソチビマメコメツキ","Quasimus (Miquasus) tenuis Kishii, 1994"
"タイワンモンクチカクシゾウムシ","Sclerolips horridus Heller, 1931"
"クロカタビロオサムシ","Calosoma (Calosoma) maximowiczi Morawitz, 1863"
"ニセミヤマクビボソジョウカイ","Asiopodabrus (Imasakapodabrus) pseudolictrius (Takahashi, 1992)"
"ヒロエンマアリヅカムシ","Trissemus (Trissemus) cubitus (Sharp, 1874)"
"ナラアオジョウカイモドキ","Anhomodactylus gotoi (Nakane, 1956)"
"ジュウジベニボタル","Lopheros (Lopheros) lineatus (Gorham, 1883)"
"サトウオビハナノミ　奄美沖縄亜種","Glipa (Macroglipa) satoi yanma Takakuwa, 1986"
"ヨワコブカギアシゾウムシ","Bagous (Bagous) subcordatus O'Brien & Morimoto, 1994"
"クラヤミジョウカイ","Lycocerus nigerrimus (Yajima & Nakane, 1969)"
"ヤホシゴミムシ","Lebidia octoguttata Morawitz, 1862"
"ヤスマツケブカハムシ","Pyrrhalta yasumatsui Kimoto, 1964"
"アカイシクロナガゴミムシ","Pterostichus (Eosteropus) ohkawai Morita, 2010"
"キイロハナムグリヨツメハネカクシ","Eusphalerum parallelum (Sharp, 1889)"
"オモゴスジツヤチビハネカクシ","Edaphus peramicus Puthz, 2014"
"ヨツボシマグソコガネ","Aphodius (Bodilopsis) sordidus sordidus (Fabricius, 1775)"
"ヒメナガクチキ","Symphora atra Nomura, 1959"
"ツヤチビキカワムシ","Chilopeltis laevipennis (Marseul, 1876)"
"シラカシノキクイムシ","Acanthotomicus spinosus Blandford, 1894"
"ヒメアカカツオブシムシ","Trogoderma granarium Everts, 1898"
"マスモトナガゴミムシ","Pterostichus (Sphodroferonia) masumotoi Tanaka, Morita & Suga, 1987"
"ツマベニタマムシ　聟島亜種","Tamamushia virida fujitai Ohmomo & Karube, 2004"
"アンピンチビゲンゴロウ","Hydroglyphus flammulatus (Sharp, 1882)"
"コガタセマルガムシ","Coelostoma (Coelostoma) vitalisi d’Orchymont, 1923"
"ヒメユミセスジホソカタムシ","Lasconotus niponius (Lewis, 1879)"
"イチハシクビボソジョウカイ","Asiopodabrus (Asiopodabrus) ichihashii Takahashi & Kiriyama, 2003"
"ヨツモンヒメナガクチキ","Holostrophus (Holostrophus) dux Lewis, 1895"
"キボシカミキリ　八重山亜種","Psacothea hilaris ishigakiana K. Ohbayashi & N. Ohbayashi, 1965"
"サキシマアシナガハムシ","Monolepta sakishimana Kimoto & Gressitt, 1966"
"22): 6.","窪木幹夫, 1974. 日本産Pidonia属の覚書（3）. 甲虫ニュース, (21"
"フジチビハバビロハネカクシ","Proteinus takashii Hayashi, 2017"
"エゾミズギワコメツキ","Fleutiauxellus (Migiwa) yezo (Kishii, 1976)"
"オゼクシヒゲベニボタル","Macrolycus (Cerceros) ozeanus Nakane, 1994"
"ツシマゴマフチビカミキリ","Sphigmothorax tsushimanus Hayashi, 1961"
"フジサビイロモンキハネカクシ","Protocypus fujiensis (Naomi, 1992)"
"ナンキツヤツチゾウムシ","Asphalmus nankiensis Morimoto, 2015"
"イネクビボソハムシ","Oulema (Oulema) oryzae (Kuwayama, 1931)"
"クロツブゾウムシ","Sphinxis koikei (Voss & Chûjô, 1960)"
"マルコガタノオオタマキノコムシ","Leiodes kiuchii Hoshina, 2012"
"キソクビボソジョウカイ　基亜種","Asiopodabrus (Asiopodabrus) kiso kiso (Nakane, 1989)"
"ビルマトックリゴミムシ","Brachyodes peguensis (Bates, 1892)"
"モリモトヒメクモゾウムシ　奄美亜種","Podeschrus morimotoi satsunanensis Fujisawa & Kojima, 2016"
"オクシガクビボソジョウカイ","Asiopodabrus (Asiopodabrus) okushigaensis Takahashi, 2023"
"ケナガイネゾウモドキ","Dorytomus (Euolamus) amurensis Korotyaev, 1979"
"ベニバネチビオオキノコ","Rotitma rufipennis (Lewis, 1887)"
"アマミクロフヒゲナガゾウムシ","Tropideres insularis Shibata, 1963"
"エヒメニンフジョウカイ","Asiopodabrus (Imasakapodabrus) ehimensis Takahashi, 2010"
"アサマツヤツチゾウムシ","Asphalmus asamaensis Morimoto, 2015"
"ハハジマツチヒメカタゾウムシ","Ogasawarazo (Ogasawarazodes) nomurai Morimoto, 2015"
"キガムネトゲアリヅカムシ","Kigatrodes solitarius (Sharp, 1883)"
"アギメクラチビゴミムシ","Kurasawatrechus agiensis S. Uéno, 1975"
"クシモモタマキノコムシ","Triarthron maerkeli Märkel, 1840"
"ヨナグニクビカクシゴミムシダマシ","Stenochinus yonagunianus (Nakane, 1985)"
"シコクオオズナガゴミムシ","Pterostichus (Sphodroferonia) yoshidai Kasahara, 1985"
"ルリカミキリ","Bacchisa (Bacchisa) fortunei japonica (Gahan, 1901)"
"ウスグロアシブトゾウムシ","Morimotozo obscurus (Roelofs, 1875)"
"ハネナシナガマルキスイ","Atomaria (Anchicera) hisamatsui Y. Satô & Sakai, 2009"
"カラフトマルガタゲンゴロウ","Graphoderus zonatus (Hoppe, 1795)"
"ホソムネデオネスイ","Monotoma longicollis (Gyllenhal, 1827)"
"クリイロクシヒゲタマキノコムシ","Anisotoma castanea niponensis Hisamatsu, 1985"
"サビマダラオオホソカタムシ","Dastarcus longulus Sharp, 1885"
"オキナワビロウドコガネ","Maladera (?) okinawaensis H. Kobayashi, 1978"
"ヤツボシハナカミキリ　北海道以北亜種","Leptura annularis mimica Bates, 1884"
"ニホンスジツヤチビハネカクシ","Edaphus nipponensis Puthz, 1975"
"クロヒメナガクチキ","Holostrophus (Holostrophus) unicolor Lewis, 1895"
"メシマチビヒョウタンゾウムシ","Myosides ejimai Morimoto & Lee, 1993"
"オオハンミョウモドキ","Elaphrus (Neoelaphrus) japonicus S. Uéno, 1954"
"イリオモテチビコメツキ","Drasterius collaris asaokai (Ôhira, 1994)"
"オキナワスジツヤチビハネカクシ","Edaphus okinawaensis Puthz, 1980"
"タカネマルタマキノコムシ","Agathidium (Neoceble) aeneum Angelini & De Marzo, 1990"
"クリイロジョウカイ","Stenothemus badius (Kiesenwetter, 1874)"
"コブナシコブエンマムシ","Orectoscelis shihoae M. Nishikawa, 2002"
"クロモンケブカテントウダマシ","Ectomychus musculus (Gorham, 1887)"
"ヨツボシゴミムシダマシ","Basanus erotyloides Lewis, 1891"
"ミヤマツツキノコムシ","Cis nipponicus Chûjô, 1940"
"ヘリアカカネコメツキ","Gambrinus limbatipennis Nakane & Kishii, 1955"
"ノヒラカレキゾウムシ","Acicnemis nohirai Morimoto & Miyakawa, 1995"
"ツヤネスイ","Rhizophagus (Rhizophagus) simplex Reitter, 1884"
"ヒゲブトアリヅカムシ上族","Supertribe CLAVIGERITAE Leach, 1815"
"オイワケクロコメツキ","Ampedus (Ampedus) oiwakensis Ôhira, 1974"
"シラハタモリヒラタゴミムシ","Agonum (Scotagonum) shirahatai Habu, 1954"
"クロミスジホソカタムシ","Leptoglyphus carbonaceus Aoki & Ito, 2017"
"ニッポンキノコツヤハネカクシ","Gyrophaena (Gyrophaena) niponensis Cameron, 1933"
"ノグチナガゴミムシ","Pterostichus (Melanius) noguchii Bates, 1873"
"コヨツボシゴミムシ　基亜種","Panagaeus (Panagaeus) robustus robustus A. Morawitz, 1862"
"カドハラヒメフトコメツキダマシ","Bioxylus bidentatus (Hisamatsu, 1956)"
"オキナワゴマフカミキリ　宮古島亜種","Mesosa (Perimesosa) pictipes nakabayashii Fujita, 2023"
"ヒダヒゲブトチビシデムシ","Colon (Colon) toyoshimai Hoshina, 2012"
"タカラアカホシテントウ","Chilocorus takara Nakane & Araki, 1959"
"ムナビロモリヒラタゴミムシ","Hikosanoagonum latius S. Uéno, 1964"
"ヨツキボシハムシ","Hamushia eburata (Harold, 1879)"
"キノヅメクラチビゴミムシ","Trechiama (Trechiama) perissus S. Uéno, 1983"
"キタヒラタケシキスイ","Epuraea (Epuraea) rufobrunnea Sjöberg, 1939"
"キリタキクビボソジョウカイ","Asiopodabrus (Asiopodabrus) kiritakiensis Takahashi, 2012"
"プチアチンマルタマキノコムシ","Agathidium (Agathidium) putyatini Hoshina, 1999"
"ヤマジヌレチゴミムシ","Apatrobus yamajii Kasahara, 1995"
"グジョウクビボソジョウカイ","Asiopodabrus (Asiopodabrus) gujoensis Takahashi, 2012"
"コミズスマシ","Gyrinus (Gyrinus) curtus Motschulsky, 1866"
"キンナガゴミムシ","Poecilus (Poecilus) versicolor (Sturm, 1824)"
"イマイチビアトキリゴミムシ","Microlestes imaii Habu, 1972"
"ムネアカセンチコガネ","Bolbocerodema nigroplagiatum (Waterhouse, 1875)"
"ヒメナガヒラタムシ","Tenomerga japonica (Tamanuki, 1928)"
"キイロツブノミハムシ","Aphthona abdominalis Duftschmid, 1825"
"ニッコウドウガネナガハネカクシ","Platydomene nikkoensis Y. Watanabe, 2008"
"ジヨシナガゴミムシ","Pterostichus (Sphodroferonia) pseudohigonis Shiiba, 2023"
"キョクトウメダカヒシベニボタル","Punicealis barovskii (Medvedev, 1966)"
"カドタメクラチビゴミムシ","Ishikawatrechus intermedius S. Uéno, 1957"
"リュウキュウスジコガシラゴミムシダマシ","Heterotarsus takahashii Akita & Masumoto, 2012"
"ヒゲナガオトシブミ","Paratrachelophorus longicornis (Roelofs, 1874)"
"オゼナガチビゴミムシ","Trechiama (Trechiama) akinobui S. Uéno, 1986"
"イチハシホソカタムシ","Antibothrus ichihashii Narukawa, 2002"
"ナンヨウエグリゴミムシダマシ","Uloma (Uloma) picicornis Fairmaire, 1882"
"セダカコブヤハズカミキリ　隠岐島後・島根半島亜種","Parechthistatus (Parechthistatus) gibber kadowakii Takakuwa, Nakabayashi & Kobayashi, 2020"
"ミドリトビハムシ","Crepidodera japonica Baly, 1877"
"ナガヒラタチビタマムシ","Habroloma (Parahabroloma) yuasai Y. Kurosawa, 1976"
"カッコウメダカカミキリ","Stenhomalus (Stenhomalus) cleroides Bates, 1873"
"オキナワツヤゴミムシダマシ","Scaphidema hiranoi Masumoto & Akita, 2001"
"トウヒノヒメキクイムシ","Pityophthorus jucundus Blandford, 1894"
"キイオオナガゴミムシ","Pterostichus (Sphodroferonia) pseudopachinus Nakane, 1963"
"ツヤケシヒメハネカクシ","Nehemitropia lividipennis (Mannerheim, 1830)"
"ヒゲナガルリマルノミハムシ","Hemipyxis plagioderoides (Motschulsky, 1861)"
"ヒコサンアシブトゾウムシ","Endaeus hikosanus Kojima & Morimoto, 1995"
"オオウバタマコメツキ","Cryptalaus yamato (Nakane, 1957)"
"イトヒメマキムシ","Dienerella (Dienerella) filiformis (Gyllenhal, 1827)"
"アマミホソトビハムシ","Luperomorpha amamiana Chûjô & Ohno, 1965"
"タマケシゲンゴロウ","Hygrotus (Hygrotus) rufus (Clark, 1863)"
"ホソツヤルリクワガタ　基亜種","Platycerus kawadai kawadai Fujita & Ichikawa, 1982"
"クロモンムクゲケシキスイ","Aethina (Aethina) flavicollis Reitter, 1884"
"トゲアシナガニセクビボソムシ","Ariotus spinitibialis M. Saitô, 2025"
"クロモンハバビロハネカクシ","Megarthrus scriptus Sharp, 1889"
"ツヤキベリアオゴミムシ","Chlaenius (Chlaenites) spoliatus motschulskyi Andrewes, 1928"
"マツモトマメゲンゴロウ","Agabus (Acatodes) matsumotoi M. Satô & Nilsson, 1990"
"オオホソコガシラハネカクシ","Gabrius schillhammeri Shibata, 1996"
"オバココバネナガハネカクシ","Lathrobium (Lathrobium) susumui Y. Watanabe, 1984"
"ジュウゾウオオタマキノコムシ","Leiodes juzoi Hoshina, 2012"
"ヤサガタナガクチキ","Melandrya (Melandrya) parallela Nomura & Katô, 1968"
"イシダメクラチビゴミムシ","Ishidatrechus nitidus S. Uéno, 1956"
"ツルギチビハバビロハネカクシ","Proteinus taichii Hayashi, 2008"
"ナラヒメマルトゲムシ","Horiella loebli Pütz, 2002"
"トカラトゲヒメヒラタホソカタムシ","Colobicones tokarensis Okada, 2005"
"キタヒメメダカハネカクシ","Stenus mammops mammops Casey, 1884"
"サキシマホソトビハムシ","Luperomorpha sakishimana Kimoto & Gressitt, 1966"
"キイホソヒラタゴミムシ","Trephionus microphthalmus S. Uéno, 1955"
"ツシマトガリオオズハネカクシ","Platydracus (Platydracus) plebejus (Bernhauer, 1915)"
"ウチガダニクビボソジョウカイ","Asiopodabrus (Asiopodabrus) uchigadaninus (Takahashi & Kiriyama, 2000)"
"ココムナビロコケムシ","Cephennodes (Fusionodes) koko Hoshina, 2019"
"ヤマナラシハムシ","Phratora (Phyllodecta) laticollis (Suffrian, 1851)"
"オキナワホソコメツキ","Ludioschema okinawense (Miwa, 1927)"
"ヒメヒゲナガカミキリ　基亜種","Monochamus (Monochamus) subfasciatus subfasciatus (Bates, 1873)"
"ハラグロビロウドコガネ","Serica takagii Sawada, 1937"
"セスジチビハネカクシ","Micropeplus fulvus japonicus Sharp, 1874"
"キタアラメニセマグソコガネ","Psammoporus tsukamotoi Masumoto, 1986"
"タラメクラチビゴミムシ","Trechiama (Trechiama) asymmetricus S. Uéno, 1990"
"2): 54-64.","Kono, H., 1932c. Beitrag zur Lyciden-Fauna Japans. Insecta matsumurana, 7(1"
"キンプクビボソジョウカイ","Asiopodabrus (Asiopodabrus) kinpuensis Takahashi, 2012"
"和名無し　沖縄島亜種","Himaloconnus klapperichianus okinawanus Jałoszyński, 2020"
"リュウキュウオオハナムグリ　奄美諸島亜種","Protaetia (Calopotosia) lewisi leachi Kurosawa, 1959"
"デワハナムグリヨツメハネカクシ","Eusphalerum dewanum Y. Watanabe, 1990"
"キュウシュウクロナガオサムシ　広島県東部亜種","Carabus (Leptocarabus) kyushuensis cerberus Ishikawa, 1962"
"タテジロチビヒゲナガゾウムシ","Uncifer sakoi Shibata, 1981"
"モモケビロウドコガネ","Serica trichofemorata (Nomura, 1959)"
"ニホンタマキノコハネカクシ","Cypha nomurai (Naomi, 1987)"
"ヒメハマハネカクシ","Salinamexus hayamai Maruyama, 2011"
"トクノシマミナミボタル","Drilaster iokii M. Satô, 1968"
"ニホンチビキカワムシ","Lissodema japonum Reitter, 1877"
"ヘリグロメダカカッコウムシ","Callimerus ryukyuensis Miyatake, 1985"
"チビネスイ","Rhizophagus (Rhizophagus) parviceps Reitter, 1884"
"ニホンモリツツハネカクシ","Nacaeus japonicus (Cameron, 1930)"
"ニセチビマメコメツキ","Quasimus (Quasimus) parvulus Kishii, 1970"
"エゾクロツヤミズギワコメツキ　本州亜種","Fleutiauxellus (Fleutiauxellus) yezoensis tsugaru Ôhira, 1994"
"ヒゲナガヒロズアリヅカムシ","Takaorites longicornis (Jeannel, 1958)"
"シワナガキマワリ","Strongylium (Strongylium) japanum Marseul, 1876"
"ニジツヤムネハネカクシ","Quedius (Distichalius) pretiosus Sharp, 1874"
"ヤエヤマクチブトゾウムシ","Nothomyllocerus laticollis Kojima & Morimoto, 2006"
"コクゾウムシ","Sitophilus zeamais Motschulsky, 1855"
"アサギナガタマムシ","Agrilus moerens E. Saunders, 1873"
"キソサビイロモンキハネカクシ","Protocypus kisonus (Naomi, 1992)"
"クボタムクゲキノコムシ","Acrotrichis (Flachiana) kubotai Sundt, 1969"
"コモンチビオオキノコ","Tritoma (Tritoma) cenchris (Lewis, 1887)"
"マキバマグソコガネ","Aphodius (Planolinus) pratensis Nomura & Nakane, 1951"
"ホソマダラシバンムシ","Xestobium shibatai Sakai, 1979"
"キイロセダカトビハムシ","Lanka fulva (Chûjô, 1937)"
"ヤマトスナゴミムシダマシ","Gonocephalum (Gonocephalum) coenosum Kaszab, 1952"
"リシリナガゴミムシ","Pterostichus (Pterophilus) eximius A. Morawitz, 1862"
"マキハラクチボソコメツキ","Glyphonyx (Glyphonyx) makiharai Ôhira, 1973"
"ネブトクワガタ　八丈島亜種","Aegus laevicollis fujitai Ichikawa & Imanishi, 1976"
"チャイロツブタマキノコムシ","Besuchetionella castanea Angelini & Peck, 2000"
"ニセクロオビケシマキムシ","Corticaria geisha Johnson, 1989"
"イマサカナガタマムシ","Agrilus imasakai Tôyama, 1985"
"ハネナガクビボソハネカクシ","Rugilus (Rugilus) longipennis (Sharp, 1889)"
"ナゴハケスネアリヅカムシ","Batriscenaulax nagensis Nomura, 1991"
"モモブトトゲバカミキリ　基亜種","Rondibilis (Rondibilis) elongata elongata Hayashi, 1963"
"サカグチケシマキムシ","Melanophthalma (Cortilena) sakaguchii Johnson, 1976"
"オオヒゲカタアリヅカムシ","Tmesiphorus princeps Sharp, 1883"
"クズリュウムクゲキスイ","Biphyllus kuzurius Sasaji, 1985"
"イシガキフトカミキリ","Peblephaeus ishigakianus (Yokoyama, 1971)"
"オキナワセマダラコガネ","Exomala (Exomala) okinawaensis (Ohaus, 1925)"
"ムネスジウミベハネカクシ","Remus corallicola Fairmaire, 1849"
"オトヒメオチバメダカハネカクシ","Stenus otohime Naomi, 1990"
"オキナワアカマダラセンチコガネ　沖縄島亜種","Nothochodaeus interruptus kurosawai (Ochi & Kawai, 2002)"
"キベリヒラタノミハムシ　沖縄本島亜種","Hemipyxis cinctipennis okinawana Nakane & Kimoto, 1961"
"シリホソハネカクシ","Tachyporus (Tachyporus) chrysomelinus (Linnaeus, 1758)"
"エチゴミズギワコメツキ","Fleutiauxellus (Migiwa) echigoanus (Kishii, 1976)"
"カタグロマルムネジョウカイ","Prothemus nigrihumeralis Okushima & M. Satô, 1997"
"ミツギリゾウムシ","Baryrhynchus (Eupsalomimus) poweri (Roelofs, 1880)"
"シコクコバネメダカハネカクシ","Stenus fusciceps Naomi, 2006"
"キアシオビジョウカイモドキ","Intybia pellegrini pellegrini (Pic, 1910)"
"オオダイヌレチゴミムシ　基亜種","Apatrobus ohdaisanus ohdaisanus (Nakane, 1963)"
"ホルンヒメハナノミ","Falsomordellistena (Falsomordellistenoda) konoi yakushimaensis Nomura, 1951"
"チュウジョウトサカシバンムシ","Trichodesma (Trichodesma) michioi Sakai, 2005"
"ヤクシマヒメクモゾウムシ","Telephae insularis Morimoto, 1960"
"トゲムネホソヒゲカミキリ","Asaperda tenuicornis Komiya, 1984"
"アオカタビロオサムシ","Calosoma (Calosoma) cyanescens (Motschulsky, 1859)"
"タカネキノカワゴミムシ","Leistus (Leistus) kurosawai Morita, 2001"
"アマミチビゲンゴロウ","Hydroglyphus amamiensis (M. Satô, 1961)"
"ヤエヤマヒメクロコガネ　基亜種","Sophrops konishii konishii Nomura, 1970"
"イチゴハナゾウムシ","Anthonomus (Anthonomus) bisignifer Schenkling, 1934"
"アカナガクチカクシゾウムシ","Rhadinomerus annulipes (Roelofs, 1879)"
"イブシニセユミセミゾハネカクシ","Carpelimus (Paratrogophloeus) longicollis (Bernhauer, 1907)"
"アルマンキノコツヤハネカクシ","Gyrophaena (Gyrophaena) harmandi Fauvel, 1901"
"オオクラフナガタハナノミ","Ectasiocnemis ohkurai (Nakane, 1955)"
"カバイロハナムグリ","Protaetia (Tomentoprotaetia) culta yaeyamana Nomura, 1965"
"ドウゴコバネメダカハネカクシ","Stenus hypovelox Naomi & Puthz, 2006"
"ヤエヤマホソジョウカイモドキ","Idgia iriomoteana Nakane, 1980"
"ヒメキベリトゲハムシ","Dactylispa (Triplispa) angulosa (Solsky, 1872)"
"テングナガゴミムシ","Pterostichus (Nialoe) carsticus Kasahara & Y. Ito, 1989"
"アマミコクワガタ　基亜種","Dorcus amamiana amamiana (Nomura, 1964)"
"ノリクラツチゾウムシ","Trachyphilus norikuranus Morimoto, 2015"
"キイロチビマルハナノミ","Contacyphon fuscomarginatus (Nakane, 1963)"
"シリタカヒメコバネナガハネカクシ","Lathrobium (Lathrobium) shiritakanum Y. Watanabe, 1997"
"エノキミツギリゾウムシ","Eterozemus celtis (Lewis, 1883)"
"ミスジホソカタムシ","Leptoglyphus vittatus Sharp, 1885"
"マツノツノキクイムシ","Orthotomicus angulatus (Eichhoff, 1876)"
"シイバフトヒラタコメツキ","Liotrichus (Acteniceromorphus) mukunokii Kishii, 2004"
"スギモトホソコミズギワゴミムシ","Lymnastis sugimotoi Habu, 1975"
"ニシツヤツツキノコムシ","Octotemnus kawanabei Kobayashi & Sota, 2019"
"ムツボシテントウ","Sticholotis punctata Crotch, 1874"
"ホソダクビボソジョウカイ","Asiopodabrus (Asiopodabrus) hosodai (Takahashi & Kiriyama, 2000)"
"イブシニセケシガムシ","Peltocercyon subopacipennis (Nakane, 1965)"
"ネオダニナガゴミムシ","Pterostichus (Nialoe) ohbayashii Ishida, 1968"
"ムツヒゲキクイゾウムシ","Hexarthrum brevicorne Wollaston, 1873"
"ミサトメクラチビゴミムシ","Stygiotrechus misatonis Ashida & K. Kitayama, 2003"
"エナオオズナガゴミムシ　木曾駒ケ岳亜種","Pterostichus (Smilodonialoe) todai toyoshimai Sugimura, 2002"
"ヒメチビヒラタエンマムシ","Platylomalus mendicus (Lewis, 1892)"
"セダカコブヤハズカミキリ　中国地方西部亜種","Parechthistatus (Parechthistatus) gibber tanakai Miyake, 1980"
"ニセシンシュウナガゴミムシ","Pterostichus (Nialoe) himifuriho Morita, 2007"
"ホウシクビボソジョウカイ","Asiopodabrus (Asiopodabrus) hoshiensis (Nakane, 1990)"
"シロテンハナムグリ　日本本土亜種","Protaetia (Calopotosia) orientalis submarmorea (Burmeister, 1842)"
"イケヤマクビボソジョウカイ","Asiopodabrus (Asiopodabrus) ikeyamaensis Takahashi, 2020"
"ジャクチサンヌレチゴミムシ","Apatrobus jakuchiensis (Habu, 1977)"
"アマミシジミガムシ","Laccobius (Microlaccobius) satoi Gentili, 1989"
"ヒメミズギワアトキリゴミムシ","Demetrias amurensis Motschulsky, 1860"
"エゾマルクビハネカクシ","Tachinus (Tachinus) yezoensis L. -Z. Li, 1995"
"クズノチビタマムシ","Trachys auricollis E. Saunders, 1873"
"クロオビトゲムネカミキリ　奄美亜種","Sciades (Estoliopus) fasciatus nobuoi (Breuning & K. Ohbayashi, 1964)"
"ホソデオネスイ","Europs (Europs) temporis Reitter, 1884"
"アカマメデオキノコムシ","Baeocera satana Nakane, 1963"
"シガキノコシバンムシ","Dorcatoma shigaensis N. Hayashi, 1951"
"クロヒラタケシキスイ　基亜種","Ipidia (Ipidia) variolosa variolosa Reitter, 1879"
"コンゴウオビツチゾウムシ","Antinia kongosana Morimoto, 2015"
"タイワンヒメテントウ","Scymnus (Pullus) sodalis (Weise, 1923)"
"キンオニクワガタ","Prismognathus dauricus (Motschulsky, 1860)"
"コヨツボシゴミムシダマシ","Basanus tsushimensis tsushimensis M. T. Chûjô, 1963"
"セダカコブヤハズカミキリ　基亜種","Parechthistatus (Parechthistatus) gibber gibber (Bates, 1873)"
"イノコヅチカメノコハムシ","Cassida japana Baly, 1874"
"モモブトナガゴミムシ","Pterostichus (Carllindrothius) colonus (Bates, 1883)"
"カサハラメクラチビゴミムシ","Ryugadous (Yuadorgus) kasaharai S. Uéno & Y. Ito, 2002"
"キンボシマルズオオハネカクシ","Agelosus weisei (Harold, 1877)"
"エゾゲンゴロウモドキ","Dytiscus marginalis czerskii Zaitzev, 1953"
"アケボノメクラチビゴミムシ","Stygiotrechus eos S. Uéno & Naitô, 2003"
"ヤエヤマノコギリクワガタ","Prosopocoilus pseudodissimilis Y. Kurosawa, 1976"
"ヤエヤマテングアリヅカムシ","Tenguobythus decoratus Arai & Nomura, 2007"
"クロトラカミキリ　北海道亜種","Chlorophorus (Humeromaculatus) diadema inhisutus (Matsushita, 1934)"
"アシマガリヒラタケシキスイ","Epuraea (Micruria) curvipes Hisamatsu, 1961"
"ニホンホホビロコメツキモドキ","Doubledaya bucculenta Lewis, 1884"
"シリトゲヒメハネカクシ","Atheta (Microdota) spinicauda Bernhauer, 1907"
"タテスジヒメヒゲナガハナノミ","Drupeus vittipennis Lewis, 1895"
"ミヤマフトヒラタコメツキ","Liotrichus (Acteniceromorphus) kurofunei (Miwa, 1934)"
"ナガエオチバメダカハネカクシ","Stenus pediculifer Naomi & Nomura, 2015"
"ハコネチビツツハムシ","Cryptocephalus (Burlinius) pseudofulvus Medvedev, 1973"
"ナカムラノミゾウムシ","Tachyerges nakamurai Morimoto & Miyakawa, 1996"
"ヒゲブトハネカクシ","Aleochara (Aleochara) lata Gravenhorst, 1802"
"ショウザンヒゲブトチビシデムシ","Colon (Myloechus) sakumai Hoshina, 2009"
"キイロオオタマキノコムシ","Leiodes okawai Nakane, 1963"
"マガタマナガゴミムシ","Pterostichus (Nialoe) ovaliphallus Sasakawa, 2005"
"ヒメフサヒゲアリヅカムシ","Trisinus venustus (Jeannel, 1958)"
"ハコネミズギワゴミムシ","Bembidion (Plataphus) lucillum Bates, 1883"
"ニセサケオヒメハナノミ","Glipostenoda pseudoexcisa Nomura, 1975"
"フタマタキノコツヤハネカクシ","Gyrophaena (Gyrophaena) futamata Cameron, 1933"
"ウスカバイロコメツキ　奄美大島亜種","Chatanayus ishiharai seinoi Kishii, 1984"
"2): 25-41.","Hayashi, M., 1972a. Studies on Cerambycidae from Japan and its adjacent regions (Col.), XIX. Entomological Review of Japan, 24(1"
"ジュウロクホシテントウ","Myzia oblongoguttata nipponica (Yuasa, 1963)"
"ツヤマルケシキスイ","Neopallodes vicinus Grouvelle, 1892"
"キイロテントウ　奄美亜種","Kiiro koebelei amamiana (Miyatake, 1959)"
"コブバネサビカミキリ　八重山亜種","Pterolophia (Ale) gibbosipennis iriomotei Breuning & K. Ohbayashi, 1966"
"ゴザイシツツナガハネカクシ","Lobrathium (Lobrathium) mizunoi Ito, 1996"
"ウワメクラチビゴミムシ","Yamautidius (Yamautidius) debilis S. Uéno, 1982"
"キョウトアオハナムグリ　基亜種","Protaetia (Niponoprotaetia) lenzi lenzi (Harold, 1878)"
"アカヒゲクロコメツキ","Ampedus (Ampedus) sawadai Kishii, 1985"
"アラメヨフシエンマムシ","Acritus (Acritus) komai Lewis, 1879"
"クロツヤドウガネナガハネカクシ","Platydomene funebris (Sharp, 1889)"
"エゾツヤヒメハネカクシ","Liogluta yezoensis Sawada, 1989"
"エゾセマルホソヒラタムシ","Cryptamorpha hiranoi Yoshida, 2021"
"クロヒゲナガジョウカイ","Habronychus providus (Kiesenwetter, 1874)"
"コクロシデムシ","Ptomascopus morio Kraatz, 1877"
"ヒサマツチビコメツキ　基亜種","Neodrasterius hisamatsui hisamatsui (Ôhira & M. Satô, 1964)"
"ナガオチビオオキノコ","Triplax nagaoi Nakane, 1977"
"コクロヒメハナノミ","Pseudomordellina insignata Ermisch, 1965"
"ミツボシナガタマムシ","Agrilus trinotatus E. Saunders, 1873"
"ハネナシナガクチキ","Nipponomarolia kobensis Miyatake, 1982"
"オキナワヒメツヤケシコメツキ","Melanoxanthus okinawensis Arimoto, 2010"
"ヤナギチビタマムシ","Trachys minutus salicis (Lewis, 1893)"
"ムモンノミゾウムシ","Orchestes (Alyctus) aterrimus Roelofs, 1875"
"キノコアカマルエンマムシ","Notodoma fungorum Lewis, 1884"
"セマルチビヒラタムシ","Xylolestes laevior (Reitter, 1874)"
"オビマダラケシゴミムシダマシ","Ellipsodes (Anthrenopsis) scriptus (Lewis, 1894)"
"アマミクシヒゲベニボタル","Macrolycus (Cerceros) shirakii Nakane, 1961"
"サトウメクラチビゴミムシ","Trechiama (Trechiama) satoui S. Uéno, 1975"
"ヒゲナガヒラタドロムシ","Nipponeubria yoshitomii Lee & M. Satô, 1996"
"ガロアヒメフトコメツキダマシ","Bioxylus galloisi Fleutiaux, 1923"
"ツヤムネマルゴミムシ","Oxyglychus laeviventris (Bates, 1883)"
"ヨツスジハナカミキリ　四国九州亜種","Leptura ochraceofasciata ochrotela Bates, 1873"
"ムネヒメハネカクシ","Stethusa miyamotoi (Sawada, 1955)"
"サワダチビハバビロハネカクシ","Proteinus sawadai Y. Hayashi, 1988"
"セグロオカツヤガムシ","Armostus nigricans Hoshina & M. Satô, 2006"
"オオスミザイノキクイムシ","Ambrosiophilus osumiensis (Murayama, 1934)"
"オキナワクビナガハムシ","Lilioceris (Lilioceris) formosana Heinze, 1943"
"クロマルクビゴミムシ","Nebria (Reductonebria) ochotica R. F. Sahlberg, 1844"
"イヨツチゾウムシ","Trachyphilus yamamotoi Morimoto, 2015"
"オオトックリゴミムシ","Pseudoodes vicarius (Bates, 1873)"
"チャイロカナブン　宮古諸島亜種","Cosmiomorpha (Microcosmiomorpha) similis miyakoana Nomura, 1964"
"オオルリオサムシ　日高山脈南東部亜種","Carabus (Acoptolabrus) gehinii radiatocostatus (Ishikawa, 1968)"
"モンキアシナガハムシ","Monolepta quadriguttata (Motschulsky, 1860)"
"ハロルドアオバクチキムシ","Borboresthes aeneipennis (Harold, 1878)"
"ミツノオオケシキスイ","Triacanus japonicus Hisamatsu, 1985"
"コクロアシナガトビハムシ","Longitarsus (Longitarsus) morrisonus Chûjô, 1937"
"ツルガナガゴミムシ","Pterostichus (Sphodroferonia) tsurugaensis Ishida, 1958"
"ハゴロモオチバメダカハネカクシ","Stenus hagoromo Naomi, 1988"
"ヤマジオチバメダカハネカクシ","Stenus yamajii Naomi & Puthz, 1994"
"ウスケメクラチビゴミムシ","Rakantrechus (Pilosotrechiama) mirabilis S. Uéno, 1958"
"ハコネトゲアリヅカムシ","Batrisodes (Excavodes) rugicollis (Sharp, 1883)"
"フトナガコメツキ","Ectamenogonus robustus (Kishii, 1966)"
"タイワンコガシラミズムシ","Haliplus (Nipponiplus) regimbarti Zaitzev, 1908"
"ツヤマルキスイ","Atomaria (Anchicera) lucida Reitter, 1889"
"ヒメオサムシ　下甑島亜種","Carabus (Ohomopterus) japonicus onodai Imura, Dejima & Mizusawa, 1993"
"ノコギリクワガタ　口永良部島亜種","Prosopocoilus inclinatus kuchinoerabuensis Shimizu & Murayama, 1998"
"ヒコサンオオズナガゴミムシ","Pterostichus (Sphodroferonia) macrocephalus Habu, 1955"
"タカハシトゲゾウムシ","Dinorhopala takahashii (Kono, 1930)"
"マツムラヒメハナノミ","Glipostenoda matsumurai (Kono, 1932)"
"エゾクサアリハネカクシ","Pella kidaorum Maruyama, 2006"
"タナベフサヒゲアリヅカムシ","Trisinus tanabei (Nomura, 1991)"
"フタモンフトヒゲナガゾウムシ","Basitropis bimaculata Senoh & Matoba, 2004"
"ヒメキンオビハナノミ　与那国島亜種","Variimorda (Variimorda) miyarabi michioi Tsuru & Takakuwa, 2005"
"オクルトゥスコナガアリヅカムシ","Labroplectus occultus (Kurbatov, 1991)"
"ウスモントゲミツギリゾウムシ","Orychodes planicollis (F. Walker, 1859)"
"チチブアオハムシダマシ","Arthromacra tsurimakii Akita & Masumoto, 2019"
"オガサワラムネスジウスバカミキリ","Nortia kusuii Kusama & Nara, 1973"
"ヨナグニビロウドコガネ","Maladera (?) yonaguniensis Kobayashi, Kusui & Imasaka, 2006"
"サツマムネスジウスバカミキリ","Nortia geniculata satsumana Niisato & N. Ohbayashi, 2005"
"ナカバヤシモモブトカミキリ","Acanthocinus guttatus (Bates, 1873)"
"エダヒゲナガハナノミ　九州亜種","Epilichas flavellatus taniuchiensis Nakane, 1985"
"アカマダラカツオブシムシ","Trogoderma varium (Matsumura & Yokoyama, 1928)"
"ヒトボシメクラチビゴミムシ","Rakantrechus (Pilosotrechiama) tenuis S. Uéno, 2008"
"エヒメタチゲメダカハネカクシ","Stenus rasilis Naomi & Ito, 2015"
"ホソクビキマワリ","Stenophanes mesostena (Solsky, 1871)"
"ヤクマルバネモリヒラタゴミムシ","Atranodes insularis Uchida, Morita & Y. Kurosa, 2025"
"ミツトゲハヤシメダカハネカクシ","Stenus trispinosus Naomi & Nomura, 2015"
"オオミネクビボソジョウカイ","Asiopodabrus (Asiopodabrus) ohminensis Takahashi, 2012"
"エゾビロウドコガネ　基亜種","Serica karafutoensis karafutoensis Niijima & Kinoshita, 1923"
"ツシマツヤケシコメツキ","Megapenthes seinoi Kishii, 2006"
"カナザワヒメコケムシ","Euconnus (Euconnus) iouzensis Hoshina & Nakata, 2018"
"リュウキュウズビロキマワリモドキ　屋久島亜種","Gnesis purpurascens yakuanus (Nakane, 1968)"
"ヤンバルテナガコガネ","Cheirotonus jambar Y. Kurosawa, 1984"
"ハナノヒメハナノミ","Falsomordellistena (Falsomordellistenoda) hananoi (Nomura, 1951)"
"ハヤシメダカハネカクシ","Stenus asyura Naomi, 1988"
"ハクサンナガゴミムシ","Pterostichus (Nialoe) hakusanus Kasahara, 1989"
"オガサワラホソクシコメツキ","Priopus boninsis (Zwaluwenburg, 1957)"
"サツマリンゴカミキリ","Oberea (Oberea) yasuhikoi Kusakabe, 2001"
"フチトリコメツキダマシ","Microrhagus pectinicornis (Hisamatsu, 1960)"
"ホソタケナガシンクイ","Dinoderus (Dinoderastes) speculifer Lesne, 1895"
"モリモトチビゴミムシ","Epaphiopsis (Pseudepaphius) morimotoi S. Uéno, 1984"
"オガサワラホソミツギリゾウムシ","Cyphagogus boninensis Morimoto & Kojima, 2005"
"ホソカミキリモドキ　基亜種","Dryopomera yatoi yatoi (Nakane, 1954)"
"ヤツバキクイムシ","Ips typographus (Linnaeus, 1758)"
"ヤエヤマコヒラタホソカタムシ","Bolcocius yaeyamensis Sasaji, 1984"
"クロジョウカイ","Lycocerus attristatus (Kiesenwetter, 1874)"
"2): 65-73.","Matsushita, M., 1932a. Die Callidiopinen vom japanischen Reich (Col. Ceramb.). Insecta matsumurana, 7(1"
"キュウシュウオチバアナアキゾウムシ","Leptanchonus kyushuanus Morimoto, 2009"
"オビモンヒメナガクチキ","Holostrophus (Paraholostrophus) toyoshimai M. Saitȏ & Konvička, 2017"
"コブヒゲボソゾウムシ","Phyllobius (Nipponophyllobius) picipes Motschulsky, 1860"
"ウンモンナガクチカクシゾウムシ　基亜種","Rhadinomerus unmon unmon Nakane, 1963"
"タジマクビボソジョウカイ","Asiopodabrus (Asiopodabrus) tajimensis (Nakane & Makino, 1990)"
"モオリメクラチビゴミムシ","Yamautidius (Yamautidius) mohrii S. Uéno, 1982"
"オバコメクラチビゴミムシ","Kusumia obako S. Uéno & Naitô, 2005"
"コホクメクラチビゴミムシ","Trechiama (Trechiama) brevior S. Uéno, 1980"
"チャイロミジンムシ","Clypastraea rugosa (Matthews, 1899)"
"カタモンミズギワコメツキ","Fleutiauxellus (Migiwa) katamon Kishii, 1985"
"コハンミョウ","Myriochila (Myriochila) speculifera speculifera (Chevrolat, 1845)"
"クロオガサワラクチカクシゾウムシ","Buninus niger Morimoto, 1981"
"クロホソキコメツキ","Procraerus cariniceps (Lewis, 1894)"
"ハイノキニセサルゾウムシ","Hainokisaruzo japonicus Yoshitake & Colonnelli, 2005"
"ツシマヒラタシデムシ　本州亜種","Necrophila (Eusilpha) jakowlewi similator (Shibata, 1969)"
"フトベニボタル　基亜種","Lycostomus (Lycostomus) semiellipticus semiellipticus Reitter, 1910"
"セダカテントウダマシ","Bolbomorphus gibbosus Gorham, 1887"
"ヨウザワメクラチビゴミムシ","Trechiama (Trechiama) tamaensis Yoshida & Nomura, 1960"
"ニシカワコバネナガハネカクシ","Lathrobium (Lathrobium) nishikawai Y. Watanabe, 1986"
"ホソモリヒラタゴミムシ","Oncostylus speculator (Harold, 1878)"
"ホソナガコメツキダマシ","Isorhipis foveata Hisamatsu, 1955"
"ニセリンゴカミキリ","Oberea (Oberea) mixta Bates, 1873"
"ノブオケシカミキリ　沖縄亜種","Exocentrus nobuoi okinawensis Breuning & K. Ohbayashi, 1966"
"アラコガネコメツキ　基亜種","Selatosomus (Selatosomus) gloriosus gloriosus (Kishii, 1955)"
"ケモンケシキスイ","Atarphia fasciculata Reitter, 1884"
"フジヤマダルマアリヅカムシ","Plagiophorus fujiyamai (Kubota, 1944)"
"フタホシシリグロハネカクシ","Astenus (Astenognathus) maculipennis (Kraatz, 1859)"
"クマノメクラチビゴミムシ","Kusumia elongata S. Uéno, 1999"
"ツシマコバネナガハネカクシ","Lathrobium (Lathrobium) tsushimanum Nozaki, 2020"
"ニセハムシハナカミキリ","Lemula japonica (Tamanuki, 1938)"
"ヤナギムジハムシ","Gonioctena (Gonioctena) sibirica (Weise, 1893)"
"キボシツブゲンゴロウ","Japanolaccophilus niponensis (Kamiya, 1939)"
"ミゾバネナガクチキ","Melandrya (Melandrya) modesta Lewis, 1895"
"サキシマクビボソジョウカイ","Micropodabrus formosanus (Pic, 1910)"
"クロセスジゲンゴロウ","Copelatus subfascioatus A. Zimmermann, 1919"
"ノッポロヒメエンマムシ","Margarinotus (Ptomister) yezoensis Ôhara, 1989"
"ヒレルコキノコムシ","Mycetophagus (Mycetophagoides) hillerianus Reitter, 1877"
"ハーマンミズギワヨツメハネカクシ","Geodromicus (Geodromicus) hermani (Y. Watanabe, 1991)"
"スゲクビボソハムシ","Lema (Lema) dilecta Baly, 1873"
"カナガワモモブトヨツメハネカクシ","Acrolocha kanagawana Y. Watanabe, 2007"
"イシガキエグリゴミムシダマシ","Uloma (Uloma) ishigakiensis M. T. Chûjô, 1983"
"チビタケナガシンクイ","Dinoderus (Dinoderus) minutas (Fabricius, 1775)"
"フキタマノミハムシ","Sphaeroderma balyi balyi Jacoby, 1885"
"ニセルリホシカムシ","Korynetes caeruleus (DeGeer, 1775)"
"トクノシマヒメジョウカイモドキ","Holzschuhus tokunoshimanus (Nakane, 1985)"
"ホソギンゲメダカハネカクシ","Stenus aboblitus Naomi & Nomura, 2015"
"カツミオオコバネナガハネカクシ","Lathrobium (Lathrobium) katsumiae Y. Watanabe & Yoshida, 2007"
"ニホンカミナリハムシ","Altica nipponica Ohno, 1960"
"ホソクロハネカクシ","Tachyusa (Tachyusa) coarctata Erichson, 1837"
"ヒメツヤゴモクムシ","Trichotichnus (Trichotichnus) congruus Motschulsky, 1866"
"キモンタマノミハムシ","Sphaeroderma flavonotatum Chûjô, 1937"
"ガギュウオチバメダカハネカクシ","Stenus gagyumontis Naomi, 1990"
"モモブトハナカミキリ","Oedecnema gebleri Ganglbauer, 1889"
"ダビドオサゾウムシ","Otidognathus davidis davidis (Fairmaire, 1878)"
"オオギシバンムシ","Deroptilinus obscurus Sakai, 1975"
"ダイセンニンフジョウカイ","Asiopodabrus (Imasakapodabrus) daisenensis Imasaka & Takahashi, 2010"
"ムナミゾマルヒメドロムシ","Heterlimnius maculatus (Nomura, 1958)"
"キシイクチボソコメツキ","Glyphonyx (Glyphonyx) kishiii Ôhira, 1968"
"ニホンホソオオキノコ","Dacne (Dacne) japonica Crotch, 1873"
"サキシマクビボソトビハムシ","Lipromorpha sakishimana Y. Komiya, 2006"
"ハイイロササラクチカクシゾウムシ","Deretiosus sellatus Heller, 1940"
"コイブシニセユミセミゾハネカクシ","Carpelimus (Paratrogophloeus) porphyreus Gildenkov, 2002"
"クマソツヤハダコメツキ","Hemicrepidius (Hemicrepidius) kumaso Kishii, 2001"
"コカミナリハムシ","Altica viridicyanea (Baly, 1874)"
"ヒメエグリゴミムシダマシ","Uloma (Uloma) ichoi Nakane, 1956"
"アカスジヒシベニボタル","Dictyoptera velata (Gorham, 1883)"
"アカアシヒメゴミムシダマシ","Ulomimus laminipes (Gebien, 1914)"
"アシグロアオゴミムシ","Chlaenius (Pachydinodes) leucops (Wiedemann, 1823)"
"セスジクビボソトビハムシ","Pseudoliprus suturalis (Jacoby, 1885)"
"カシワコブハムシ","Chlamisus consimilis (Chûjô, 1942)"
"イシダキクイムシ","Anisandrus dispar (Fabricius, 1792)"
"テントウミジンムシ","Holopsis punctipennis (Mattews, 1899)"
"サトウヒメハナノミ","Falsomordellistena (Falsomordellistenoda) satoi (Nomura, 1951)"
"オオピッカリコバネナガハネカクシ","Lathrobium (Lathrobium) oopikkarianum Senda, 2024"
"クロツヤシモフリコメツキ","Actenicerus (Acnitecerus) athoides (Kishii, 1955)"
"ミイロササラゾウムシ","Demimaea tricolor (Roelofs, 1875)"
"キタカネコメツキ","Gambrinus kawaharai (Kishii, 2002)"
"エゾハナムグリヨツメハネカクシ","Eusphalerum ezoense Y. Watanabe, 1990"
"ヒトクチタケシバンムシ","Dorcatoma polypori N. Hayashi, 1954"
"エゾアナアキゾウムシ","Hylobius (Hylobius) ezoensis Morimoto, 1982"
"ヒゲナガヒメカミキリ","Ceresium longicorne Pic, 1926"
"タカネニセマキバマグソコガネ","Aphodius (Agoliinus) shibatai Nakane, 1983"
"イシガキシロテンハナムグリ　沖縄諸島亜種","Protaetia (Pseudocalopotosia) ishigakia okinawana Y. Kurosawa, 1959"
"ピックオビハナノミ","Glipa (Macroglipa) pici Ermisch, 1940"
"ネジキトゲトゲゾウムシ","Colobodes ornatoideus Morimoto, 1988"
"ニセツノボソチビイッカク","Mecynotarsus forticornis Kejval, 2011"
"ムツボシニセマルトビハムシ　基亜種","Halticorcus sauteri sauteri (S. -H. Chen, 1934)"
"フトクビボソハネカクシ","Stiliderus duplicatus (Ito, 1984)"
"オモトチビサビキコリ","Adelocera omotoensis Ôhira, 1978"
"ヒロオビオオゴマフカミキリ","Mesoereis horiana (Breuning & K. Ohbayashi, 1966)"
"オオヒサゴアリヅカムシ","Arthromelodes giganteus Nomura, 1991"
"ツルギオオタマキノコムシ","Leiodes yoshidai Hoshina, 2012"
"ツヤキバネサルハムシ","Pagria flavopustulata (Baly, 1874)"
"オビレカミキリ","Euseboides matsudai matsudai Gressitt, 1938"
"トクシマハナムグリヨツメハネカクシ","Eusphalerum tokushimanum Y. Watanabe & Yoshida, 2017"
"ツヤケシマルヒメドロムシ","Heterlimnius sakaii (Kamite, 2015)"
"ムツアナチビシデムシ","Catops houyai Nakane, 1995"
"ムナグロリンゴカミキリ","Nupserha sericans (Bates, 1884)"
"ムナグロホソツヤシデムシ　亜種","Apteroloma discicolle kinkiense Nakane, 1988"
"ズンドウヒメハネカクシ","Amischa (Amischa) analis (Gravenhorst, 1802)"
"シブイロクシヒゲボタル","Stenocladius flavipennis Kawashima, 1999"
"ダイセンツチゾウムシ","Trachyphilus daisenicus (Nakane, 1963)"
"ムニンヒメカッコウムシ","Tilloidea munin Nakane, 1977"
"アイヌテントウ","Coccinella (Coccinella) ainu Lewis, 1896"
"クワサビカミキリ","Mesosella simiola Bates, 1884"
"ムラサキエンマコガネ　沖縄・奄美亜種","Parascatonomus (Necramator) murasakianus carnarius (Nomura, 1976)"
"クラサワツヤムネハネカクシ","Quedius (Microsaurus) umbratus S. Uéno & Y. Watanabe, 1966"
"ニセツツガタシバンムシ","Mimogastrallus hideoi Sakai, 2003"
"ジョウネンチビマルトゲムシ","Simplocaria (Simplocaria) basistriata Nakane, 1964"
"サキシマカワベナガエハネカクシ","Ochthephilum shibatai Ito, 1996"
"ウエノヒョウタンクチカクシゾウムシ","Hyotanzo uenoi Morimoto, 1962"
"フェモラータオオモモブトハムシ","Sagra femorata (Drury, 1773)"
"ダイモンテントウ","Coccinella (Coccinella) hasegawai Miyatake, 1963"
"コバネチビジョウカイ","Caccodes niponicus niponicus (Kiesenwetter, 1874)"
"キバナガメクラチビゴミムシ","Allotrechiama (Nothaphaenops) mandibularis S. Uéno, 1978"
"オガサワラオノヒゲナガゾウムシ","Dendropemon ohkurai (Shibata, 1978)"
"ミナミゴモクムシ","Pseudognathaphanus punctilabris (W. S. MacLeay, 1825)"
"ヒトオビチビキカワムシ","Lissodema plagiatum Lewis, 1895"
"フトコケムシ","Scydmaenus (?) curtipennis (Sharp, 1886)"
"オキナワコバネヒゲブトアリヅカムシ","Micrelytriger nakatai Nomura, 1997"
"ホソヒメクロオサムシ　赤石山脈亜種","Carabus (Pentacarabus) harmandi akaishiensis (Ishikawa, 1986)"
"ニセウスイロサルハムシ","Basilepta hirayamai Chûjô, 1935"
"ヒメオビニセクビボソムシ","Pseudolotelus cinctus (Marseul, 1876)"
"マイキンオビハナノミ　基亜種","Variimorda (Variimorda) maiae maiae Takakuwa, 2010"
"ヨツボシヒメナガクチキ","Holostrophus (Holostrophus) lewisi Csiki, 1924"
"クビアカホソナガクチキ","Perakianus hisamatsui Nakane, 1963"
"キタカミオオズナガゴミムシ","Pterostichus (Smilodonialoe) kitakamisanus Sasakawa, 2005"
"ホソモンツヤゴミムシダマシ","Scaphidema pictipennis Lewis, 1894"
"スソキヒメジョウカイモドキ","Hypomixis ohbayashii (Wittmer, 1954)"
"チャマルムクゲヒメキノコハネカクシ","Sepedophilus consimilis Naomi & Maruyama, 1998"
"エゾヒサゴゴミムシ","Miscodera arctica (Paykull, 1798)"
"ヤマヤクシコメツキ","Melanotus (Melanotus) yamayai Kishii, 1985"
"アマミクロミナミボタル","Drilaster shibatai M. Satô, 1968"
"マヤサンオサムシ　高野尾亜種","Carabus (Ohomopterus) maiyasanus otobei Makita, Zhang & Kubota, 2021"
"セミゾムクゲキノコムシ","Skidmorella magnifica Jhonson, 1971"
"ムナグロチビゴミムシ","Blemus alexandrovi (Lutshnik, 1915)"
"ウバタマコメツキ","Cryptalaus berus (Candèze, 1865)"
"コガタヒメサビキコリ","Agrypnus hypnicola (Kishii, 1964)"
"ツマグロアメイロカミキリ　奄美亜種","Pseudiphra apicalis obscura Gressitt, 1951"
"マツトビゾウムシ","Pachyrhinus (Pachyrhinus) scutellaris (Roelofs, 1873)"
"アラメカレキクチカクシゾウムシ","Camptorhinus dorsalis Boisduval, 1835"
"マユミオノヒゲアリヅカムシ","Bryaxis mayumi Löbl, Kurbatov & Nomura, 1998"
"オキナワチビジョウカイ　伊平屋島亜種","Malthinus (Malthinus) okinawanus iheyannus Takahashi, 2018"
"キマダラマグソコガネ","Aphodius (Chilothorax) punctatus C. O. Waterhouse, 1875"
"カタグロチビヒゲナガゾウムシ","Unciferina brevifrons Morimoto, 1981"
"チチジマザイノキクイムシ","Xyleborus similis Ferrari, 1867"
"ヒメフタトゲホソヒラタムシ","Silvanus lewisi Reitter, 1876"
"イキツキナガゴミムシ","Pterostichus (?) sakagamii Morita, 2001"
"キンキハバビロハネカクシ","Megarthrus denticollis (Beck, 1817)"
"ハクサンコバネナガハネカクシ","Lathrobium (Lathrobium) hakusanum Y. Watanabe & Hoshina, 2003"
"ミナミイオウトラカミキリ　北硫黄島亜種","Chlorophorus minamiiwo kitaiwo Niisato & Karube, 2002"
"ペルペルスコナガアリヅカムシ","Leptoplectus perperus Kurbatov, 2022"
"アワシマミジンムシダマシ","Aphanocephalus awashimanus John, 1968"
"マツカサシラホシゾウムシ","Shirahoshizo coniferae Chao, 1980"
"サキシマチビコガネ","Mimela sakishimana Nomura, 1973"
"アカホソアリモドキ","Clavicollis fugiens (Marseul, 1876)"
"ヒメコガネ","Anomala rufocuprea Motschulsky, 1860"
"クロルリゴミムシダマシ","Metaclisa atrocyanea (Lewis, 1891)"
"キイロマルコミズギワゴミムシ","Elaphropus latissimus latissimus (Motschulsky, 1851)"
"アキオサムシ　芸予諸島大島亜種","Carabus (Ohomopterus) chugokuensis mochizukii Imura & Mizusawa, 1994"
"オオミジンダルマガムシ","Limnebius miyazakii Hayashi, 2025"
"カミコウチツヤゴモクムシ","Trichotichnus (Trichotichnus) silvestris Morita, 1997"
"オオサカアオゴミムシ","Callistoides pericallus Redtenbacher, 1867"
"オキノキクイムシ","Xyleborus festivus Eichhoff, 1876"
"ヒゲナガニセキノコハネカクシ","Bolitobius longicornis L. -Z. Li & Sakai, 1998"
"トウホクジョウカイ","Lycocerus canthariformis (Ishida, 1986)"
"イシガキオビハナノミ","Glipa (Stenoglipa) ishigakiana ishigakiana Kono, 1932"
"クリイロカッコウムシ","Platytenerus castaneus (Kono, 1930)"
"シロモンケシカッコウムシ","Coptoclerus gressitti Miyatake, 1985"
"キノクニヒメコバネナガハネカクシ","Lathrobium (Lathrobium) kinokuniense Y. Watanabe, 2006"
"キノコヒゲナガゾウムシ　基亜種","Euparius oculatus oculatus (Sharp, 1891)"
"ミジンヒメキノコハネカクシ　基亜種","Sepedophilus facilis facilis Naomi & Maruyama, 1998"
"ホウオウハヤシメダカハネカクシ","Stenus houou Naomi, 2010"
"クボクロチビジョウカイ","Malthodes (Micromalthodes) kuboi Takahashi, 2011"
"アオカナブン　基亜種","Rhomborhina (Rhomborhina) unicolor unicolor Motschulsky, 1861"
"オオミジンムシ","Clypastraea yuasai Nakane, 1963"
"ヒラノマルケシキスイ","Cyllodes hiranoi S-T. Hisamatsu, 2021"
"ヨシトミダルマガムシ","Hydraena (Hydraena) yoshitomii Jäch & Díaz, 1999"
"オオシマサビキコリ","Agrypnus oshimanus Ôhira, 1969"
"トビイロマルハナノミ","Scirtes japonicus (Kiesenwetter, 1874)"
"クロナガアトキリゴミムシ","Celaenephes parallelus Schmidt-Göbel, 1846"
"コバケデオネスイ","Mimemodes japonus (Reitter, 1874)"
"マツシタヒメハナカミキリ　基亜種","Pseudopidonia matsushitai matsushitai (K. Ohbayashi, 1958)"
"ハヤシツツキノコムシ","Ennearthron hayashii Nobuchi, 1955"
"クビナガムシ","Cephaloon pallens (Motschulsky, 1860)"
"ヒメチビマルハナノミ　奄美亜種","Contacyphon puncticeps hisamatsui (K. Sasagawa, 1985)"
"ニセヨツボシテントウダマシ","Ancylopus borealior Strohecker,1972"
"イハクチボソコメツキ","Glyphonyx (Glyphonyx) ihai Ôhira, 1968"
"ホソツヤルリクワガタ　亜種","Platycerus kawadai amagigoe Imura, Miyao & Sakaino, 2020"
"タナカツヤハネゴミムシ","Harpalomimetes fukiensis (Jedlička, 1957)"
"アオイシメクラチビゴミムシ","Trechiama (Trechiama) duplicatus S. Uéno, 1986"
"ムクゲチビテントウ","Scymnomorphus japonicus (Reitter, 1889)"
"ノコギリクワガタ　三宅島亜種","Prosopocoilus inclinatus miyakejimaensis Adachi, 2009"
"ドウイロムナゲサルハムシ","Basilepta uenoi Nakane, 1958"
"ニシヒメシラオビカミキリ","Pogonocherus hondoensis Ohbayashi, 1963"
"アイヌカミキリモドキ","Nacerdes (Xanthochroa) ainu (Lewis, 1895)"
"ゴマノダンケムネチビゴミムシ","Epaphiopsis (Epaphiopsis) elongata S. Uéno, 1962"
"クロホソコバネカミキリ　四国九州亜種","Necydalis (Necydalisca) harmandi ogasawarai Fujita, 2018"
"サイトウクリイロオオクシコメツキ","Melanotus (Spheniscosomus) melanotoides saitorum W. Suzuki, 1984"
"クロミナミボタル　屋久島亜種","Drilaster unicolor yakushimensis Kawashima, 2021"
"ルイスミギワハネカクシ","Myllaena lewisi Cameron, 1933"
"クロテントウゴミムシダマシ","Ades convexus (Lewis, 1894)"
"オオダイヌレチゴミムシ　護摩壇山亜種","Apatrobus ohdaisanus spinosus Morita, 1990"
"コバヤシホソコガシラハネカクシ","Gabrius kobayashii Smetana, 1984"
"エゾイクビチョッキリ","Deporaus (Roelofsideporaus) affectatus Faust, 1887"
"アマミアカハネホソベニボタル","Dilophotes akitai Matsuda, 2021"
"クロカミナリハムシ","Altica sanguisorbae Ohno, 1960"
"ズグロキノコハネカクシ","Lordithon (Lordithon) aitai L. -Z. Li & Ohbayashi, 1997"
"ナカネムナビロムクゲキノコムシ","Acrotrichis (Acrotrichis) latipennis Nakane, 1975"
"フタトゲホソヒラタムシ","Silvanus bidentatus (Fabricius, 1792)"
"ミョウコウツヤムネハネカクシ","Quedius (Microsaurus) babai S. Uéno & Y. Watanabe, 1966"
"44): 91.","永幡嘉之・日暮卓志, 1996. 鳥取県で採集したゲンゴロウ数種の記録. すかしば, (43"
"チャバネクビナガゴミムシ","Odacantha (Heliocasnonia) aegrota (Bates, 1883)"
"ダイセンツツナガハネカクシ","Lobrathium (Lobrathium) daisenense T. Ito, 2014"
"ミヤマコガシラハネカクシ","Philonthus (Philonthus) varians miyama Y. Hayashi, 2018"
"エビスアリヅカムシ","Noduliceps latifrons (Sharp, 1883)"
"サツマナガエンマムシ","Eurylister satzumae (Lewis, 1899)"
"シラホシヒメゾウムシ","Anthinobaris dispilota dispilota (Solsky, 1870)"
"ヤエヤマキノコゴミムシダマシ","Platydema celata Nakane, 1983"
"クロチビホソゴミムシダマシ","Corticeus (Tylophloeus) inadai Akita & Masumoto, 2009"
"ヒメトビムシハネカクシ","Platyola oligotinula (Sharp, 1888)"
"カクオノヒゲアリヅカムシ","Bryaxis tetralobus Löbl, Kurbatov & Nomura, 1998"
"アナゼメクラチビゴミムシ","Trechiama (Trechiama) setosus S. Uéno, 1990"
"ミヤマナガゴミムシ　静岡亜種","Pterostichus (Nialoe) rhanis katoi Kasahara, 1992"
"オガサワラヒラアシコメツキ","Ischiodontus langfordi (Van Zwaluwenburg, 1957)"
"ヒゲナガダンダラコメツキ","Diacanthous antennatus (Kishii, 1957)"
"ミチノクヒメハナカミキリ","Cryptopidonia hamadryas (Kuboki, 1977)"
"チビホタルモドキ","Omethes rugiceps (Lewis, 1895)"
"スジブトヒラタクワガタ","Dorcus metacostatus Kikuta, 1985"
"アズマクビボソジョウカイ","Asiopodabrus (Japanopodabrus) azumaensis Takahashi, 2012"
"カタビロゾウムシ","Trigonocolus tibialis (Kono, 1928)"
"トゲトゲクロサルゾウムシ","Zacladus geranii (Paykull, 1800)"
"ヨツモンマメゾウムシ","Callosobruchus maculatus (Fabricius, 1775)"
"ケナガカミキリ","Artimpaza setigera japonica (Pic, 1928)"
"ヒダカメクラチビゴミムシ　中日高亜種","Trechiama (Trechiama) borealis petegariensis S. Uéno, 1971"
"カイヒメテントウ","Nephus (Nephus) kaiensis (H. Kamiya, 1961)"
"マダラミジンキスイ","Propalticus morimotoi H. Kamiya, 1964"
"ウスリーオノヒゲアリヅカムシ","Bryaxis koltzei (Reitter, 1887)"
"シリジロメナガヒゲナガゾウムシ","Phaulimia confinis (Sharp, 1891)"
"アワミサトメクラチビゴミムシ","Awatrechus misatonis S. Uéno, 2003"
"マルクビクシコメツキ2　北海道亜種","Melanotus (Melanotus) fortnumi yezoensis Ôhira, 1992"
"イカリヒメジンガサハムシ","Cassida sigillata (Gorham, 1885)"
"2): 18-20.","Habu, A., 1974a. A new Microlestes species from Hiroshima Prefecture, Japan (Coleoptera, Carabidae). Entomological Review of Japan, 26(1"
"ヤノナミガタチビタマムシ","Trachys yanoi Y. Kurosawa, 1959"
"オオトゲアリヅカムシ","Lasinus spinosus Sharp, 1874"
"ウスキチビジョウカイ","Malthodes (Micromalthodes) simplipygus Wittmer, 1954"
"マルムネアカコメツキ","Ampedus (Ampedus) sapporoensis Suzuki, 1985"
"タラマトビイロクチキムシ","Borboresthes kimurai Akita & Masumoto, 2008"
"キンケクチブトゾウムシ","Otiorhynchus (Dorymerus) sulcatus (Fabricius, 1775)"
"48): 183-197.","Nakane, T., T. Makino, 1990b. A revision of the genus Podabrus Westwood in Japan (III) (Insecta, Coleoptera, Cantharidae). Fragmenta Coleopterologica, (45"
"オキナワアラハダトビハムシ","Trachytetra okinawana (Takizawa, 1979)"
"クロカミキリモドキ","Opsimea nigripennis (Matsumura, 1911)"
"オキナワシジミガムシ","Laccobius (Microlaccobius) nakanei Gentili, 1982"
"キアシヒゲナガアオハムシ","Clerotilia flavomarginata Jacoby, 1885"
"イシハラヒメチビシデムシ","Nemadus (Nemadus) ishiharai Miyama, 1985"
"ハラアカホソクロコメツキ","Ampedus (Ampedus) shiratoriensis Arimoto, 2013"
"ツジヒラタヒメコクヌストモドキ","Platycotylus merkli Yoshida & Ando, 2021"
"ホソクシヒゲアリヅカムシ","Ctenisodes discedens (Sharp, 1883)"
"フタテンチビコメツキ","Drasterius brahminus (Candèze, 1859)"
"アマミヒメケブカマグソコガネ","Aphodius (Gilletianus) atsusii Ochi, 1986"
"ササジハナムグリヨツメハネカクシ","Eusphalerum sasajii Hayashi, 2007"
"オキナワオビジョウカイモドキ","Intybia kawasakii (Nakane, 1956)"
"ピリカツヤミズギワコメツキ","Menoko pirika Kishii, 1994"
"ネブトオノヒゲアリヅカムシ","Bryaxis affinis Sharp, 1883"
"ツブコメツキモドキ","Atomarops lewisi Reitter, 1889"
"イツクシマコバネナガハネカクシ","Lathrobium (Lathrobium) itsukushimanum Y. Watanabe, 2011"
"クロゲンセイ","Stenoria oohatai Morimoto & Maeta, 2009"
"ユノコヤムネスジミギワハネカクシ","Erichsonius (Sectophilonthus) vulgaris Uhlig & Y. Watanabe, 1992"
"ヨモギトビハムシ","Longitarsus (Longitarsus) succineus (Foudras, 1860)"
"エムモンチビヒメハナムシ","Acylomus polygramma rubidus (Flach, 1889)"
"キガシラタマキスイ","Cybocephalus (Cybocephalus) politissimus Reitter, 1898"
"オオチャイロハナムグリ","Osmoderma opicum Lewis, 1887"
"クロオビキノコヒゲナガゾウムシ","Euparius tamui Nakane, 1963"
"ヨナグニダルマガムシ","Hydraena (Hydraena) yonaguniensis Jäch & Díaz, 2003"
"ロッカンメクラチビゴミムシ","Kusumia dentata S. Uéno, 1999"
"コガタクシコメツキ　対馬亜種","Melanotus (Melanotus) erythropygus taishu Kishii, 1994"
"コクロアナアキゾウムシ","Pimelocerus cribratus (Roelofs, 1873)"
"キタチビジョウカイ","Malthodes (Maltharchus) kurosawai Wittmer, 1954"
"ショウモンキノコハネカクシ","Lordithon (Lordithon) limbifer (Fauvel, 1901)"
"ナガセスジチビハネカクシ","Micropeplus hiromasai Y. Watanabe & Y. Shibata, 1964"
"オオクロチビシデムシ　基亜種","Prionochaeta harmandi harmandi Portevin, 1902"
"ラカンツヤムネハネカクシ","Quedius (Microsaurus) cephalotes S. Uéno & Y. Watanabe, 1966"
"ヒロオビフトカッコウムシ","Orthrius binotatus (Fischer von Waldheim, 1829)"
"ルイスニセキノコハネカクシ","Bolitobius parasetiger Schülke, 1993"
"サツマウバタマムシ　吐噶喇亜種","Chalcophora yunnana nakanei Y. Kurosawa, 1974"
"サガミモンマルタマキノコムシ","Agathidium (Neoceble) yukihikoi Hoshina, 1997"
"クニミシモフリコメツキ","Actenicerus (Acnitecerus) kunimi (Kishii, 1966)"
"キリシマチビオオキノコ","Pseudotritoma kirishimensis (Araki, 1943)"
"ニホンカバイロコメツキ","Ectinus nipponicus Kishii, 1979"
"コガタノゲンゴロウ","Cybister (Cybister) tripunctatus lateralis (Fabricius, 1798)"
"リシリツヤムネハネカクシ","Quedius (Raphirus) maruyamai Smetana, 2002"
"キバネツヤヒメカワベハネカクシ","Platystethus (?) quedenfeldti Weise, 1879"
"オオハネスジキノコハネカクシ","Carphacis gigas Schülke, 1995"
"ヒコサンツヤヒラタゴミムシ　関西亜種","Synuchus (Synuchus) hikosanus kobensis (Habu, 1955)"
"ヨシダクビボソジョウカイ","Asiopodabrus (Asiopodabrus) yoshidai (Nakane, 1989)"
"カタモンマルハナノミ","Sacodes amamiensis (M. Satô, 1966)"
"カタナオノヒゲアリヅカムシ","Bryaxis katana Löbl, Kurbatov & Nomura, 1998"
"オオルイメクラチビゴミムシ","Trechiama (Trechiama) ohruii S. Uéno, 1972"
"ムネナガカバイロコメツキ","Ectinus longicollis (Lewis, 1894)"
"ホクリクホソチビマルハナノミ","Nyholmia proprius (Yoshitomi, 2005)"
"ウスバカミキリ　基亜種","Aegosoma sinicum sinicum (White, 1853)"
"ヒラタカクヒメエンマムシ","Margarinotus (Kurilister) kurbatovi (Tishechkin, 1992)"
"ボービエトゲカタビロサルゾウムシ","Augustinus bouvieri (Hustache, 1916)"
"ミヤコリンゴカミキリ","Oberea (Oberea) shirakii Hayashi, 1963"
"ナガヒサゴオチバゾウムシ","Edaphotrypetes parallelipennis Morimoto, 1995"
"フトスジヒメハムシ","Medythia suturalis (Motschulsky, 1858)"
"ズビロシリホソハネカクシ","Tachyporus (Tachyporus) oculatus Sharp, 1888"
"タイワンゴモクムシ","Parophonus (Hyparpalus) formosanus (Jedlička, 1940)"
"イチゴハムシ","Galerucella (Galerucella) grisescens (Joannis, 1865)"
"ニセキボシハナノミ　基亜種","Hoshihananomia katoi katoi Nakane & Nomura, 1957"
"シバタチビコブツノゴミムシダマシ","Byrsax shibatai Masumoto, 1982"
"ヤエヤマトラカミキリ　小笠原諸島亜種","Chlorophorus yayeyamensis boninonautes Fujita, 2023"
"シラホシクチブトノミゾウムシ","Imachra shirozui (Morimoto, 1964)"
"ミドリカミキリ","Chloridolum (Leontium) viride (Thomson, 1864)"
"リュウキュウムナビロツヤドロムシ","Elmomorphus amamiensis Nomura, 1959"
"オガサワラキノコゴミムシダマシ","Platydema kulzeriana Nakane, 1977"
"ツシマヒサゴコメツキ","Homotechnes nodai (Ôhira, 1996)"
"クロサホソヒラタゴミムシ","Trephionus kurosai S. Uéno, 1955"
"ガロアミジンムシ","Arthrolips galloisis (Paulian, 1962)"
"ルイスホソクビアリモドキ","Anthelephila lewisi (Marseul, 1876)"
"クニヨシトゲトゲゾウムシ","Colobodes kuniyoshii Morimoto, 1988"
"シロオビツブカッコウムシ","Allonyx albomaculatus (Lewis, 1892)"
"ヨロンヒメジョウカイモドキ","Holzschuhus yoronensis (Nakane, 1985)"
"アマミニセビロウドカミキリ　沖縄八重山亜種","Acalolepta amamaiana simillima Breuning & K. Ohbayashi, 1966"
"キョウトアイヌケシマグソコガネ","Rakovicius kyotoensis Ochi, Kawahara & Inagaki, 2019"
"ホソハナカミキリ","Leptostrangalia hosohana (Ohbayashi, 1952)"
"オオシマオビハナノミ","Glipa (Macroglipa) oshimana Nomura, 1966"
"オガサワラエグリゴミムシダマシ","Uloma (Uloma) kanekoi Akita & Masumoto, 2017"
"イワサキキンスジカミキリ","Glenea (Glenea) iwasakii Kano, 1933"
"フジツチゾウムシ","Trachyphilus fujisanus Morimoto, 2015"
"ミヤマツチハンミョウ","Meloe (Eurymeloe) kurosawai Okano, Ohnishi, Tojo & Yoshitomi, 2025"
"スジクワガタ　屋久島亜種","Dorcus striatipennis koyamai (Nakane, 1978)"
"ミカワオサムシ　岐阜県中西部亜種","Carabus (Ohomopterus) arrowianus hidaosa Ishikawa & Kubota, 1994"
"チャバネホソアトキリゴミムシ","Paradromius (Manodromius) ruficollis (Motschulsky, 1844)"
"ホソクビナガハムシ","Lilioceris (Lilioceris) parvicollis (Baly, 1873)"
"ハンノヒメコガネ","Anomala multistriata (Motschulsky, 1861)"
"オオヒゲブトハナムグリ","Amphicoma (Toxocerus) splendens (Yawata, 1942)"
"オガサワラオビハナノミ","Glipa (Macroglipa) ogasawarensis Kono, 1928"
"コガタノサビコメツキ　奄美沖縄亜種","Lacon parallelus amamiensis Ôhira, 1967"
"ヒラナガムクゲキスイ","Cryptophilus obliteratus Reitter, 1874"
"モンチビゾウムシ","Nanophyes pallipes Roelofs, 1874"
"チャイロイクビマメゾウムシ","Spermophagus testaceicolor Pic, 1917"
"クロテンビロウドコガネ","Serica niguroguttata Brenske, 1898"
"チャイロヒラナガゴミムシ","Hexagonia sauteri Dupuis, 1912"
"カガカネコメツキ","Gambrinus takabai (Kishii, 1997)"
"カドヤマキクイムシ","Microperus kadoyamaensis (Murayama, 1956)"
"アマミホソノミナガクチキ","Microscapha akitai Ishikawa & Sakai, 2004"
"イシガキシロオビサビカミキリ","Pterolophia (Pterolophia) kaleea kaleea (Bates, 1866)"
"イオウカクマルスナゴミムシダマシ","Brachyidium iwojimae Masumoto, 1991"
"トカラヒメゴモクムシ","Bradycellus (Tachycellus) jaegeri Morita, 1997"
"タツナミソウアシナガトビハムシ","Longitarsus (Longitarsus) scutellariae Ohno, 1968"
"チュウジョウエグリツツキノコムシ","Ennearthron chujoi Nakane & Nobuchi, 1955"
"ウスリーキスイ","Atomaroides ussuricus (Lyubarsky, 1987)"
"カイモンヒメジョウカイモドキ","Attalus (Attalus) kaimon Nakane, 1987"
"クロチャイロクシコメツキ","Melanotus (Melanotus) daruma Kishii, 2004"
"カガミムカシゲンゴロウ","Phreatodytes latiusculus S. Uéno, 1996"
"ホソヒメクロオサムシ　奥多摩亜種","Carabus (Pentacarabus) harmandi okutamaensis Ishikawa, 1966"
"ムニンツヤナガヒラタホソカタムシ","Pycnomerus boninensis Aoki, 2017"
"マルマグソコガネ　基亜種","Mozartius jugosus jugosus (Lewis, 1895)"
"ソバツブハヤシメダカハネカクシ","Stenus brevispinus Naomi, 2015"
"クリシギゾウムシ","Curculio (Curculio) sikkimensis (Heller, 1927)"
"メシマヒメジョウカイモドキ","Kuatunia yamawakii (Nakane, 1985)"
"トゲナシチビケシキスイ","Astylogethes corvinus (Erichson, 1845)"
"ネアカヒメカッコウムシ","Tilloidea notata (Klug, 1842)"
"クズクビボソハムシ","Lema (Lema) diversipes Pic, 1921"
"ホリカワアシブトゾウムシ","Ochyromera horikawai Kojima & Morimoto, 1996"
"ガロアムネスジダンダラコメツキ","Harminius galloisi Miwa, 1928"
"ツシマヘリビロトゲハムシ","Platypria (Platypria) melli Uhmann, 1955"
"クワゾウムシ","Episomus mundus Sharp, 1896"
"ヨコグロケシカミキリ","Exocentrus fisheri Gressitt, 1935"
"ジャクチタテスジコメツキ","Ampedus (Ampedus) jyakuchi Kishii，2004"
"ゴマフキマダラカミキリ","Annamanum griseolum (Bates, 1884)"
"ヒラタヒサゴコメツキ　基亜種","Ascoliocerus saxatilis saxatilis (Lewis, 1894)"
"カスガクビボソジョウカイ　九州亜種","Asiopodabrus (Nakanepodabrus) kasugensis futagami Takahashi, 2012"
"ヤンバルアトモンチビカミキリ　沖縄亜種","Sybra (Sybra) maculiclunis makiharai Fujita, 2023"
"ムネアカクロハナカミキリ","Leptura dimorpha Bates, 1873"
"トウキョウコキクイムシ","Cryphalus parvulus Niijima, 1910"
"クロスジツヤムネハネカクシ","Quedius (Distichalius) annectens Sharp, 1889"
"エビスオチバメダカハネカクシ","Stenus ebisu Naomi, 2006"
"イリオモテクリイロカッコウムシ","Platytenerus iriomotensis Murakami, 2015"
"ツノクロツヤムシ","Cylindrocaulus patalis (Lewis, 1883)"
"タイワンヒゲブトエンマアリヅカムシ","Trissemus (Trissemus) implicitus (Raffray, 1912)"
"チャイロアカサルゾウムシ","Coeliodinus brunneus (Hustache, 1916)"
"オオフタモンミズギワゴミムシ","Bembidion (?) bandotaro Morita, 1991"
"チュウジョウナガタマムシ","Agrilus chujoi Y. Kurosawa, 1985"
"ニセセミゾヨツメハネカクシ","Omalium diffine Sharp, 1889"
"チャマダラチビゲンゴロウ","Hydroglyphus inconstans (Régimbart, 1892)"
"ハデキンオビハナノミ","Variimorda (Variimorda) kurosawai Takakuwa, 2001"
"シナコイチャコガネ","Adoretus sinicus Burmeister, 1855"
"タマキムナビロコケムシ","Cephennodes (Cephennodes) tamaki Hoshina, 2019"
"キタザワハバビロハネカクシ","Megarthrus constrictus Cuccodoro, 1996"
"ノコギリカミキリ　基亜種","Prionus insularis insularis Motschulsky, 1858"
"オキナワオオシバンムシ","Clada okinawana Sakai, 1991"
"ツチイロヤサクチカクシゾウムシ","Metempleurus ogasawarensis Morimoto, 1981"
"アマミミズギワヨツメハネカクシ","Geodromicus (Geodromicus) amamianus (Y. Watanabe, 1990)"
"2): 59-63.","Konishi, M., 1955a. A revision of the Japanese species of the genus Xenomimetes Wollaston, with description of a new species (Col., Curculionidae). Insecta matsumurana, 19(1"
"オオアカバコガシラハネカクシ","Philonthus (Philonthus) spinipes Sharp, 1874"
"イシガキクビボソジョウカイ","Asiopodabrus (Asiopodabrus) ishigakiensis Takahashi, 2012"
"コヒゲボソゾウムシ","Phyllobius (Phyllobius) brevitarsis Kono, 1930"
"キスジヒゲナガゾウムシ","Aphaulimia debilis (Sharp, 1891)"
"キマダラチビカッコウムシ","Isoclerus (Isoclerus) pictus Lewis, 1892"
"カタシロゴマフカミキリ　男女諸島亜種","Mesosa (Perimesosa) hirsuta brevihirsuta Makihara, 1980"
"ウスダンダラコメツキ","Diacanthous ainu (Miwa, 1928)"
"ナガチビマメコメツキ","Quasimus (Quasimus) longulus Kishii, 1970"
"ヒラクラクビボソジョウカイ","Asiopodabrus (Asiopodabrus) hirakura Takahashi, 2012"
"ホソツヤヒゲナガコバネカミキリ　九州亜種","Molorchus (Molorchus) nitida adachii Takakuwa & Fujita, 1981"
"マルケシガムシ","Cercyon (Cercyon) rotundulus Sharp, 1884"
"オオオサムシ　上甑島亜種","Carabus (Ohomopterus) dehaanii koshikicola Imura & Mizusawa, 1995"
"トウキョウムネビロオオキノコ","Microsternus tokioensis Nakane, 1961"
"ヤンバルアトモンチビカミキリ　与那国島亜種","Sybra (Sybra) maculiclunis shoyamai Fujita, 2023"
"エンシュウヒサゴアリヅカムシ","Arthromelodes pilicollis Nomura, 1991"
"ヒメマルヒラタドロムシ","Eubrianax pellucidus Lewis, 1895"
"トラマルケシキスイ","Cyllodes tigrinus Grouvelle, 1914"
"ホソヒゲボソゾウムシ","Phyllobius (Phyllobius) kajigamori Mormoto & Miyakawa, 2006"
"クロクシヒゲボタル","Cyphonocerus watarii M. Satô, 1991"
"ベルンハウアオチバメダカハネカクシ","Stenus testaceopiceus Bernhauer, 1938"
"イリオモテクチブトコメツキ","Silesis iriomotensis Ôhira, 1968"
"ハイバラムカシゲンゴロウ","Phreatodytes haibaraensis M. Kato, 2010"
"クメジマボタル","Nipponoluciola owadai (M. Satô & Kimura, 1994)"
"ヒガシツヤヒサゴゴミムシダマシ","Misolampidius imasakai Akita & Masumoto, 2016"
"ヒジカタオオタマキノコムシ","Leiodes hijikatai Hoshina, 2012"
"シリブトウミハネカクシ","Diaulota uenoi (Sawada, 1955)"
"アマミアカハネハナカミキリ","Formosopyrrhona satoi (Hayashi, 1957)"
"オオホソチビゴミムシ　琉球亜種","Perileptus (Perileptus) laticeps ryukyuensis S. Uéno, 1974"
"カクムネコメツキダマシ","Melasis japonica Hisamatsu, 1963"
"ヒメヒザグロナガメダカハネカクシ","Stenus disterminus Puthz, 1993"
"アシボソコキノコムシ","Mycetophagus (Kovalevius) obsoletesignatus Miyatake, 1968"
"ヒダオオタマキノコムシ","Leiodes hidensis Hoshina, 2014"
"ドンブリタチゲメダカハネカクシ","Stenus domburi Hromádka, 1979"
"チビサクラコガネ","Anomala schoenfeldti Ohaus, 1915"
"ナミハマベエンマムシ　基亜種","Hypocaccus (Baeckmanniolus) varians varians (Schmidt, 1890)"
"モモブトカミキリモドキ","Oedemera (Oedemera) lucidicollis lucidicollis (Motschulsky, 1866)"
"ケシゲンゴロウ","Hyphydrus japonicus japonicus Sharp, 1873"
"イシズチオチバメダカハネカクシ","Stenus inexoratus Puthz, 1993"
"ハヤマナガチビゴミムシ","Trechiama (Trechiama) montisfolii S. Uéno, 2001"
"ウスキイロキクイムシ","Cnestus aterrimus (Eggers, 1927)"
"クロクシヒゲコメツキダマシ","Procladidus coomani Fleutiaux, 1927"
"ナカネヒメテントウ","Sasajiscymnus nakanei (M. Araki, 1963)"
"ツヤゴモクムシ","Trichotichnus (Trichotichnus) leptopus (Bates, 1883)"
"フチグロチビオオキノコ","Tritoma (Tritoma) andoi Narukawa, 2003"
"ダイボサツヒサゴアリヅカムシ　基亜種","Arthromelodes daibosatsuanus daibosatsuanus Nomura, 1991"
"ホンクロホシテントウゴミムシダマシ","Derispia maculipennis (Marseul, 1876)"
"ハッタアメイロカミキリ","Obrium hattai K. Ohbayashi & N. Ohbayashi, 1965"
"ウメノカミキリモドキ　沖縄亜種","Nacerdes (Xanthochroa) umenoi okinawana (Chûjô & M. Satô, 1972)"
"ハナウドゾウムシ","Cneorhinus viridimetallicus (Motschulsky, 1860)"
"セアカチョッキリ","Japanorhynchites sanguinipennis (Roelofs, 1874)"
"ワモントゲトゲゾウムシ","Colobodes ornatus Roelofs, 1875"
"ヤンバルムクゲキノコムシ","Kuschelidium okinawense Sawada & Hirowatari, 2002"
"シナサワグルミノミゾウムシ","Orchestes (Orchestes) miyatakei (Morimoto, 1984)"
"ヒュウガオオタマキノコムシ","Leiodes iwakirii Hoshina, 2012"
"/www.pref.ehime.jp/h15800/1184034_1934.html)","愛媛県県民環境部自然保護課, 2015. 昆虫類.　愛媛県産野生動植物目録. pp.1-103. 愛媛県, (2019年11月6日閲覧　https:"
"ツヤヒメシギゾウムシ","Curculio (Curculio) okumai Morimoto, 1981"
"カガヒメコバネナガハネカクシ","Lathrobium (Lathrobium) kagaense Y. Watanabe & Hoshina, 2003"
"ナガモリヒラタゴミムシ","Agonum (Shibataia) shibataianum (Habu, 1974)"
"クロツブマグソコガネ","Aphodius (Ammoecius) yamato Nakane, 1960"
"エゾクロヒメジョウカイ","Rhagonycha (Rhagonycha) hokkaidoensis Kazantsev & Takahashi, 2001"
"キアシセスジジョウカイ","Lycocerus xanthopus Okushima, 2005"
"ヒメアヤモンチビカミキリ","Neosybra cribrella (Bates, 1873)"
"ジョウカイボン　伊豆亜種","Lycocerus suturellus izuensis (Okushima & M. Satô, 2000)"
"アマミヒゲブトチビシデムシ","Colon (Myloechus) tametomoi Hoshina, 2003"
"シモジマルキマワリ","Amarygmus (Amarygmus) picitarsis (Fairmaire, 1882)"
"トゲトゲハネカクシ","Astenus (Eurysunius) setifer Cameron, 1930"
"ムクゲネスイ","Rhizophagus (Rhizophagus) subvillosus Reitter, 1884"
"ツシマキムネマルハナノミ","Sacodes tsushimensis Yoshitomi, 1997"
"クロサワオオホソカタムシ","Dastarcus kurosawai Sasaji, 1986"
"ツヤヒメヒョウタンゴミムシ","Clivina schillhammeri Balkenohl, 2021"
"ツシマヒロオビジョウカイモドキ","Intybia tsushimensis (M. Satô & N. Ohbayashi, 1968)"
"ヤハズトビハムシ","Dibolia (Dibolia) japonica S.-H. Chen, 1933"
"キタチビハバビロハネカクシ","Proteinus ezoensis Y. Hayashi, 1988"
"ルリテントウダマシ","Endomychus gorhami (Lewis, 1874)"
"ウキクサミズゾウムシ","Tanysphyrus brevipennis Voss, 1953"
"オオトラフコガネ　近畿・中国亜種","Paratrichius doenitzi itoi Tagawa, 1938"
"ヤエヤマホソミズギワハネカクシ","Derops yaeyamanus Kishimoto, 2001"
"クロカタビロナガクチキ","Zilora akitai Nikitsky & M. Saitô, 2014"
"コマルシジミガムシ","Laccobius (Cyclolaccobius) masatakai Kamite, Ogata & Hikida, 2007"
"コヒメコケムシ","Euconnus (Psomophus) debilis (Sharp, 1874)"
"ササキニンフジョウカイ","Asiopodabrus (Asiopodabrus) sasakii Takahashii, 2012"
"ヒスイオオズナガゴミムシ","Pterostichus (Smilodonialoe) omiensis Sekine & Nakase, 2022"
"オオズセダカコクヌスト","Thymalus laticeps Lewis, 1894"
"ヤエヤマクリタマムシ　与那国島亜種","Toxoscelus miwai makiharai Y. Kurosawa, 1977"
"オオナガシンクイ","Heterobostrychus hamatipennis (Lesne, 1895)"
"ガロアクシヒゲツツシバンムシ","Ptilinus galloisi Kono & Kim, 1937"
"ヒラタキイロチビゴミムシ","Trechus (Epaphius) ephippiatus Bates, 1873"
"メダカヒシベニボタル","Punicealis medvedevi (Kazantsev, 1990)"
"ダイトウスジヒメカタゾウムシ","Torishimazo daitoensis (Voss, 1971)"
"クロツヤマルクビハネカクシ","Tachinus (Latotachinus) punctiventris Sharp, 1888"
"クロホシケナガヒゲナガゾウムシ","Habrissus nigronotatus Morimoto, 1981"
"アイヌエンマムシ","Merohister aino (Lewis, 1884)"
"ジャコブソンキクイムシ","Scolytus jacobsoni (Spessivtsev, 1919)"
"チビヒゲボソゾウムシ","Phyllobius (Subphyllobius) variabilis Morimoto & Miyakawa, 2006"
"ナガクモゾウムシ","Euryommatus ellipticus Morimoto & Miyakawa, 1985"
"マツノスジキクイムシ","Hylurgops interstitialis (Chapius, 1875)"
"キンキホソチビマルハナノミ","Nyholmia occidens (Yoshitomi, 2005)"
"クサアリヒゲブトハネカクシ","Aleochara (Xenochara) ichikawai Maruyama, Nozaki & Kamezawa, 2025"
"セグロニセクビボソムシ","Syzeton brunnidorsis (Marseul, 1876)"
"ズカクシノミヒゲナガゾウムシ","Choragus cryptocephalus Sharp, 1891"
"キタケシガムシ","Cercyon (Cercyon) symbion Shatrovskiy, 1989"
"カワチヒメハネカクシ","Atheta (Microdota) kawachiensis Sawada, 1974"
"クチブトコブヒゲナガゾウムシ","Gibber brevirostris (Sharp, 1891)"
"アトマルコブキクイゾウムシ","Xenomimetes rarus Zherichin, 1990"
"アマミヒメハナノミ","Pseudomordellistena amamiensis (Nomura, 1951)"
"ササカワアラゲサルハムシ","Demotina sasakawai Nakane & Kimoto, 1959"
"ヤエヤマキベリクロハナボタル　与那国島亜種","Plateros rufomarginatus yonagunianus Matsuda, 2008"
"マサタカチビジョウカイ","Malthinellus masatakai Takahashi & Takahashi, 2007"
"ムネアカクロジョウカイ","Lycocerus adusticollis (Kiesenwetter, 1874)"
"シロオビサルゾウムシ","Hainokisaruzo nipponensis (Hustache, 1916)"
"ヒメオサムシ　基亜種","Carabus (Ohomopterus) japonicus japonicus Motschulsky, 1858"
"ヒメマルシバンムシ","Cryptoramorphus longiusculus (Reitter, 1877)"
"デルスウザーラホソムクゲキノコムシ","Sikhotelumpia dersuuzalai Polilov, 2008"
"アブクマチビシデムシ","Catops sonei Nishikawa, 1995"
"コブカギアシゾウムシ","Bagous (Macropelmus) tuberculosus O'Brien & Morimoto, 1994"
"クノムラムカシゲンゴロウ","Phreatodytes masumotoi Yanagi & Akita, 2025"
"マダラクチカクシゾウムシ","Cryptorhynchus (Cryptorhynchus) electus (Roelofs, 1875)"
"ハネナシサビカミキリ　基亜種","Neosybra hachijoensis hachijoensis (Hayashi, 1961)"
"トクノシママルムネゴミムシダマシ","Asialassus tokunoshimana (Masumoto & Akita, 2001)"
"モンキモモブトハムシ","Zeugophora flavonotata (Chûjô, 1935)"
"ハイイロハネカクシ","Eucibdelus (Pareucibdelus) japonicus Sharp, 1874"
"オオサカキボシハナノミ","Hoshihananomia pseudohananomi Kiyoyama, 1993"
"クロムネキカワヒラタムシ","Pediacus japonicus Reitter, 1874"
"ホソチビオオキノコ","Triplax japonica Crotch, 1873"
"ヨシダメクラチビゴミムシ","Awatrechus yoshidai S. Uéno, 1969"
"オキナワモリヒラタゴミムシ","Oncostylus kurosai Terada & Morita, 2019"
"ニセタマトビハムシ","Euphitrea nisotroides (S. -H. Chen, 1933)"
"チャグロヒサゴコメツキ","Homotechnes brunneofuscus (Nakane, 1954)"
"エゾクロツヤヒラタコメツキ","Calambus kusuii Ôhira, 1994"
"ウスバカミキリ　奄美沖縄亜種","Aegosoma sinicum adachii Fujita, 2018"
"カタアカチビオオキノコ","Tritoma (Tritoma) kensakui Chûjô, 1955"
"マダラカミキリモドキ","Oedemera (Oncomera) venosa (Lewis, 1895)"
"ツルギヘリハネムシ","Ischalia (Ischalia) toshikoae M. Saitô, 2012"
"クロミスジヒシベニボタル","Greenarus nigripennis (Nakane & Ohbayashi, 1958)"
"シリトゲメダカアリヅカムシ　基亜種","Trisinus uroceratus uroceratus (Nomura, 1991)"
"ミヤマヒサゴコメツキ　亜種14","Homotechnes motschulskyi hiranoi (Ôhira, 1993)"
"ミヤマヒサゴコメツキ　亜種15","Homotechnes motschulskyi hirayuanus Kishii, 2001"
"ミヤマヒサゴコメツキ　亜種12","Homotechnes motschulskyi gyoudou Kishii, 2006"
"ミヤマヒサゴコメツキ　亜種13","Homotechnes motschulskyi hideoanus (Kishii, 1990)"
"ミヤマヒサゴコメツキ　亜種10","Homotechnes motschulskyi fukuinosaitoui (Kishii, 1987)"
"ミヤマヒサゴコメツキ　亜種11","Homotechnes motschulskyi fukuoi Ôhira, 2008"
"アオガネヒメサルハムシ","Nodina chalcosoma Baly, 1874"
"カケガワオサムシ　磐田原亜種","Carabus (Ohomopterus) komiyai matsunagai (Imura, 2008)"
"マルマルケシキスイ","Cyllodes semiglobosus (Reitter, 1884)"
"ダイミョウアトキリゴミムシ","Cymindis (Menas) daimio Bates, 1873"
"ヒメナガキスイ","Cryptophagus longior Grouvelle, 1919"
"ミヤマヒサゴコメツキ　亜種18","Homotechnes motschulskyi ikutanii (Nakane, 1963)"
"ミヤマヒサゴコメツキ　亜種19","Homotechnes motschulskyi iwatensis (Ôhira, 1968)"
"ミヤマヒサゴコメツキ　亜種16","Homotechnes motschulskyi hiromasai (Ôhira, 1968)"
"ミヤマヒサゴコメツキ　亜種17","Homotechnes motschulskyi ibukianus Ôhira, 1997"
"チャイロコナガコメツキ","Mulsanteus rubuginosus (Ôhira, 1966)"
"サカグチクチブトゾウムシ","Oedophrys sakaguchii (Kono, 1930)"
"アミメツツキノコムシ","Syncosmetus reticulatus Miyatake, 1985"
"ニッコウツヤゴモクムシ","Trichotichnus (Trichotichnus) eikoae Morita, 1997"
"エビチャムクゲキノコムシ","Acrotrichis (Flachiana) cursitans (Nietner, 1856)"
"ケブトハナカミキリ　石垣島亜種","Caraphia lepturoides babai Makihara, 1982"
"ヒメコブスジコガネ","Glyptotrox opacotuberculatus (Motschulsky, 1860)"
"クロマルケシキスイ","Cyllodes ater (Herbst, 1792)"
"ウリハムシ","Aulacophora indica (Gmelin, 1790)"
"ヒメコガシラミズムシ","Haliplus (Liaphlus) ovalis Sharp, 1884"
"ビワコカワベナガエハネカクシ","Ochthephilum biwakense T. Ito, 2008"
"オオツマキアオジョウカイモドキ","Malachius (Malachius) bipustulatus (Linnaeus, 1758)"
"キムネカギバラヒゲナガゾウムシ","Xanthoderopygus flavicollis (Morimoto, 1978)"
"ナガホラアナヒラタゴミムシ","Jujiroa elongata S. Uéno, 1955"
"トゲアシヒゲボソゾウムシ","Phyllobius (Odontophyllobius) annectens Sharp, 1896"
"キボシチビコツブゲンゴロウ","Neohydrocoptus bivittis (Motschulsky, 1859)"
"コモンクロアリノスハネカクシ","Zyras (Zyras) optatus (Sharp, 1888)"
"ウミベトガリハネカクシ","Medon prolixus (Sharp, 1874)"
"ナカジマツブゲンゴロウ","Laccophilus nakajimai Kamite, Hikida & M. Satô, 2005"
"マルミズギワゴミムシ","Bembidion (Trichoplataphus) eurygonum Bates, 1883"
"クシヒゲミゾコメツキダマシ","Microrhagus ramosus Fleutiaux, 1902"
"クロカミキリ","Spondylis buprestoides (Linnaeus, 1758)"
"イワサキヌレチゴミムシ","Apatrobus iwasakii Morita, 1987"
"チャバネシモフリコメツキ　基亜種","Actenicerus (Acnitecerus) suzukii suzukii (Miwa, 1928)"
"ヤマトスソハダケハネカクシ","Thinobius (Thinobius) japonicus Naomi, 1995"
"トゲヒメヒラタホソカタムシ","Colobicones sakaii Okada, 2005"
"アシズリハバビロオオハネカクシ","Agelosus masaoi Hayashi, 1991"
"ショウヤマキマワリ","Plesiophthalmus (Plesiophthalmus) shoyamai Akita & Masumoto, 2015"
"ヘリグロデオキスイ","Carpophilus (Ecnomorphus) cingulatus Reitter, 1884"
"ヤマトツヤゴモクムシ","Trichotichnus (Trichotichnus) edai (Jedlička, 1952)"
"ホソアトモンアオゴミムシ","Chlaenius (Ocybatus) junceus Andrewes, 1923"
"クマノクビボソジョウカイ","Asiopodabrus (Asiopodabrus) kumanoensis Takahashi, 2012"
"ナスカヒゲナガゾウムシ","Derisemias tsutsumiuchii Imada, 2019"
"キタノコバウミハネカクシ","Amblopusa brevipes Casey, 1893"
"オキナワクシヒゲボタル　奄美大島亜種","Cyphonocerus okinawanus amamianus Jeng, Yang & M. Satô, 1998"
"ナガサキナガハネカクシ","Lobrathium scabripenne (Sharp, 1874)"
"ジュウジモンハナノミ","Paratomoxia (Metatomoxia) crux (Kono, 1928)"
"コブスジガムシ","Emmidolium excavatum d'Orchymont, 1937"
"アラコガネコメツキ　利尻岳亜種","Selatosomus (Selatosomus) gloriosus rishiriensis Ôhira & Yasuda, 2007"
"ビロウドヒメハナノミ","Falsomordellistena (Falsomordellistenoda) chrysotrichia (Nomura, 1951)"
"アマミヨツスジハナカミキリ　基亜種","Leptura amamiana amamiana Hayashi, 1960"
"クリイロシラホシカミキリ","Nanohammus rufescens Bates, 1884"
"ハサミニセヒゲブトハネカクシ","Hoplandria spiniventris Bernhauer, 1907"
"ニセクロハナボタル","Plateros hasegawai Nakane & Baba, 1961"
"コモリアオホソゴミムシ","Dendrocellus geniculata (Klug, 1834)"
"ヒロマメアリヅカムシ","Morana lata Arai, 2003"
"アマミツツナガハネカクシ","Lobrathium (Lobrathium) amamiense Ito, 1996"
"チビスグリゾウムシ","Pseudocneorhinus minimus Roelofs, 1879"
"リュウキュウルリボシカミキリ　沖縄亜種","Glenea (Glenea) chlorospila okinawensis Makihara, 1988"
"ガンバンナガアシドロムシ","Grouvellinus ganban Hayashi, Kamite & Ogawa, 2024"
"ホンドニセハイイロハナカミキリ","Rhagium (Rhagium) femorale N. Ohbayashi, 1994"
"サビキコリ　対馬亜種","Agrypnus binodulus coreanus Kishii, 1961"
"チュウジョウアシナガトビハムシ","Longitarsus (Longitarsus) ohnoi Gruev, 1995"
"ホソコツブゲンゴロウ","Notomicrus tenellus (Clark, 1863)"
"ナガケシガムシ","Cercyon (Cercyon) setulosus Sharp, 1884"
"イリオモテユミアシゴミムシダマシ","Promethis iriomotensis (M. T. Chûjô, 1979)"
"クロオビヤサクチカクシゾウムシ","Parempleurus nigronotatus Morimoto, 1981"
"トガリバクチブトキクイゾウムシ","Stenoscelis acutipennis Zherikhin, 1991"
"カタバコミズギワゴミムシ","Tachyura (Tachylopha) ovata (Motschulsky, 1851)"
"ヤマトオサムシ　近畿地方中東部亜種","Carabus (Ohomopterus) yamato kinkimontanus (Imura & Mizusawa, 2002)"
"クロツヤミズギワコメツキ","Oedostethus telluris (Lewis, 1879)"
"ワタナベヒロムネヒメハネカクシ","Notothecta watanabei (Sawada, 1989)"
"クロズケシガムシ","Cercyon (Cercyon) nigriceps (Marsham, 1802)"
"タイワンナカボソタマムシ　八重山亜種","Coraebus formosanus nishiyamai Akiyama, 1987"
"アマミマルバネクワガタ　請島亜種","Neolucanus protogenetivus hamaii Mizunuma, 1994"
"ウスモンガマキスイ","Telmatophilus sparganii (Ahrens, 1812)"
"ホソカブトゴミムシダマシ","Bolitophagus reticulatus (Linnaeus, 1767)"
"ヤエヤマオオスナゴミムシダマシ","Gonocephalum (Gonocephalum) kondoi Masumoto, 1983"
"ハイイロカミキリモドキ　小笠原諸島亜種","Eobia (Eobia) cinereipennis ogasawarensis (Matsumura, 1915)"
"トサツツナガハネカクシ","Lobrathium (Lobrathium) takumii T. Ito, 2020"
"フタイロコガシラハネカクシ","Bisnius kobensis (Sharp, 1874)"
"ツシマカクホソカタムシ","Afrorylon shibatai (Sasaji, 1983)"
"2): 47-50.","Habu, A., 1980a. One new Patrobus (Apatrobus) species from Okayama Prefecture, Japan (Coleoptera, Carabidae). Entomological Review of Japan, 34(1"
"アキツチャヅツタマキノコムシ","Hydnobius akitsuensis Hoshina & Sunada, 2003"
"ブランクッチコバネジョウカイ","Trypherus (Trypherus) atratulus Brancucci, 1985"
"シュンイチメクラチビゴミムシ","Trechiama (Trechiama) shunichii Wada & Ashida, 2021"
"ヒメヒラタドロムシ","Mataeopsephus maculatus Nomura, 1957"
"コプニセクビボソムシ","Aderus gibbulus (Marseul, 1876)"
"フトミズギワコメツキ","Futomigiwa rivalioides (Kishiim, 1962)"
"ハラビロヒカゲタマキノコムシ","Cyrtusa antennaria Daffner, 1989"
"シバタアラゲサビカミキリ","Egesina (Niijimaia) shibatai Hayashi, 1962"
"ツヤキアシコガシラハネカクシ","Philonthus (Philonthus) albilabris Nordmann, 1837"
"ホソヒメミズギワヨツメハネカクシ","Lesteva gracilis Y. Watanabe, 1990"
"ミナミイオウヒメカタゾウムシ","Satozo minamiiwoensis Morimoto & Kojima, 2003"
"クロオビトゲムネカミキリ　基亜種","Sciades (Estoliopus) fasciatus fasciatus (Matsushita, 1943)"
"ホクチチビハナカミキリ　本州中部亜種","Alosterna tabacicolor hirayamai Fujita, 2018"
"キュウシュウチビトラカミキリ　奄美亜種","Perissus kiusiuensis yamadai Hayashi, 1962"
"オキナワゴマフカミキリ　八重山亜種","Mesosa (Perimesosa) pictipes yayeyamai Breuning, 1955"
"ミナミチビミズギワゴミムシ","Tachys (Paratachys) impressipennis Motschulsky, 1859"
"クチボソオチバアリヅカムシ","Philoscotus rostralis Nomura, 1988"
"クビボソハネカクシ","Rugilus (Eurystilicus) rufescens (Sharp, 1874)"
"オオハネカクシ","Creophilus maxillosus maxillosus (Linnaeus, 1758)"
"スエヒロタケホソツツキノコムシ","Orthocis schizophylli (Nakane & Nobuchi, 1955)"
"ホラアナヒラタゴミムシ","Jujiroa nipponica (Habu, 1950)"
"オキナワチビジョウカイ","Malthodes (Malthodes) eurypygus N. Takahashi, 2001"
"ウスモンホソオオキノコ","Dacne (Dacne) akitai Narukawa, 1992"
"アマミクロスジツヤムネハネカクシ","Quedius (Distichalius) hideyoi Hayashi, 2012"
"ユワンクチボソコメツキ　基亜種","Glyphonyx (Glyphonyx) yuwancola yuwancola Ôhira, 1971"
"オモトクロクシコメツキ","Melanotus (Spheniscosomus) omotoensis Ôhira, 1966"
"4): 109-112.","Konishi, M., 1956a. On the Japanese species of the genus Stenoscelis Wollaston, with description of a new species (Col., Curculionidae). Insecta matsumurana, 19(3"
"ミゾビロウドコガネ","Hoplomaladera saitoi H. Kobayashi, 1975"
"クロウリハムシ　基亜種","Aulacophora nigripennis nigripennis Motschulsky, 1858"
"オガサワラチャイロカミキリ","Comusia testacea (Gressitt, 1937)"
"クロミズギワヨツメハネカクシ","Geodromicus (Geodromicus) caliginosus (Sharp, 1889)"
"イシハラエグリツツキノコムシ","Ennearthron ishiharai Miyatake, 1954"
"ナガオキクイムシ","Xyleborus nagaoensis Murayama, 1934"
"ヒゴナガゴミムシ","Pterostichus (Sphodroferonia) higonis Kasahara, 1994"
"オオフタホシヒメゾウムシ","Nespilobaris metabasimaculata Yoshihara, 2016"
"イチョウヒゲビロウドカミキリ","Acalolepta ginkgovora Makihara, 1992"
"ニッポンセスジダルマガムシ","Ochthebius (Ochthebius) nipponicus Jäch, 1998"
"シコクチャイロコガネ","Sericania shikokuana Nakane, 1954"
"ナガズハネカクシ","Cephalochetus rufus (Cameron, 1918)"
"アブクマナガゴミムシ","Pterostichus (Nialoe) nishiyamai Kasahara, 1986"
"ミツヒダアリモドキ","Nitorus trigibber (Marseul, 1876)"
"ヒラタクチキムシダマシ","Prostominia lewisi Reitter, 1889"
"アイオイオオコバネナガハネカクシ","Lathrobium (Lathrobium) aioiense Y. Watanabe, 2002"
"フクダクビボソジョウカイ","Asiopodabrus (Asiopodabrus) fukudai (Nakane & Makino, 1990)"
"クロヒメハネカクシ","Atheta (Coprothassa) melanaria (Mannerheim, 1830)"
"オガサワラネブトクワガタ　基亜種","Aegus ogasawarensis ogasawarensis Okajima & Kobayashi, 1975"
"クロナガクチキ","Melandrya (Emmesa) atricolor Lewis, 1895"
"ヤリオノヒゲアリヅカムシ","Bryaxis yari Löbl, Kurbatov & Nomura, 1998"
"オオマルケシゲンゴロウ","Hydrovatus bonvouloiri Sharp, 1882"
"モンクロアカマルケシキスイ","Neopallodes hilleri (Reitter, 1877)"
"ヨツモンサルハムシ","Basilepta amamiensis Chûjô, 1957"
"サツマスジボタル　基亜種","Curtos satsunanus satsunanus Kawashima, 2025"
"サンゴアリヅカムシ","Pedisinops regulus (Sawada, 1991)"
"ツマキクビボソハネカクシ","Rugilus (Rugilus) japonicus Y. Watanabe, 1961"
"7/18","日本産甲虫の科別属種数　2025"
"ミドリカメノコハムシ","Cassida erudita Baly, 1874"
"オオアラゲサルハムシ","Demotina major Chûjô, 1958"
"ヒメフチトリアツバコガネ","Phaeochrous tokaraensis Nomura, 1961"
"タイワンナガケシデオキノコムシ","Scaphoxium taiwanum Löbl, 1980"
"ミワハナボタル","Plateros miwai M. Satô & N. Ohbayashi, 1968"
"ホソヒメジョウカイモドキ","Attalus (Attalus) elongatulus Lewis, 1895"
"ハイマツアトマルキクイムシ","Dryocoetes pini Niijima, 1909"
"ミナミギザチビドロムシ","Byrrhinus satoi Yoshitomi & Hayashi, 2021"
"ムネアカシワハムシダマシ","Anisostira elegans Chûjô, 1959"
"セダカアリヅカムシ","Saltisedes brunneus Kubota, 1944"
"カラフトオニヒラタシデムシ","Thanatophilus lapponicus (Herbst, 1793)"
"ツヤナシトドマツカミキリ","Tetropium gracilicorne takakuwai Hirayama, 2018"
"ツヤクサアリアリヅカムシ","Dendrolasiophilus concolor (Sharp, 1883)"
"オオフタホシマグソコガネ","Aphodius (Aphodius) elegans Alliberi, 1847"
"カブトムシ　久米島亜種","Trypoxylus dichotomus inchachina (Kusui, 1976)"
"チビキノコゴミムシダマシ","Platydema sylvestris Lewis, 1894"
"サメハダキコメツキ","Xanthopenthes granulipennis (Miwa, 1929)"
"モリヤシロオビチビカミキリ","Sybra (Sybra) basialbofasciata Hayashi, 1972"
"ニセマツシバンムシ","Episernus analis Kiesenwetter, 1879"
"アマミトゲヒゲトラカミキリ","Demonax semixeniscus Hayashi, 1962"
"ヒメクシヒゲアリヅカムシ","Sognorus breviceps (Sharp, 1883)"
"タイワンツヤコメツキモドキ","Caenolanguria insularis Miwa & Chûjô, 1937"
"コブバネゴマフカミキリ","Mesosa (Metamesosa) nomurai Hayashi, 1964"
"ルイスホソクビゴミムシ","Brachinus (?) lewisi Bates, 1873"
"クナシリオニアリヅカムシ","Batrisodes (Batrisodes) vargus Kurbatov, 1992"
"ミズガキクビボソジョウカイ","Asiopodabrus (Asiopodabrus) mizugakiensis Takahashi, 2012"
"アキヤマクリタマムシ","Toxoscelus akiyamai Y. Kurosawa, 1977"
"タデノクチブトサルゾウムシ","Rhinoncus sibiricus Faust, 1893"
"ヒコサンヒメジョウカイモドキ","Hypomixis hikosanus (Takakura, 1988)"
"カタキハナカミキリ","Pedostrangalia (Neosphenalia) femoralis (Motschulsky, 1861)"
"コホネゴミムシダマシ","Phaleromela subhumeralis (Marseul, 1876)"
"フタモンマルクビゴミムシ","Nebria (Eunebria) pulcherrima pulcherrima Bates, 1873"
"マメカタビロメダカハネカクシ","Stenus concinnus Sharp, 1889"
"マダラハスジゾウムシ","Adosomus (Pseudoadosomus) granulosus (Mannerheim, 1825)"
"アマミセスジダルマガムシ","Ochthebius (Ochthebius) amami Yoshitomi & M. Satô, 2001"
"サツマウバタマムシ　奄美亜種","Chalcophora yunnana insularis Théry, 1908"
"40): 45-47.","大平仁夫・福井修二, 1993. 島根県・鳥取県のコメツキムシ類の分布記録（1）. すかしば, (39"
"ヒメコブハムシ","Chlamisus diminutus (Gressitt, 1942)"
"カワチゴミムシ　本州以南亜種","Diplous (Diplous) sibiricus caligatus Bates, 1873"
"キュウシュウハラクボアリヅカムシ","Batriscenellus (Batriscenellus) kujumontanus Nomura, 1991"
"フタマタオチバメダカハネカクシ","Stenus bifurcatus Naomi, 2011"
"カワツブアトキリゴミムシ","Amphimenes piceolus Bates, 1873"
"カサガタオオコバネナガハネカクシ","Lathrobium (Lathrobium) kasagatanum Y. Watanabe, 2002"
"セッツシリホソハネカクシ","Tachyporus (Tachyporus) frontalis Cameron, 1933"
"ホソカミキリ　屋久島亜種","Distenia gracilis yakushimana Yokoyama, 1966"
"クロツヤツツヒラタムシ","Passandra okinawana Aoki, 2008"
"76): 8.","笠原須磨生・伊東善之, 1987. サトウナガゴミムシを黒尊で採集. 甲虫ニュース, (75"
"オオシマアオハナムグリ　口永良部島亜種","Protaetia (Niponoprotaetia) exasperata erabuana Nomura, 1964"
"ホソフタホシヒメゾウムシ","Nespilobaris parabasimaculata (Morimoto & Lee, 1992)"
"ムツキボシテントウ","Oenopia scalaris (Timberlake, 1943)"
"ニセセスジヒゲブトハネカクシ","Aleochara (Triochara) zerchei (Assing, 1995)"
"ニッポンカギアシゾウムシ","Bagous (Macropelmus) nipponensis O'Brien & Morimoto, 1995"
"ツヤチャイロコメツキ","Haterumelater bifoveolatus (Miwa, 1927)"
"ツヤヒメキノコムシ","Sphindus brevis Reitter, 1879"
"エチゴアオミズギワゴミムシ","Bembidion (Ocydromus) echigonum Habu & Baba, 1957"
"ヒゲナガカワベハネカクシ","Bledius (Pucerus) orphanus Sharp, 1874"
"オオミネツヤチビシデムシ","Apterocatops ennogyojya Harusawa, 2005"
"スゲヒメゾウムシ","Limnobaris albosparsa Reitter, 1910"
"アマミムクゲテントウダマシ","Stenotarsus oshimanus Nakane, 1981"
"ダイセンオサムシ　基亜種","Carabus (Ohomopterus) daisen daisen (Nakane, 1953)"
"ハハジマヒメカタゾウムシ　南部亜種","Ogasawarazo (Ogasawarazo) mater rufipes Morimoto, 2015"
"ツシママダラテントウ","Afissa chinensis (Weise, 1912)"
"オオオサムシ　本州中部亜種","Carabus (Ohomopterus) dehaanii puctatostriatus Bates, 1873"
"チャバネコハナコメツキ","Ryukyucardiophorus loochooensis (Miwa, 1934)"
"キタヒゲナガアリヅカムシ","Pselaphus heisei Herbst, 1792"
"オオサクラケブカハムシ","Pyrrhalta takeii (Chûjô, 1950)"
"クロチビマルクビハネカクシ","Coproporus scitulus (Weise, 1877)"
"ホソアカバコガシラハネカクシ","Philonthus (Philonthus) variipennis Kraatz, 1859"
"オキナワチビヒョウタンゾウムシ","Myosides okinawanus Morimoto & Lee, 1993"
"ハラジロカツオブシムシ","Dermestes (Dermestinus) maculatus DeGeer, 1774"
"ヒトツノツツキノコムシ","Paraxestocis unicornis Miyatake, 1954"
"コウイチヒメカネコメツキ","Limonius kouichiana (Kishii, 1989)"
"アナバネムネトゲアリヅカムシ","Batrisodes punctipennis (Sharp, 1883)"
"ヤエヤマフタホシヒメゾウムシ","Nespilobaris yaeyamaensis Yoshihara, 2016"
"オガサワラクチブトキクイゾウムシ","Stenoscelis ogasawarensis Inoue, 2025"
"オガタマンマルトビハムシ","Cangshanaltica ogatai Takemoto & Suenaga, 2021"
"ミヤマナガゴミムシ　基亜種","Pterostichus (Nialoe) rhanis rhanis (Tschitschérine, 1902)"
"エゾシリブトヨツメハネカクシ","Eudectus japonicus Zerche, 1990"
"オクヒダクビボソジョウカイ","Asiopodabrus (Japanopodabrus) okuhidanus (Takahashi & Kiriyama, 2000)"
"ヤチダモノナガキクイムシ","Crossotarsus niponicus Blandford, 1894"
"カミムラツチゾウムシ","Trachyphilus kamimuranus Morimoto, 2015"
"タゾエナガタマムシ","Agrilus tazoei Y. Kurosawa, 1985"
"アカバマルタマキノコムシ","Agathidium (Neoceble) rufescens (Portevin, 1905)"
"シバタカレキゾウムシ","Acicnemis shibatai Voss, 1971"
"ニセキボシヒラタケシキスイ","Omosita japonica Reitter, 1874"
"ゴマダンメクラチビゴミムシ","Kusumia longicollis S. Uéno, 1999"
"ツシマヒメナガゴミムシ","Pterostichus (Micronialoe) kaniei Morita, 2005"
"ヒラタサビキコリ","Agrypnus bipapulatus (Candèze, 1865)"
"ツチイロヒョウタンゾウムシ","Ptochus (Ptochus) obscuripes Motschulsky, 1866"
"ヒメホソケブカメダカハネカクシ","Stenus strobilus Ryvkin, 2002"
"カラフトヨツスジハナカミキリ","Leptura quadrifasciatus Linnaeus, 1758"
"メダカルリイクビチョッキリ","Deporaus (Caenorhinus) sawadai Izawa, 2021"
"アイヌケシマグソコガネ","Rakovicius ainu (Lewis, 1895)"
"タマツツハムシ","Adiscus lewisii (Baly, 1873)"
"ヤマウチチャイロコガネ　四国亜種","Sericania yamauchii mochizukii Kobayashi, 2014"
"アマミクロテントウゴミムシダマシ","Ades nishii Akita & Masumoto, 2013"
"キタクロチビマルハナノミ","Contacyphon padi (Linnaeus, 1758)"
"フドウノミネクロチビジョウカイ","Malthodes (Maltharchus) fudonominenus Takahashi, 2024"
"ナイダイジンキクイムシ","Coccotrypes longior (Eggers, 1927)"
"ウスアカコガシラヒメハネカクシ","Plataraea (Plataraea) brunnea (Farbricius, 1798)"
"ニホンアリガタハネカクシ","Paederus (Paederus) japonicus Bernhauer, 1915"
"ゴマフサビカミキリ　八重山亜種","Ropica loochooana hayashii Breuning, 1958"
"ガロアニセクビボソムシ","Gompelia galloisi (Pic, 1910)"
"クリタマムシ　吐噶喇亜種","Toxoscelus auriceps tokarensis Y. Kurosawa, 1977"
"ムラサキアシナガトビハムシ","Longitarsus (Longitarsus) boraginicolus Ohno, 1968"
"ナガケシゲンゴロウ","Hydroporus uenoi Nakane, 1963"
"ハラビロヒサゴアリヅカムシ","Arthromelodes dilatatus (Raffray, 1909)"
"ツチイロフトヒゲカミキリ","Dolophrades terrenus Bates, 1884"
"イノウエスジコガネ","Mimela inouei Nomura, 1967"
"ダイセツヌレチゴミムシ","Minypatrobus darlingtoni S. Uéno, 1955"
"ヒダカコチビシデムシ","Sciodrepoides hidakai (Jeannel, 1950)"
"チョウセンヒラタクワガタ","Dorcus consentaneus (Albers, 1886)"
"キバネクロズトガリハネカクシ","Lithocharis ochracea (Gravenhorst, 1802)"
"ヤエヤマメカクシゾウムシ","Mechistocerus yaeyamensis Morimoto, 1987"
"ヤマトヒラタアリヤドリ","Homoeusa japonica Sharp, 1874"
"オオシマメクラチビゴミムシ","Kurasawatrechus ohshimai S. Uéno, 1952"
"ハコネサシゲマルトゲムシ","Curimopsis (Curimopsis) hakonensis Kitano, 2017"
"アキタクビボソジョウカイ","Asiopodabrus (Asiopodabrus) akitai Takahashi, 2012"
"ウンゼンミズギワゴミムシ","Bembidion (Peryphanes) dostali Kirschenhofer, 1984"
"フジキクイムシ","Hylastes ambiguus Blandford, 1894"
"ヤクシマクチボソコメツキ","Glyphonyx (Glyphonyx) kurosawai Nakane & Kishii, 1958"
"2): 47-54.","Naomi, S., 1988c. Studies on the subfamily Steninae from Japan I. New or little known species of the genus Dianous Leach (Coleoptera: Oxyporidae). Transactions of the Shikoku Entomological Society, 19(1"
"ヤマトミジンキスイ","Propalticus japonicus Nakane, 1966"
"キアシルリオオズカッコウムシ","Cylidrus cyaneus (Fabricius, 1787)"
"クロヒメコキクイムシ","Hypothenemus tristis (Eichhoff, 1876)"
"タイワンミイロキノコツヤケシハネカクシ","Pseudatheta taiwanensis Pace, 2008"
"コブバネサビカミキリ　沖縄亜種","Pterolophia (Ale) gibbosipennis kunishoshii Hayashi, 1968"
"ケチビコフキゾウムシ","Sitona hispidulus (Fabricius, 1777)"
"トウホクホソチビマルハナノミ","Nyholmia tohokuanus (Yoshitomi, 2005)"
"オオジュウゴホシテントウ","Harmonia dimidiata (Fabricius, 1781)"
"シンシュウヒメハナカミキリ　基亜種","Pseudopidonia hayakawai hayakawai (Kuboki, 2001)"
"キイロミゾアシノミハムシ　基亜種","Hemipyxis foveolata foveolata (Chûjô, 1958)"
"シロオビマルカツオブシムシ","Anthrenus (Anthrenus) nipponensis Kalík & N. Ohbayashi, 1985"
"ホソキスジノミハムシ","Phyllotreta rectilineata Chen, 1939"
"オキナワナガクシヒゲムシ","Callirhipis (Callirhipis) kurosawai M. Satô, 1995"
"アオマルガタミズギワゴミムシ","Bembidion (Plataphus) gebleri nakanei Jedlička, 1965"
"ウスモンオトシブミ","Leptapoderus (Pseudoleptapoderus) balteatus (Roelofs, 1874)"
"シセンクロテントウ","Telsimia sichuanensis Pang & Mao, 1979"
"ツユキクロホソジョウカイ","Lycocerus tsuyukii (Takahashi, 1992)"
"サキモリノミハナカミキリ","Omphalodera sakimori (Kuboki, 2015)"
"ナミモンコキノコムシ","Mycetophagus (Micromycetophagus) reitteri Nikitsky, 2008"
"コクロナガオサムシ　基亜種","Carabus (Leptocarabus) arboreus arboreus Lewis, 1882"
"ヘリムネヒラタケシキスイ","Epuraea (Epuraea) marseuli Reitter, 1872"
"アムールホテイアリヅカムシ","Reichenbachia ignobile Kurbatov, 1992"
"オグニメクラチビゴミムシ","Trechiama (Trechiama) planipennis S. Uéno, 1995"
"アラキヒメテントウ","Scymnus (Pullus) puellaris M. Araki, 1964"
"リュウキュウカレキゾウムシ","Acicnemis ryukyuana Lewis, 2023"
"アカジマトラカミキリ","Akajimatora bellus (Matsumura & Matsushita, 1933)"
"アサヒナヒラタチビタマムシ","Habroloma (Parahabroloma) asahinai Y. Kurosawa, 1959"
"イハマルヒラタドロムシ","Eubrianax ihai Chûjô & M. Satô, 1970"
"ヤエヤマヒメボタル","Luciola (Luciola) filiformis yayeyamana Matsumura, 1918"
"ニセホソキヒラタケシキスイ","Epuraea (Epuraea) rubronotata Reitter, 1873"
"クロゴミムシダマシ","Neatus picipes (Herbst, 1797)"
"アオハマキチョッキリ","Aspidobyctiscus (Eobyctiscus) coerulans (Voss, 1929)"
"キモトヒメクモゾウムシ","Telephae kimotoi Morimoto, 1960"
"コモンヒメヒゲナガゾウムシ","Rhaphitropis guttifer guttifer (Sharp, 1891)"
"オキナワコブヒゲチビジョウカイ","Frostia (Frostia) deguchii Takahashi, 2017"
"キイロホソゴミムシ","Drypta (Drypta) fulveola Bates, 1883"
"ワモンサビカミキリ","Pterolophia (Hylobrotus) annulata (Chevrolat, 1845)"
"ワタナベクチカクシゾウムシ","Watanabezo unguiculatus Morimoto, 2002"
"マルヤマツヤケシゴミハネカクシ","Rhomphocallus maruyamai Assing, 2003"
"ヘコムネホソカタムシ","Neotrichus cavatus Aoki, 2009"
"ライヒメテントウ","Axinoscymnus rai H. Kamiya, 1965"
"ニホンキマワリ　大隅諸島亜種","Plesiophthalmus (Plesiophthalmus) nigrocyaneus yakushimanus Yamazaki, 1964"
"オガサワラキイロトラカミキリ　聟島亜種","Chlorophorus kobayashii masatakai Niisato & Karube, 2006"
"モンカギアシゾウムシ","Bagous (Macropelmus) subvittatus O'Brien & Morimoto, 1994"
"キイツヤチビシデムシ","Apterocatops kiimontanus Harusawa, 2005"
"キアシマメメダカハネカクシ","Stenus dissimilis Sharp, 1874"
"コマルムネゴミムシダマシ　琉球亜種","Nalassus (Nalassus) brunnea konoi (Nakane, 1963)"
"エサキヒシガタクモゾウムシ","Abrimoides esakii (Morimoto, 1958)"
"ニッコウカクムネヨツメハネカクシ","Archaeoboreaphilus nikkoensis (Sawada, 1964)"
"イチハシオチバメダカハネカクシ","Stenus ichihashii Naomi, 2006"
"ヒロヨシチビマメコメツキ","Quasimus (Quasimus) hiroyoshii Ôhira, 1998"
"オオウロコアリヅカムシ","Apharinodes papageno Nomura, 1989"
"クロルリハナカミキリ","Anoplodera (Anoploderomorpha) monticola (Nakane, 1955)"
"ラインアシナガコガネ","Hoplia (Euchromoplia) reinii Heyden, 1879"
"キュウシュウホソヒラタゴミムシ","Trephionus kyushuensis Habu, 1978"
"カブトムシ　口永良部島亜種","Trypoxylus dichotomus tsuchiyai Nagai, 2006"
"クリイロムクゲキスイ","Biphyllus throscoides (Wollaston, 1874)"
"キタエンマハバビロガムシ","Sphaeridium lunatum Fabricius, 1792"
"チャヒメヒョウタンゴミムシ","Clivina westwoodi Putzeys, 1866"
"イトウメクラチビゴミムシ","Trechiama (Trechiama) itoi S. Uéno, 1995"
"オキナワハナボタル","Plateros nakachii Nakane, 1961"
"チビコキクイムシ","Hypothenemus eruditus Westwood, 1836"
"アオヒゲナガクチブトゾウムシ","Eumyllocerus gratiosus Sharp, 1896"
"アイヌキンオサムシ　道央道東亜種","Carabus (Megodontus) kolbei aino Rost, 1908"
"クロナギサハネカクシ","Bryothinusa nigra Liu, Ono & Maruyama, 2021"
"コブスジケシキスイ","Lasiodites tuberculifera (Reitter, 1873)"
"スオウクロコメツキ","Ampedus (Ampedus) kaorutanakai Kishii, 2004"
"ヨナグニミナミボタル","Drilaster flavocephalicus Kawashima, Satou & M. Satô, 2005"
"サキシマカレキゾウムシ","Acicnemis shigematsui Morimoto & Miyakawa, 1995"
"シコクカクムネコメツキダマシ","Melasis shikokensis Hisamatsu, 1985"
"ムラヤマムネコブサビカミキリ","Rhytiphora bankii (Fabricius, 1775)"
"チャイロコメツキ　琉球亜種","Haterumelater bicarinatus shibatai Ôhira, 1968"
"ハモンドミズギワヨツメハネカクシ","Geodromicus (Geodromicus) hammondi (Y. Watanabe, 1990)"
"チュウジョウナガゴミムシ","Pterostichus (Nialoe) chujoi Habu, 1959"
"ニシクロジョウカイ","Lycocerus infuscatus (Yajima & Nakane, 1969)"
"サタサビカミキリ　基亜種","Neosybra mizoguchii mizoguchii (Hayashi, 1956)"
"トドデオキスイ","Carpophilus (Megacarpolus) triton Murray, 1864"
"クシヒゲヒラタコメツキ　亜種","Orithales serraticornis yatsuensis Kishii, 1966"
"リュウノメクラチビゴミムシ","Awatrechus hygrobius S. Uéno, 1955"
"ヨツモンコキノコムシ","Mycetophagus (Ulolendus) hiranoi M. Saitô, 2013"
"トゲナカミゾコメツキダマシ","Dirrhagofarsus modestus (Fleutiaux, 1923)"
"マルナガアシドロムシ","Grouvellinus subopactus Nomura, 1962"
"キノカワヒラタゴミムシ","Sericoda bogemanni (Gyllenhal, 1813)"
"オオツヤホソゴミムシダマシ","Menephilus arciscelis Marseul, 1876"
"ヤクシマヒメハナノミ","Glipostenoda retusa Nomura, 1967"
"フタフシセマルキスイ","Sternodea japonica Sasaji, 1984"
"サナゲヒメコバネナガハネカクシ","Lathrobium (Lathrobium) volkeri Senda, 2024"
"チシマクロヒメジョウカイ","Rhagonycha (Rhagonycha) kurilica Wittmer, 1971"
"エノキコメツキダマシ","Dyscharachthis amplicollis (Fleutiaux, 1923)"
"ヒシモンナガタマムシ","Agrilus discalis E. Saunders, 1873"
"タキザワクロヒメジョウカイ","Rhagonycha (Rhagonycha) takizawai Kazantsev & Takahashi, 2001"
"ユワンダケスジツヤチビハネカクシ","Edaphus siluvius Puthz, 2010"
"ザウターカレキゾウムシ","Acicnemis sauteri Hubenthal, 1917"
"ケブカマグソコガネ","Aphodius (Brachiaphodius) eccoptus Bates, 1889"
"ツヤモンホソアリモドキ","Clavicollis shibatai (Nomura, 1962)"
"カタモンセマルナガクチキ","Spilotus quadrimaculatus (Nomura, 1959)"
"カラフトヒラタナガシンクイ","Stephanopachys sachalinensis (Matsumura, 1911)"
"ヤスマツホナシゴミムシ","Perigona (Perigona) yasumatsui Habu, 1953"
"ムネマダラトラカミキリ　八丈島亜種","Xylotrechus (Xylotrechus) grayii hachijoensis (Takakuwa, 1984)"
"キイロテントウダマシ","Saula japonica Gorham, 1874"
"オキナワナカボソタマムシ","Coraebus loochooensis Kano, 1929"
"メンノキクビボソジョウカイ","Asiopodabrus (Asiopodabrus) mennokiensis Takahashi, 2012"
"ヤシマホソヒラタゴミムシ","Trephionus chujoi Habu, 1961"
"タイワンオビハナノミ","Glipa (Macroglipa) formosana Pic, 1911"
"ヒメアマミビロウドコガネ","Maladera (?) inadai H. Kobayashi, 2010"
"キョウトハヤシメダカハネカクシ","Stenus incommodus Puthz, 1993"
"ニセジュウジベニボタル　四国亜種","Eulopheros harmandi shikokuanus (Nakane, 1969)"
"ヒゲナガカミキリ","Monochamus (Monochamus) grandis Waterhouse, 1881"
"ウエノマルズハネカクシ","Domene (Macromene) uenoi Ito, 2021"
"アムールナガメダカハネカクシ","Stenus amurensis Eppelsheim, 1886"
"ヨロンホソヒメジョウカイモドキ","Attalus (Attalus) takizawai Asano, 2018"
"クロジュズヒゲアリヅカムシ","Centrotoma prodiga Sharp, 1874"
"スケナガクシコメツキ","Melanotus (Melanotus) sukenagai Kishii, 1986"
"テングアリヅカムシ","Tenguobythus nasalis Arai & Nomura, 2007"
"ヨシダミズギワゴミムシ","Bembidion (Ocydromus) yoshidai Morita, 2009"
"イチハシチビサビキコリ","Adelocera ichihashii Ôhira, 1978"
"オキナワクロハナボタル","Plateros ookii Matsuda, 2023"
"サキシマナギサハネカクシ","Bryothinusa sakishimana Sawada, 1991"
"スズカヌレチゴミムシ","Apatrobus narukawai Morita, 1989"
"チュウジョウキスジノミハムシ","Phyllotreta chujoe Madar, 1959"
"リュウキュウダエンマルトゲムシ","Chelonarium ohbayashii M. Satô, 1964"
"ヨツボシカミキリ","Stenygrinum quadrinotatum Bates, 1873"
"ホソクビアリモドキ　琉球亜種","Anthelephila bramina tokaraensis (Nomura, 1962)"
"ムナビロヒメマキムシ","Dienerella (Dienerella) costulata (Reitter, 1877)"
"ヤエヤママルヒラタドロムシ","Eubrianax manakikikuse M. Satô, 1964"
"イクビツヤゴモクムシ","Trichotichnus (Iridessus) orientalis (Hope, 1845)"
"セスジムクゲキスイ","Biphyllus marmoratus (Reitter, 1889)"
"リュウジンメクラチビゴミムシ","Kusumia latior S. Uéno, 1999"
"イワキツヤハダコメツキ","Scutellathous ozakii Ôhira, 1992"
"アカケシツブゾウムシ","Smicronyx (Smicronyx) dentirostris Morimoto & Lee, 1992"
"チビマルハナノミ","Contacyphon variabilis (Thunberg, 1787)"
"ミヤマヨコミゾコブゴミムシダマシ","Usechus sasajii M. Saitô, 1999"
"ヒルガタケクビボソジョウカイ","Hatchiana hirugatakensis (Takahashi, 1992)"
"ネブトクワガタ　本土亜種","Aegus laevicollis subnitidus Waterhouse, 1873"
"クサマオビハナノミ","Glipa (Macroglipa) kusamai Takakuwa, 1999"
"ノリマサキクイムシ","Coccotrypes norimasanus (Murayama, 1954)"
"クロホシタマクモゾウムシ","Egiona picta (Roelofs, 1875)"
"アジアヒゲブトハネカクシ","Aleochara (Xenochara) asiatica Kraatz, 1859"
"ダイセンザンツチゾウムシ","Trachyphilus daisenzanus Morimoto, 2015"
"セグロチビオオキノコ","Pseudotritoma laetabilis (Lewis, 1887)"
"ベンザイテンヒカゲタマキノコムシ","Cyrtusa sarasvati Hoshina, 1998"
"シロアリヒゲカタアリヅカムシ","Tmesiphoromimus couloni Inoue, Maruyama & Nomura, 2020"
"ザウターオノヒゲアリヅカムシ","Bryaxis sauteri Raffray, 1909"
"メンノキダルマガムシ","Hydraena (Hydraena) chifengi Jäch & Díaz, 1999"
"ヤクシマクロチビジョウカイ　伊豆諸島亜種","Malthodes (Hiranous) yakushimanus izuinsulicola N. Takahashi, 2001"
"オキナワコモンキノコゴミムシダマシ","Spiloscapha hiraii Masumoto & Akita, 2001"
"アマミスジキノコシバンムシ","Stagetomorphus amamiensis Sakai, 1979"
"ネアカツツナガクチキ","Hypulus cingulatus Lewis, 1895"
"ミカドクビブトメダカハネカクシ","Stenus mikado Hromádka, 1979"
"コクロマメゲンゴロウ","Platambus insolitus (Sharp, 1884)"
"オオクロエグリゴミムシダマシ","Uloma (Uloma) polita (Wiedemann, 1821)"
"アオドウバネコガシラハネカクシ","Philonthus (Philonthus) rotundicollis (Ménétriés, 1832)"
"ムネアカメダカカミキリ　本土亜種","Stenhomalus (Stenhomalus) incongruus muneaka Hayashi, 1981"
"キアシツマキジョウカイ","Malthinus (Malthinus) humeralis Kiesenwetter, 1874"
"オオノコギリホソヒラタムシ","Pseudonausibius maximus (Grouvelle, 1913)"
"ウバタマムシ　基亜種","Chalcophora japonica japonica (Gory, 1840)"
"ババナガクチカクシゾウムシ","Rhadinomerus babai Morimoto, 1987"
"ヨツキボシカミキリ","Epiglenea comes comes Bates, 1884"
"エラハリムネトゲアリヅカムシ　四国亜種","Petaloscapus temporalis yoshidai Nomura, 2001"
"ヒゲナガマルタマキノコムシ","Agathidium (Neoceble) longicorne Portevin, 1908"
"ウスアヤカミキリ　男女群島亜種","Bumetopia oscitans adachii Fujita, 2023"
"ダモンホソコガシラハネカクシ","Gabrius damon Smetana, 1984"
"チョウセンムツボシタマムシ","Chrysobothris (Chrysobothris) pulchripes Fairmaire, 1887"
"オガサワラシロクチカクシゾウムシ","Eutyrhinus kojimai (Morimoto, 1981)"
"ミヤマクシヒゲベニボタル","Macrolycus (Cerceros) montanus Nakane, 1967"
"スジビロウドコガネ","Maladera (Omaladera) cariniceps (Moser, 1915)"
"シマバラゴミハネカクシ","Oxypoda (Podoxya) shimabarana Bernhauer, 1939"
"シナノエンマコガネ","Onthophagus (Onthophagus) bivertex Heyden, 1887"
"イシガキゴマフカミキリ　宮古亜種","Mesosa (Mesosa) yonaguni praelongipes Kusama & Irie, 1976"
"ホソキリンゴカミキリ","Oberea (Oberea) infranigrescens Breuning, 1960"
"アナムネミゾコメツキダマシ","Thambus curvicarina Hisamatsu, 1956"
"アイノカツオゾウムシ","Lixus (Dilixellus) maculatus Roelofs, 1873"
"シナノクロフカミキリ　伊豆諸島亜種","Asaperda agapanthina confultis Komiya, 1984"
"アラメコケホソハネカクシ","Silusa (Silusa) punctipennis Sharp, 1888"
"アカガシノキクイムシ","Leptoxyleborus concisus (Blandford, 1894)"
"マツウラヒゲナガアリヅカムシ","Pselaphogenius patrius Nomura, 1999"
"タイワンナカボソタマムシ　沖縄島亜種","Coraebus formosanus heikichii Akiyama, 1987"
"アカアシヒゲナガゾウムシ","Araecerus tarsalis Sharp, 1891"
"ウエノコマルテントウダマシ","Idiophyes uenoi Sasaji, 1990"
"イシダナガツヤゴモクムシ","Trichotichnus (Trichotichnus) ishidai N. Ito, 1996"
"シバタマルクビハネカクシ","Tachinus (Tachinus) javanus Cameron, 1937"
"ハネアカカネコメツキ","Gambrinus rufipennis (Lewis, 1894)"
"ミヤマツヤヒラタゴミムシ　四国亜種","Synuchus (Synuchus) montanus shikokuensis Habu, 1978"
"オオヒラタコクヌスト","Peltis gigantea (Reitter, 1882)"
"アカアリヅカエンマムシ","Haeterius gratus Lewis, 1884"
"ムネナガマルガタゴミムシ","Amara (Amara) communis (Panzer, 1797)"
"ホテイオチバメダカハネカクシ","Stenus hotei Naomi, 1998"
"モリアリヅカムシ","Tychus crassicornis Raffray, 1909"
"カンノウツチゾウムシ","Trachyphilus kannohi Morimoto, 2015"
"ウオズミコバネナガハネカクシ","Lathrobium (Lathrobium) uozumii Y. Watanabe, 2002"
"コブツヤナガヒラタホソカタムシ","Pycnomerus strumiger Aoki, 2017"
"マガタマハンミョウ","Apterodela ovipennis (Bates, 1883)"
"モンシロハネカクシダマシ","Euryplatus quadrinotatus (Gorham, 1873)"
"アイヌキンオサムシ　基亜種","Carabus (Megodontus) kolbei kolbei Roeschke, 1897"
"セダカコクヌスト","Thymalus parviceps Lewis, 1894"
"ツヤメクラチビゴミムシ","Ishikawatrechus nipponicus Habu, 1950"
"ハネビロアトキリゴミムシ","Lebia (Nipponolebia) duplex Bates, 1883"
"オキナワマダラホソカタムシ","Trachypholis okinawensis Nakane, 1991"
"コゲチャクシヒゲタマキノコムシ","Anisotoma frontalis (Portevin, 1927)"
"ミチノクシモフリコメツキ","Actenicerus (Acnitecerus) nempta Kishii, 1996"
"ムネアカホソベニボタル","Dilophotes ohirai (Ohbayashi, 1956)"
"ヒゲブトハナムグリ","Amphicoma (Amphicoma) pectinata (Lewis, 1895)"
"コゴモクムシ","Harpalus (Pseudoophonus) tridens Morawitz, 1862"
"シコクミズギワコメツキ","Fleutiauxellus (?) kurotai Ôhira, 1992"
"ホソチビコクヌスト","Lophocateres pusillus Klug, 1883"
"チュウジョウコメツキモドキ","Paederolanguria cyanea (Chûjô, 1967)"
"クロズジュウジアトキリゴミムシ","Lebia (Lebia) cruxminor cruxminor (Linné, 1758)"
"ヒメナカボソタマムシ　屋久・奄美亜種","Coraebus iriei yoshimotoi Y. Kurosawa, 1985"
"ヘリトゲヨツメハネカクシ","Acruliopsis denticollis (Sharp, 1889)"
"クロヒメヒラタホソカタムシ","Synchita tokarensis (Nakane, 1963)"
"クロモンフトヒゲナガゾウムシ","Xylinada japonica japonica (Sharp, 1891)"
"コバヤシツヤゴモクムシ","Trichotichnus (Trichotichnus) kobayashie Habu, 1957"
"チュウジョウトラカミキリ　八重山諸島亜種","Xylotrechus (Xylotrechus) chujoi ishigakianus (Ohbayashi, 1964)"
"ニセキボシハナノミ　小笠原諸島亜種","Hoshihananomia katoi boninensis Nomura, 1975"
"キイロヒメハムシ","Epiluperodes ryukyuana Kimoto & Gressitt, 1966"
"キボシヒメゾウムシ　基亜種","Anthinobaris kiboshi kiboshi (Nakane, 1963)"
"カタモンコガネ","Exomala (Taxipertha) conspurcata (Harold, 1878)"
"キタキイロネクイハムシ","Macroplea mutica (Fabricius, 1792)"
"ウシオヒメハネカクシ","Adota magnipennis (Bernhauer, 1943)"
"リュウキュウヒメツノゴミムシダマシ","Cryphaeus satoi Kaszab, 1964"
"ネキクロコメツキ","Ampedus (Ampedus) mannerheimi W. Suzuki, 2013"
"キタクロハナカミキリ　本州亜種","Leptura akitai chihiroae Fujita, 2018"
"ヒメフタテンハラブトメダカハネカクシ","Stenus recurvatus Naomi, 2015"
"オオクシヒゲコメツキ","Tetrigus lewisi Candèze, 1873"
"ウスアオクチブトゾウムシ","Lepidepistomus elegantulus (Roelofs, 1873)"
"クロサマメゴモクムシ","Stenolophus (Stenolophus) kurosai Tanaka, 1962"
"ヒラタアリヤドリ","Homoeusa prolongata Sawada, 1970"
"セスジチビシデムシ","Nipponemadus torigaii (Nakane, 1956)"
"ヒメマルカツオブシムシ","Anthrenus (Nathrenus) verbasci (Linnaeus, 1767)"
"アカボシホソアリモドキ","Sapintus (Sapintus) sodalis (Pic, 1895)"
"ムーアシロホシテントウ","Calvia muiri (Timberlake, 1943)"
"ドイメクラチビゴミムシ","Ishikawatrechus doiensis S. Uéno & Naitô, 2008"
"ビロウドアシナガオトシブミ","Calolabus (Calolabus) cupreus (Roelofs, 1874)"
"ハラオビキノコハネカクシ","Bobitobus principalis (Sharp, 1888)"
"アオキガハラクビボソジョウカイ","Asiopodabrus (Asiopodabrus) aokigaharaensis Takahashi, 2012"
"チャイロニセコガシラハネカクシ","Bisnius germanus (Sharp, 1874)"
"カックミメクラチビゴミムシ","Accoella thermalis S. Uéno, 1995"
"アオバホソハムシ","Apophylia viridipennis (Jacoby, 1885)"
"エゾクチブトサルゾウムシ","Rhinoncus bruchoides (Herbst, 1784)"
"オオヒラタケシキスイ","Epuraea (Aphenolia) pseudosoronia (Reitter, 1884)"
"フタスジハナカミキリ","Etorofus (Nakanea) vicaria (Bates, 1884)"
"ツヤアトキリアリヅカムシ","Batraxis splendida Nomura, 1986"
"クロケブカナガハムシダマシ","Macrolagria robusticeps (Lewis, 1895)"
"チャイロヒゲボソコキノコムシ","Eulagius ussuriensis Nikitsky, 1988"
"アシマガリダルマガムシ","Hydraena (Hydraena) curvipes Jäch & Díaz, 2012"
"アツミオオズナガゴミムシ","Pterostichus (Smilodonialoe) atsumidakensis Sasakawa & Mitsuduka, 2023"
"ヒメヨツメキクイムシ","Polygraphus parvulus Murayama, 1956"
"ハクサンカタホソヨツメハネカクシ","Philydrodes (Philydrodes) takabai Hayashi, 2022"
"オキナワトビサルハムシ　九州亜種","Trichochrysea okinawana meridiojaponica Y. Komiya, 1985"
"ハセガワヒラタゴミムシ","Agonum (Agonum) hasegawai (Habu, 1975)"
"ルイスハナムグリヨツメハネカクシ","Eusphalerum lewisi (Cameron, 1930)"
"オオナガコメツキ　基亜種","Orthostethus sieboldi sieboldi (Candèze, 1873)"
"イリオモテクシヒゲジョウカイ","Laemoglyptus iriomotoensis Witter, 1972"
"ミツマタマルガタゴミムシ","Amara (Zezea) plebeja (Gyllenhal, 1810)"
"アカスジナガムクゲキスイ","Cryptophilus hiranoi Sasaji, 1984"
"ウメノアカハネムシ","Pseudopyrochroa umenoi (Kono, 1936)"
"シバタナガゴミムシ","Pterostichus (Nialoe) shibatai Ishida, 1961"
"サキシマアオカナブン","Rhomborhina (Rhomborhina) hamai Nomura, 1964"
"カントウツチゾウムシ","Trachyphilus kantoanus Morimoto, 2015"
"イラクサヒメゾウムシ","Baris urticae Yoshihara, 2016"
"カンムリヤマメクラゴミムシ","Ishikawatrechus pubithoracis S. Uéno, 2002"
"アトモンマルケシカミキリ","Exocentrus lineatus Bates, 1873"
"ナカネヒメハナノミ","Falsomordellistena (Falsomordellistenoda) aurofasciata (Nakane, 1949)"
"ペテガリメクラチビゴミムシ","Trechiama (Trechiama) minutus S. Uéno, 1971"
"アルマンオニアリヅカムシ","Batrisodes (Pubimodes) harmandi Raffray, 1904"
"オオホソルリハムシ","Phratora (Phyllodecta) grandis (Chûjô, 1956)"
"ニシカワクサアリアリヅカムシ","Dendrolasiophilus nishikawai Nomura, 2008"
"ヤスオツチゾウムシ","Trachyphilus yasuoi Morimoto, 2016"
"ヘリアカシモフリコメツキ　屋久島亜種","Actenicerus (Acnitecerus) aerosus miyanouranus (Kishii, 1968)"
"オオシマセンチコガネ　基亜種","Phelotrupes (Eogeotrupes) oshimanus oshimanus (Fairmaire, 1895)"
"キスジホソハムシ","Prasocuris phelloandrii (Linnaeus, 1758)"
"チュウゼンジベニボタル","Xylobanellus tenuis (Kono, 1932)"
"キイロヒラタカメノコハムシ","Notosacantha nishiyamai Y. Komiya, 2002"
"シロヘリトラカミキリ","Anaglyptus (Aglaophis) colobotheoides (Bates, 1884)"
"ヒメミヤマメダカゴミムシ","Notiophilus aquaticus (Linné, 1758)"
"クロホシキノコヒゲナガゾウムシ","Euparius modicus yaeyamanus Morimoto, 1978"
"オオクシヒゲビロウドムシ","Pseudodendroides niponensis (Lewis, 1887)"
"サダメクラチビゴミムシ","Rakantrechus (Pilosotrechiama) peninsularis S. Uéno & Naitô, 2008"
"トックリモドキナガゴミムシ","Dicaelindus ryukyuensis Habu, 1978"
"オオダイヒラタコケムシ","Veraphis odaigaharensis Jałoszyński & Hoshina, 2005"
"タイワンシリグロハネカクシ","Astenus (?) taiwanus T. Ito, 1996"
"カスリドウボソカミキリ　沖永良部島亜種","Pothyne variegata okinoerabua Takakuwa & Kusama, 1979"
"コンボウヒゲブトハネカクシ","Tetrabothrus japonicus Nakane, 1991"
"カドムネニセオオキバハネカクシ","Pseudoxyporus biguttatus (Sharp, 1889)"
"キマダラコメツキ","Gamepenthes pictipennis (Lewis, 1894)"
"マルヒメツヤドロムシ","Zaitzeviaria ovata (Nomura, 1959)"
"トノミネメクラチビゴミムシ","Trechiama (Trechiama) crassilobatus S. Uéno, 1977"
"シロスジトゲバカミキリ","Rondibilis (Rondibilis) femorata Gressitt, 1938"
"ヒメクロルリゴミムシダマシ","Metaclisa nagaii Nakane, 1968"
"コガタホソヒゲヒメハナムシ","Litochrus (Litochrus) minutus Hisamatsu, 1985"
"オキナワキムネマルハナノミ","Sacodes okinawana Yoshitomi, 2005"
"コヤマトヒゲブトアリヅカムシ　九州中央部亜種","Diartiger fossulatus hirashimai Nomura, 1997"
"ヒメツヤマルガタゴミムシ","Amara (Reductocelia) lucens Baliani, 1943"
"アワズメクラチビゴミムシ","Trechiama (Trechiama) subparallelus S. Uéno, 1980"
"ツシマツヤゴミムシダマシ","Scaphidema haruhiae M. T. Chûjô, 1985"
"チビヒメキクイゾウムシ","Phloeophagosoma (Phloeophagosoma) minutum Wollaston, 1873"
"ウスイロサルハムシ","Basilepta pallidula (Baly, 1874)"
"ホソルリハムシ","Phratora (Phratora) obtusicollis Motschulsky, 1860"
"アマミシロホシテントウ","Calvia parvinotata (Miyatake, 1959)"
"ヒラタケホソメクラチビゴミムシ","Daiconotrechus (Tsuiblemus) breviculus S. Uéno, 2007"
"セミスジコブヒゲカミキリ　基亜種","Rhodopina lewisii lewisii (Bates, 1873)"
"モンナシキノコハネカクシ","Lordithon (Lordithon) optatus (Sharp, 1888)"
"ヨツメツヤシデムシモドキ","Camioleum loripes Lewis, 1893"
"カンナツヤムネハネカクシ","Quedius (Microsaurus) troglodytes S. Uéno & Y. Watanabe, 1966"
"シロアナアキゾウムシ","Hesychobius vossi (Chûjô, 1959)"
"ヒダカヌレチゴミムシ","Minypatrobus hidakanus Zamotajlov & Morita, 2001"
"ヨコダケヒメマルトゲムシ","Horiella franzi Pütz, 2003"
"ナガヒラタハムシ","Brontispa longissima (Gestro, 1885)"
"シロジュウゴホシテントウ","Calvia quindecimguttata (Fabricius, 1777)"
"ヨツモンヒラタケシキスイ","Atarphia quadripunctata Reitter, 1884"
"ヒシガタシギゾウムシ","Shigizo rhombiformis Morimoto, 1981"
"ウメチビタマムシ","Trachys inconspicuus E. Saunders, 1873"
"エッペルハイムヒメハネカクシ","Atheta (Atheta) allocera Eppelsheim, 1893"
"ヤエヤマコオナガミズスマシ","Orectochilus (Orectochilus) yayeyamensis M. Satô, 1971"
"イリエホソコバネオオハナノミ","Nephrites obscurus Tôyama & Hatayama, 1985"
"キイロアシブトゾウムシ","Endaeus flavidus Kojima & Morimoto, 1995"
"トカラコハナコメツキ","Ryukyucardiophorus tokarensis Kishii, 1976"
"アシナガアリヅカムシ","Labomimus reitteri Sharp, 1883"
"クロホソヒラタコメツキ","Corymbitodes concolor (Lewis, 1894)"
"クロツヤムネスジハネカクシ","Hesperus (Hesperus) ignoratus Ito, 1994"
"クロマメゲンゴロウ","Platambus stygius (Régimbart, 1899)"
"カワノメクラチビゴミムシ","Trechiama (Trechiama) kawanoi S. Uéno, 1975"
"ツカモトフトヒラタコメツキ","Liotrichus (Acteniceromorphus) tsukamotoi Kishii, 1966"
"オオダイヒメクチキムシ","Mycetochara (Ernocharis) oodaigaharaensis Akita & Masumoto, 2014"
"サンインヒラタコケムシ","Veraphis tottoriensis Jałoszyński & Hoshina, 2005"
"トシイエウスゲガムシ","Oosternum toshiiei Hoshina & M. Satô, 2004"
"カツヤニセクチブトコメツキ","Lanecarus katsuyai Ôhira, 2003"
"ナガヨツメハネカクシ","Acidota crenata japonica Y. Watanabe, 1990"
"ツヤチビホソアリモドキ","Clavicollis laevipennis (Marseul, 1877)"
"オオハマボウノコキクイムシ","Ernoporus corpulentus (Sampson, 1919)"
"クリストフコトラカミキリ","Plagionotus christophi (Kraatz, 1879)"
"ササジノミゾウムシ","Orchestes (Orchestes) sasajii Kojima & Morimoto, 2007"
"キクスイモドキカミキリ　基亜種","Asaperda rufipes rufipes Bates, 1873"
"ミヤコマドボタル","Pyrocoelia miyako Nakane, 1981"
"フタイロチビジョウカイ","Malthinellus bicolor Kiesenwetter, 1874"
"ヤコンオサムシ　近畿地方北部亜種","Carabus (Ohomopterus) yaconinus sotai Ishikawa & Kubota, 1994"
"チビクロモンキノコハネカクシ","Bobitobus niponensis (Cameron, 1933)"
"ホッカイケブカメダカハネカクシ","Stenus finalis Ryvkin, 2011"
"キバラチビオオキノコ","Triplax flaviventris Tôyama & Kinugasa, 1986"
"アカバナガエハネカクシ","Monocrypta pectoralis (Sharp, 1874)"
"ツタウルシノコキクイムシ","Cryphalus rhusii Niijima, 1909"
"2): 13-18.","Ishida, H., 1961b. Paralianoe Ishida from Shikoku, Japan (Coleoptera: Harpaliidae). Transactions of the Shikoku Entomological Society, 7(1"
"コケノクチカクシゾウムシ","Protacallodes masumotoi Morimoto, 2011"
"ハナニンフジョウカイ","Asiopodabrus (Asiopodabrus) hana (Nakane & Makino, 1990)"
"オオカマヒゲアリヅカムシ","Bythoxenites major Tanokuchi, 1990"
"ナガマルガタゴミムシ","Amara (Curtonotus) macronota Solsky, 1875"
"イリオモテマルクビハネカクシ","Tachinus (Tachinoderus) iriomotensis L. -Z. Li, 1994"
"オトシブミ","Apoderus jekelii Roelofs, 1874"
"ヒメイネゾウムシ","Echinocnemus phytonomoides (Voss, 1953)"
"コウヤホソハナカミキリ","Strangalia koyaensis Matsushita, 1933"
"ズグロメダカハネカクシ 琉球亜種","Stenus flavidulus paederinus Champion, 1924"
"ヒメスジコガネ","Mimela flavilabris (Waterhouse, 1875)"
"ヤクシマチャイロヒゲビロウドカミキリ","Acalolepta masatakai Makihara, 2003"
"ウエノマルマグソコガネ　九州亜種","Mozartius uenoi hadai Kawai, 2003"
"サツナンヒラタゴミムシ","Platynus (Batenus) satsunanus Habu, 1974"
"クメホソクシコメツキ","Priopus kume Kishii, 2004"
"ヤエヤマクシヒゲボタル","Cyphonocerus yayeyamensis M. Satô, 1976"
"セスジツツホソカタムシ","Carbothrus hiranoi (Aoki, 2008)"
"ミツモンハナノミ","Mordellaria triguttata Nomura, 1961"
"アバスホソコガシラハネカクシ","Gabrius abas Smetana, 1984"
"ミジンヒメハネカクシ","Atheta (Microdota) sublaevigata Bernhauer, 1907"
"フタテンハラブトメダカハネカクシ","Stenus bicolon Sharp, 1889"
"オオタキサンオオコバネナガハネカクシ","Lathrobium (Lathrobium) ohtakisanum Y. Watanabe, 2010"
"クビナガヨツボシゴミムシ","Tinoderus singularis (Bates, 1873)"
"イガホソヒラタゴミムシ　基亜種","Trephionus igai igai S. Uéno, 1955"
"エゾヒゲボソケシキスイ","Kateretes takagii S-T. Hisamatsu, 2006"
"ウスキホシテントウ","Oenopia hirayamai (Yuasa, 1963)"
"ズンドウメクラチビゴミムシ","Trechiama (Trechiama) kuznetsovi S. Uéno & Lafer, 1992"
"オキナワヒゲカタアリヅカムシ","Tmesiphorus okinawensis Inoue, Maruyama & Nomura, 2019"
"ヒロアシタマノミハムシ","Sphaeroderma tarsatum Baly, 1874"
"ヨツアナツヤムネハネカクシ","Quedius (Microsaurus) tenellus (Gravenhorst, 1806)"
"アオハナムグリ　基亜種","Cetonia (Eucetonia) roelofsi roelofsi Harold, 1880"
"アイノハバビロハネカクシ","Megarthrus aino Cuccodoro, 1996"
"ハセガワトラカミキリ","Teratoclytus plavilstshikovi Zaitzev, 1937"
"アマミクロヘリアトキリゴミムシ","Parena (Parena) amamiooshimensis Habu, 1964"
"コウノヒメクモゾウムシ","Telephae konoi Morimoto, 1960"
"ホリカワクビボソジョウカイ","Asiopodabrus (Asiopodabrus) horikawai (Takahashi & Okushima, 1999)"
"ミエクビアカジョウカイ","Lycocerus watanabei (Ishida & M. Satô, 1993)"
"ジャロスジンスキイキスイ","Cryptophagus jaloszynskii Otero & Pereira, 2018"
"ニセセマルケシマグソコガネ","Psammodius maruyamai Ochi, Kawahara & Inagaki, 2011"
"トゲヒゲトラカミキリ","Demonax transilis Bates, 1884"
"ヒゲナガマメゾウムシ","Bruchidius lautus (Sharp, 1886)"
"イネネクイハムシ","Donacia (Cyphogaster) provostii Fairmaire, 1885"
"アマミコキノコムシ","Mycetophagus (Ulolendus) amamianus Nakane, 1989"
"キバネカミキリモドキ","Nacerdes (Xanthochroa) luteipennis (Marseul, 1877)"
"チャイロナガケシゲンゴロウ","Hydroporus umbrosus (Gyllenhal, 1808)"
"マツモトチビゴミムシ","Trechus (Epaphius) matsumotoi S. Uéno, 1984"
"リュウキュウズビロキマワリモドキ　吐噶喇亜種","Gnesis purpurascens tokaranus Akita & Masumoto, 2013"
"ヒメアカハネムシ","Pseudopyrochroa rufula (Motschulsky, 1866)"
"セスジケブカサルハムシ","Fidia kiiensis (Ohno, 1958)"
"ヒラタクワガタ　沖永良部島亜種","Dorcus titanus okinoerabuensis (Fujita & Ichikawa, 1985)"
"ヨツボシホソアリモドキ","Stricticollis valgipes (Marseul, 1875)"
"ニセオオアオモリヒラタゴミムシ","Metacolpodes amoenulus (Jedlicka, 1934)"
"ノトマルタマキノコムシ","Agathidium (Cyphoceble) hayashii Hoshina, 1999"
"チャイロヒゲビロウドカミキリ","Acalolepta kusamai Hayashi, 1969"
"リュウトウナガゴミムシ","Pterostichus (Nialoe) tahirai Kasahara, 1992"
"オオルリヒメハムシ","Taphinellina nobyi (Chûjô, 1954)"
"ササジクチブトトゲムネサルゾウムシ","Xenysmoderodes sasajii Yoshitake & Itô, 2007"
"ナカスジカレキゾウムシ","Acicnemis suturalis Roelofs, 1875"
"オオツカクロコメツキ","Ampedus (Ampedus) ohtsukai Ôhira, 1988"
"ハチジョウクシコメツキ","Melanotus (Melanotus) hachijoensis Ôhira, 1969"
"ヤクシマヨツスジハナカミキリ","Leptura yakushimana (Tamanuki, 1942)"
"ホソヒメクロオサムシ　八溝山亜種","Carabus (Pentacarabus) harmandi kojii (Imura & Mizusawa, 2002)"
"ウスカバイロコメツキ　基亜種","Chatanayus ishiharai ishiharai (Nakane & Kishii, 1954)"
"オオヤマメクラチビゴミムシ　基亜種","Trechiama (Trechiama) cornutus cornutus S. Uéno, 1983"
"アイヌツツハムシ","Cryptocephalus (Asionus) hirtipennis Faldermann, 1835"
"クシヒゲニセクビボソムシ","Picemelinus flabellicornis (Pic, 1910)"
"ナミモンニセナガカッコウムシ","Xenorthrius consimilis Gerstmeier & Eberle, 2010"
"ヨツバアラゲツツキノコムシ","Acanthocis quadridentatus Nobuchi and Wada, 1959"
"ナカグロケシツブゾウムシ","Smicronyx (Smicronyx) japonicus Morimoto & Matoba, 2009"
"ツシマチビマメコメツキ","Quasimus (Quasimus) tsushimensis Kishii, 1970"
"ヤエヤマクリイロコガネ","Miridiba hirsuta T. Itoh, 2001"
"コクロナガオサムシ　富士箱根丹沢亜種","Carabus (Leptocarabus) arboreus fujisanus Bates, 1883"
"イチモンジハムシ","Morphosphaera japonica (Hornstedt, 1788)"
"ヒトスジオオハナノミ","Metoecus paradoxus (Linnaeus, 1761)"
"アンドウメクラチビゴミムシ","Rakantrechus (Paratrechiama) andoi S. Uéno, 1959"
"トカラアシナガトビハムシ","Longitarsus (Longitarsus) tokaranus Nakane & Kimoto, 1961"
"カクムネクロヒメジョウカイ","Rhagonycha (Rhagonycha) angulosa Kazantsev, 1994"
"マトバクチボソコメツキ","Glyphonyx (Glyphonyx) matobai Kishii, 1974"
"ヤマトタマムシ　男女群島亜種","Chrysochroa fulgidissima adachii Akiyama & Ohmomo, 1998"
"クロアシヒゲナガハナノミ","Epilichas atricolor Lewis, 1895"
"キョウガタケツチゾウムシ","Trachyphilus kyogatakeanus Morimoto, 2015"
"ツシマムナクボカミキリ　奄美沖縄亜種","Cephalallus unicolor ryukyuensis Makihara, 2003"
"クロツヤクサアリハネカクシ","Pella comes (Sharp, 1874)"
"アマクサメクラチビゴミムシ","Stygiotrechus miyamai S. Uéno, 2009"
"ツマグロツツシンクイ","Elateroides dermestoides (Linnaeus, 1761)"
"ルリバネウリハムシ","Aulacophora loochooensis Chûjô, 1957"
"ウィットマーヒラタケシキスイ","Epuraea (Micruria) wittmeri Jelinek, 1979"
"オニクワガタ　南九州亜種","Prismognathus angularis morimotoi Y. Kurosawa, 1975"
"ヤシオサゾウムシ","Rhabdoscelus fissicauda (Chevrolat, 1885)"
"エゾホソアトキリゴミムシ","Dromius (Dromius) matsudai Habu, 1952"
"セスジケシガムシ","Asiacyon aequalis (Sharp, 1884)"
"ツシマヒゲブトムネトゲアリヅカムシ","Petaloscapus hirashimai Nomura, 2022"
"ウンゼンアバタコバネハネカクシ　基亜種","Nazeris suensoni suensoni Bernhauer, 1936"
"ケマダラケシキスイ","Xenostrongylus variegatus (Fairmaire, 1891)"
"クロマルズオオハネカクシ","Ocypus (Pseudocypus) nigroaeneus Sharp, 1889"
"クロアミメベニボタル","Xylobanus niger Ohbayashi, 1954"
"エゾコバネナガハネカクシ","Lathrobium (Lathrobium) ezoense Y. Watanabe, 2013"
"イワキチビオオキノコ","Tritoma (Tritoma) ozakii Narukawa, 2000"
"サクラコガネ","Anomala daimiana Harold, 1877"
"カクムネスジナガハネカクシ","Pseudolathra (Pseudolathra) regulare (Sharp, 1889)"
"オオアオモリヒラタゴミムシ","Metacolpodes buchannani (Hope, 1831)"
"アヤモンヒメナガクチキ","Holostrophus (Paraholostrophus) orientalis Lewis, 1895"
"カムイハナムグリヨツメハネカクシ","Eusphalerum kamui Y. Watanabe, 1990"
"コガタヒラアシコメツキ","Sephilus tanakai Kishii, 1992"
"オキナワアオグロカミキリモドキ","Ischnomera okushimai Švihla, 1997"
"オキナワダルマタマキノコムシ","Creagrophorus yukihikoi Hoshina, 2016"
"ハギキノコゴミムシ　日本亜種","Coptodera (Coptoderina) flexuosa subapicalis Putzeys, 1877"
"アカグロムクゲキスイ","Biphyllus lewisi (Reitter, 1889)"
"ミイロキノコツヤケシハネカクシ","Pseudatheta crenulicauda (Bernhauer, 1907)"
"ツキガタマメコガネ","Popillia insularis Lewis, 1895"
"モンクチビルテントウ","Platynaspis maculosa Weise, 1910"
"オオヒメテントウ","Sasajiscymnus pilicrepus (Lewis, 1896)"
"アソメクラチビゴミムシ","Rakantrechus (Paratrechiama) asonis S. Uéno, 1974"
"グルーベルホソチビヒラタムシ","Leptophloeus convexiusculus (Grouvelle, 1877)"
"オオオサムシ　九州山地南部亜種","Carabus (Ohomopterus) dehaanii kumaso Imura & Mizusawa, 1995"
"クロコガシラナガハネカクシ","Tetartopeus fulvipes (Adachi, 1955)"
"ヤマグチコキクイムシ","Cryphalus yamaguchii Inouye & Nobuchi, 1957"
"イシガキフナガタクチキムシ","Isomira (Isomira) ishigakiensis Hanatsuka, Masumoto & Kon, 2005"
"ヒメゴミムシダマシ","Alphitobius laevigatus (Fabricius, 1781)"
"フタテンクチヒゲハネカクシ","Silusa (Silusa) biimpressa Bernhauer, 1907"
"ニセコチビゴミムシ　基亜種","Epaphiopsis (Epaphiama) brevis brevis S. Uéno, 1978"
"クロナガハナゾウムシ","Bradybatus (Bradybatus) sharpi Tournier, 1873"
"アオオサムシ　関東平野多摩川以北亜種","Carabus (Ohomopterus) insulicola kantoensis Ishikawa & Ujiie, 2000"
"メクラゲンゴロウ","Morimotoa phreatica S. Uéno, 1957"
"ヒメカツオブシムシ","Attagenus (Attagenus) unicolor japonicus Reitter, 1877"
"アマミキイロトラカミキリ","Chlorophorus amami Hayashi, 1968"
"ヘリアカデオキノコムシ","Scaphidium reitteri Lewis, 1879"
"ナガサキヒメコバネナガハネカクシ","Lathrobium (Lathrobium) monticola Sharp, 1889"
"キモンハナカミキリ","Leptura duodecimguttata Fabricius, 1801"
"ササジホソナガゴミムシ","Pterostichus (Phonias) sasajii Morita, 2007"
"アカハネムシ","Pseudopyrochroa vestiflua (Lewis, 1887)"
"アマミカバイロコメツキ","Insuliectinus amami Kishii, 1984"
"オオツノクモゾウムシ","Chirozetes hiraii (Nakane, 1963)"
"カントウハネナガヨツメハネカクシ","Olophrum subsolanum Y. Watanabe, 1990"
"ヒラタヒサゴコメツキ　北海道亜種","Ascoliocerus saxatilis expansicornis (Lewis, 1894)"
"クリイロナガマルキスイ","Atomaria (Atomaria) pilifera Reitter, 1877"
"ワタナベオビハナノミ","Glipa (Stenoglipa) watanabei Takakuwa, 2000"
"コブスジサビカミキリ","Atimura japonica Bates, 1873"
"ヒメテントウダマシ","Clemmus abbreviatus (Reitter, 1889)"
"ナカジロサビカミキリ　基亜種","Pterolophia (Ale) jugosa jugosa (Bates, 1873)"
"ダイセツミズギワゴミムシ","Bembidion (Plataphodes) daisetsuzanum Habu, 1958"
"エゾサビカミキリ","Pterolophia (Pterolophia) tsurugiana (Matsushita, 1934)"
"アイヌミズギワゴミムシ","Bembidion (Nipponobembidion) ainu Habu & Baba, 1968"
"ウスグロボタル","Cyphonocerus inelegans Nakane, 1967"
"ヒメツヤケシコケホソハネカクシ","Silusa (Silusa) rorida Sharp, 1888"
"ルイスケシマキムシ","Melanophthalma (Melanophthalma) transversalis (Gyllenhal, 1827)"
"ヒコサンクロボシハムシ","Gonioctena (Sinomela) hikosana Kimoto, 1974"
"マダラヒメゾウムシ","Baris scolopacea Germar, 1819"
"アマクサコキクイムシ","Hypothenemus amakusanus (Murayama, 1934)"
"ヤクシマナガオチバアナアキゾウムシ","Leptanchonus yakushimanus Morimoto, 2009"
"アサマカタホソヨツメハネカクシ","Philydrodes (Minyphilydrodes) asamanis Y. Watanabe, 1990"
"ハシモトチビマルハナノミ","Calvarium hashimotorum (Yoshitomi, 1998)"
"ヒラタナガエンマムシ","Apobletes schaumei Marseul, 1860"
"ルリムネオオニジゴミムシダマシ","Euhemicera japonica (Masumoto, 1983)"
"ヒメフチトリゲンゴロウ","Cybister (Cybister) rugosus (W. S. MacLeay, 1825)"
"18): 35-41.","森本　桂, 1983. キクイゾウムシ類概説　II. キクイゾウムシ亜科（1）. 家屋害虫, (17"
"キイロクシヒゲボタル","Stenocladius yoshikawai Nakane, 1981"
"ルイスオオキクイムシ","Hyorrhynchus lewisi Blandford, 1894"
"ツヤクサビラハネカクシ","Plesiochara nitida Sawada, 1990"
"オキナワマルチビガムシ","Pelthydrus (Globipelthydrus) okinawanus Nakane, 1982"
"ヒトツメタマキノコムシ","Liodopria maculicollis Nakane, 1963"
"28): 7-8.","窪木幹夫, 1975. 日本産Pidonia属の覚え書(6)　大船林道のPidonia属. 甲虫ニュース, (27"
"イヌカイヒゲブトチビシデムシ","Colon (Myloechus) inukaii Hoshina, 2009"
"キンケチャイロカミキリ　沖縄島亜種","Asaperda bicostata okinawana Komiya, 1984"
"オヤマヒメハナカミキリ","Paleopidonia oyamae (Oyama, 1908)"
"ニッポンモモブトコバネカミキリ　本土亜種","Merionoeda (Ocytasia) formosana septentrionalis Tamu & Tsukamoto, 1952"
"エゾオオタマキノコムシ","Leiodes obasa (Schmidt, 1841)"
"クビレハネカクシ","Gnypeta (Gnypeta) aokii Sawada, 1970"
"オウトウヒメコバネナガハネカクシ","Lathrobium (Lathrobium) ohtohense Y. Watanabe, 2006"
"マツノネノキクイムシ","Hylurgus ligniperda (Fabricius, 1787)"
"テングイクビチョッキリ","Deporaus (Paleodeporaus) rhynchitoides Y. Sawada, 1993"
"キイロケシマキムシ","Corticaria elongata (Gyllenhal, 1827)"
"オニヒラタホソカタムシ","Bolcocius granulosus (Sharp, 1885)"
"アオオビナガクチキ","Osphya orientalis (Lewis, 1895)"
"ヒメノコバウミハネカクシ","Amblopusa hokkaidona Ahn & Ashe, 1996"
"キムネチビケシキスイ","Meligethes (Odonthogethes) denticulatus (Heer, 1841)"
"ヒラタアトキリゴミムシ","Parena (Crossoglossa) cavipennis (Bates, 1873)"
"ノコギリクワガタ　黒島亜種","Prosopocoilus inclinatus kuroshimaensis (Shimizu & Murayama, 2004)"
"トサフサヒゲアリヅカムシ","Trisinus tosanus (Nomura, 1991)"
"イシヅチツツナガハネカクシ","Lobrathium (Lobrathium) ishizuchiense Ito, 1996"
"ホソセスジムシ","Yamatosa nipponensis (Lewis, 1888)"
"オオシマツブタマムシ　与那国島亜種","Paratrachys (Paratrachys) princeps kasaharai Y. Kurosawa, 1985"
"マメカメノコデオキノコムシ","Cyparium jiroi Ogawa & Sakai, 2011"
"アシミゾナガゴミムシ","Pterostichus (Argutor) sulcitarsis Morawitz, 1862"
"チャイロキカワヒラタムシ","Pediacus kurosawai Sasaji, 1983"
"クロスジムクゲテントウダマシ","Stenotarsus internexus Gorham, 1887"
"サツマキバナガミズギワゴミムシ","Bembidion (Desarmatocillenus) nakamurai (Morita, 2008)"
"アキオサムシ　讃岐山脈東部亜種","Carabus (Ohomopterus) chugokuensis mikianus Imura, 2003"
"ホソミツカドホソヒラタムシ","Silvanoprus grouvellei (Reitter, 1876)"
"ヒロミキンオビハナノミ","Variimorda (Variimorda) hiromiae Takakuwa, 2010"
"フクギノコキクイムシ","Cryphalus garciniae Nobuchi, 1959"
"ナナセキハムシ","Chrysolina (Allohypericia) orochi Takemoto, 2022"
"フタホシサビカミキリ","Ropica honesta Pascoe, 1865"
"チビコツブゲンゴロウ","Neohydrocoptus subvittulus (Motschulsky, 1859)"
"ケバネメクラチビゴミムシ","Chaetotrechiama procerus S. Uéno, 1982"
"モリモトヒメクモゾウムシ　基亜種","Podeschrus morimotoi morimotoi Fujisawa & Kojima, 2016"
"キタツヤヒラタゴミムシ","Synuchus (Synuchus) nordmanni (A. Morawitz, 1862)"
"ツルギサシゲマルトゲムシ","Curimopsis (Curimopsis) tsurugisana Kitano, Pütz & Sakai, 2008"
"フジチビヒラタエンマムシ","Platylomalus fujisanus (Lewis, 1892)"
"カムロオオズナガゴミムシ","Pterostichus (Smilodonialoe) kamurosanus Sasakawa & Mitsuduka, 2023"
"オオフタモンウバタマコメツキ　本土亜種","Cryptalaus larvatus pini (Lewis, 1894)"
"ツツゾウムシ","Carcilia strigicollis Roelofs, 1875"
"コゲチャキノコハネカクシ","Parabolitobius yezoensis L. -Z. Li, Zhao & Sakai, 2000"
"アマミホソコバネカミキリ　基亜種","Necydalis (Necydalis) moriyai moriyai Kusama, 1970"
"ガロアアカサルゾウムシ","Brevicoeliodes galloisi (Hustache, 1916)"
"トビイロオチバメダカハネカクシ","Stenus rufescens Sharp, 1874"
"アカツヤヒラタゴミムシ","Synuchus (Synuchus) fulvus Habu, 1978"
"フクシマモリヒラタゴミムシ","Negreum mutator (Bates, 1883)"
"ウエダヤツボシヒゲナガゾウムシ","Deropygus uedai Shibata, 1986"
"カバイロヒラタシデムシ","Oiceoptoma subrufum (Lewis, 1888)"
"ツヤクロオオコガシラハネカクシ","Philonthus (Philonthus) decoloratus Kirshenblat, 1933"
"サキシマクロモンオオタマキノコムシ","Leiodes shuheii Hoshina, 2012"
"コフンオノヒゲアリヅカムシ","Bryaxis kofun Löbl, Kurbatov & Nomura, 1998"
"2): 13-20.","Nomura, S., 1973a. Notes on the Japanese Scarabaeidae, III. Entomological Review of Japan, 25(1"
"ツツデオキスイ","Taenioncus tenuis (Murray, 1864)"
"ツヤトドキクイゾウムシ","Rhyncolus (Rhyncolus) ater curvistriatus Zherikhin, 1991"
"ホソセマルヒゲナガゾウムシ","Caenophloeobius inconspicuus (Wolfrum, 1948)"
"コンゴウナガゴミムシ","Pterostichus (Nialoe) kongosanus Nakane, 1963"
"アオモリアナアキエンマムシ","Tribalus (Tribalus) yamauchii Ôhara, 1999"
"ツヤムクゲアリヅカムシ","Tainochus nitidus Nomura, 1996"
"エゴニセサルゾウムシ","Ceutorhynchoides styracis Yoshitake & Colonnelli, 2005"
"マルアカヒゲブトハネカクシ","Aleochara (Aleochara) coreana Bernhauer, 1926"
"オオハラツツムネウミハネカクシ","Diaulota oharai Ahn and Yoo, 2018"
"ヒメコブオトシブミ","Phymatapoderus flavimanus Motschulsky, 1860"
"ヒメマルハナノミ","Scirtes sobrinus Lewis, 1895"
"コクロヒラタケシキスイ","Ipidia (Hemipidia) sibirica (Reitter, 1879)"
"イヘヤフタイロチビジョウカイ","Malthinellus iheyanus Takahashi & Nakamura, 2022"
"カミオカクビボソジョウカイ　伊吹亜種","Asiopodabrus (Japanopodabrus) longilaterophyses mitsukanus (Takahashi & Kiriyama, 2000)"
"アトキツツホソカタムシ　沖縄亜種","Teredolaemus guttatus yambarensis Aoki & Imasaka, 2010"
"ヨコクラメクラチビゴミムシ","Yamautidius (Yamautidius) eos S. Uéno, 1982"
"アナバケデオネスイ","Mimemodes cribratus (Reitter, 1874)"
"キボシカミキリ　宮古島亜種","Psacothea hilaris miyakoana K. Ohbayashi & N. Ohbayashi, 1965"
"コアオハナムグリ","Gametis jucunda (Faldermann, 1835)"
"ツノヒゲエグリゴミムシダマシ","Uloma (Uloma) hiranoi Masumoto & Akita, 2002"
"ニセアバタコバネハネカクシ","Nazeris validus Ito, 1991"
"ウスヒョウタンゾウムシ","Dermatoxenus clathratus (Roelofs, 1873)"
"ヤクヒゲナガハナノミ　基亜種","Epilichas yakushimensis yakushimensis Nakane, 1952"
"イセコブセスジダルマガムシ","Ochthebius (Ochthebius) asanoae Jäch & Delgado, 2014"
"アマミコクワガタ　八重山諸島亜種","Dorcus amamiana yaeyamaensis (Hori, 1991)"
"オオモンキゴミムシダマシ","Diaperis niponensis Lewis, 1887"
"シバタナガハムシダマシ","Macrolagria shibatai Masumoto, 1987"
"クビナガヒメマキムシ","Adistemia watsoni (Wollaston, 1871)"
"トガクシツチゾウムシ","Trachyphilus togakushianus Morimoto, 2015"
"ヨシカワナガゴミムシ","Pterostichus (Sphodroferonia) yoshikawai Ishida, 1958"
"キタスジツヤチビハネカクシ","Edaphus nakayamaensis Puthz, 1980"
"アマミシカクワガタ","Rhaetulus recticornis Y. Kurosawa, 1964"
"ケアカサルゾウムシ","Conocoeliodes setifer (Schultze, 1898)"
"チバクギヌキジョウカイモドキ","Kuatunia chibaensis (Nakane, 1989)"
"カギアシアリヅカムシ","Hirashimanymus schistodactyroides Nomura, 1990"
"アラキハナノミ","Mordellaria arakii (Nakane & Nomura, 1950)"
"エサシサシゲマルトゲムシ","Curimopsis (Curimopsis) motoyamaensis Pütz, 2003"
"ウエノマルクチカクシゾウムシ","Protacallinus uenoi Morimoto, 1962"
"アマミアラハダチャイロコメツキ","Reitterelater amamiensis (Ôhira, 1968)"
"ホンドクビカクシゴミムシダマシ　基亜種","Stenochinus bacillus bacillus (Marseul, 1876)"
"セスジクサビラタマキノコムシ","Pseudcolenis (Pseudcolenis) hilleri Reitter, 1885"
"ニンフホソハナカミキリ","Parastrangalis nymphula (Bates, 1884)"
"クロゴモクムシ","Harpalus (Pseudoophonus) pastor niigatanus Schaubérger, 1929"
"ヤマツヤゴモクムシ","Trichotichnus (Trichotichnus) monticola Kasahara, 1994"
"コヒメジョウカイモドキ","Nepachys drouardi (Pic, 1923)"
"ミチノクヒラタコケムシ","Veraphis kurbatovi Jałoszyński & Hoshina, 2005"
"セスジゲンゴロウ","Copelatus japonicus Sharp, 1884"
"シリブトヨツメハネカクシ","Eudectus rufulus Weise, 1877"
"ゴトバクビボソジョウカイ","Asiopodabrus (Asiopodabrus) gotoba Nakamura, 2023"
"マツナガエンマムシ","Platylister (Platylister) pini (Lewis, 1884)"
"トカラチビゴミムシ","Trechoblemus microphthalmus S. Uéno, 1955"
"セイヒヒゲナガアリヅカムシ","Pselaphogenius seihiensis Nomura, 1999"
"タネガシマホソケシマグソコガネ","Trichiorhyssemus microtrichius Ochi, Kawahara & Inagaki, 2011"
"キヌツヤハナカミキリ","Corennys sericata Bates, 1884"
"タイワンゴマダラカミキリ","Anoplophora macularia (J. Thomson, 1865)"
"ニセホソヒラタコメツキ","Corymbitodes takabai Kishii, 2004"
"タンザワツヤヒラタゴミムシ","Synuchus (Synuchus) tanzawanus (Habu, 1955)"
"ツルギカタビロサルゾウムシ","Augustinus similis (Chûjô, 1959)"
"トワダムモンメダカカミキリ","Stenhomalus (Stenhomalus) japonicus (Pic, 1904)"
"ヒラタドロムシ","Mataeopsephus japonicus (Matsumura, 1915)"
"ツヤチビタマキノコムシ","Zeadolopus sinensis (Portevin, 1942)"
"ハバビロクシヒゲタマキノコムシ","Anisotoma curta (Portevin, 1927)"
"マメガムシ","Regimbartia attenuata (Fabricius, 1801)"
"コゲチャカミキリモドキ　四国亜種","Nacerdes (Xanthochroa) spinicoxis hiraii (Nakane, 1954)"
"ウスイロコミズギワゴミムシ","Tachys (Paratachys) pallescens Bates, 1873"
"ケヤキヒラタキクイムシ","Lyctus (Lyctus) sinensis Lesne, 1911"
"ダンドヒメマルクビゴミムシ","Nebria (Falcinebria) dichotoma Sasakawa, 2020"
"サキシマトゲヒゲトラカミキリ","Demonax masatakai K. Ohbayashi, 1964"
"オオマルシバンムシ","Megorama japonicola Sakai, 1975"
"ムナビロハケスネアリヅカムシ","Batriscenaulax kleinzach Nomura, 1991"
"セスジカメノコハムシ","Cassida vibex Linnaeus, 1767"
"ナカオドウメクラチビゴミムシ","Stygiotrechus parvulus S. Uéno, 1969"
"アマギモリヒラタゴミムシ","Negreum amagisanum (Morita, 1994)"
"マメゲンゴロウ","Agabus (Acatodes) japonicus japonicus Sharp, 1873"
"コウノゴマフカミキリ　基亜種","Mesosa (Mesosa) konoi konoi Hayashi, 1956"
"ヒメハンミョウモドキ","Elaphrus (Elaphrus) comatus Goulet, 1983"
"タイリクムナビロコケムシ","Cephennodes (Fusionodes) graeseri Reitter, 1887"
"クボタヒメハナノミ","Pseudomordellistena kubotai (Nomura, 1951)"
"ショウゾウニンフジョウカイ","Asiopodabrus (Asiopodabrus) syozoi (Nakane & Makino, 1989)"
"ネアカクサアリハネカクシ","Pella japonica (Sharp, 1888)"
"カイサシゲマルトゲムシ","Curimopsis (Curimopsis) takizawai Pütz, 2002"
"カタビロトゲハムシ","Dactylispa (Platypriella) subquadrata subquadrata (Baly, 1874)"
"トゲヒサゴアリヅカムシ","Arthromelodes corniventris Nomura, 1991"
"ニホンメナシチビシデムシ","Sciaphyes japonicus Hayashi, Ogai & Nagasawa, 2015"
"タケウチヒゲナガコバネカミキリ　奄美沖縄亜種","Molorchus (Molorchus) takeuchii ebenina Hayashi, 1961"
"ニセヤマトマルクビハネカクシ","Tachinus (Tachinus) obesus Weise, 1877"
"ヒゲナガホラヒラタゴミムシ","Jujiroa imunada S. Uéno, 1993"
"ウスバツマキジョウカイ","Malthinus (Malthinus) nakanei Wittmer, 1955"
"ヘリグロヒメキノコハネカクシ","Sepedophilus apicalis Naomi & Maruyama, 1997"
"クビナガケシカミキリ","Sciades (Miaenia) longicollis (Breuning & K. Ohbayashi, 1964)"
"クロオビミジンムシ","Aposericoderus immigrans Israelson, 1987"
"クロハナカミキリ","Leptura aethiops Poda von Neuhaus, 1761"
"スジバナガタマムシ","Agrilus sachalinicola Obenberger, 1940"
"オオマルクビクシコメツキ","Melanotus (Melanotus) niponicus Ôhira, 1964"
"アリタヒゲナガジョウカイ","Habronychus aritai M. Satô, 1985"
"シラキマメゴモクムシ","Stenolophus (Astenolophus) shirakii Habu, 1973"
"アワヒメコケムシ","Euconnus (Euconnus) yoshidai Hoshina, 2020"
"シベリアケシガムシ","Cercyon (Cercyon) ovallus Motschulsky, 1860"
"イシダミズギワコメツキ","Fleutiauxellus (Migiwa) ishidai (Kishii, 1976)"
"ミヤマナカボソタマムシ","Coraebus daisenesis Miwa, 1940"
"フセメクラチビゴミムシ","Rakantrechus (Paratrechiama) tofaceus S. Uéno, 1970"
"アカネカミキリ","Poecilium maaki viarius (Danilevsky, 1988)"
"ヒナノウスツボアシナガトビハムシ","Longitarsus (Longitarsus) okushiriensis Gruev, 1995"
"シャープカレハハネカクシ","Coenonica sharpi (Fauvel, 1901)"
"ルイスナカボソタマムシ　伊豆諸島亜種","Coraebus rusticanus fujiyamai Y. Kurosawa, 1953"
"コトゲヒメハネカクシ","Atheta (Microdota) spinula (Sawada, 1970)"
"ヒロシマナギサハネカクシ","Bryothinusa yoshigoui Liu, Ono & Maruyama, 2021"
"ヤエヤマオニツノゴミムシダマシ","Toxicum masumotoi Akita, 2011"
"ノブオケシカミキリ　喜界島亜種","Exocentrus nobuoi nonakai Makihara, 1986"
"ホソアカコメツキ","Ampedus (Ampedus) chlamydatus (Lewis, 1894)"
"マルエンマコガネ","Onthophagus (Gibbonthophagus) viduus Harold, 1874"
"クシコメツキ　熊毛諸島吐噶喇列島亜種","Melanotus (Melanotus) legatus ogatai Kishii, 1988"
"テングメクラチビゴミムシ","Ishikawatrechus longipes S. Uéno, 1992"
"ホシナガゴミムシ","Pterostichus (Bothriopterus) oblongopunctatus honshuensis Habu & Baba, 1958"
"アキヨシヒロズアリヅカムシ","Takaorites coiffaiti (Jeannel, 1958)"
"オシマメクラチビゴミムシ","Oroblemus parvicollis S. Uéno, 1987"
"コマルズハネカクシ","Domene (Macromene) curtipennis Sharp, 1889"
"ツツイキバナガミズギワゴミムシ","Bembidion (Desarmatocillenus) tsutsuii (S. Uéno, 1955)"
"オオクシヒゲフトコメツキダマシ","Otho amamiensis Nakane, 1987"
"ヤエヤマクリタマムシ　基亜種","Toxoscelus miwai miwai Y. Kurosawa, 1977"
"クロケシツブチョッキリ","Pseudomesauletes (Pseudomesauletes) uniformis (Roelofs, 1874)"
"ヒラツノキノコゴミムシダマシ","Basides parallelicornis (Nakane, 1956)"
"フタモンテントウ","Adalia (Adalia) bipunctata (Linnaeus, 1758)"
"イリエケシマメコメツキ","Zorochros (Thurana) iriei (Ôhira, 1977)"
"フトカドエンマコガネ","Onthophagus (Phanaeomorphus) fodiens Waterhouse, 1875"
"シベリアユミアシケシキスイ","Sibirhelus corpulentus (Reitter, 1900)"
"シバタチビハバビロハネカクシ","Proteinus shibatai Y. Hayashi, 1986"
"ヒサマツケシデオキノコムシ","Scaphisoma hisamatsui Löbl, 1982"
"キリシマミズギワゴミムシ","Bembidion (Ocydromus) shibatai Morita, 2008"
"ハガクビナガゴミムシ","Odacantha (Odacantha) hagai Nemoto, 1989"
"ウスチャジョウカイ　基亜種","Lycocerus insulsus insulsus (Harold, 1878)"
"オオチビヒラタエンマムシ","Platylomalus niponensis (Lewis, 1899)"
"ニイジマスジコガネ","Anomala niijimae Ohaus, 1925"
"アミダテントウ　基亜種","Amida tricolor tricolor (Harold, 1878)"
"マルチビゴミムシダマシ","Caedius marinus Marseul, 1876"
"ヒサマツニセケカツオブシムシ","Evorinea indica (Arrow, 1915)"
"ホクセンクロコガネ","Holotrichia (Eotrichia) koraiensis Murayama, 1939"
"シラベザイノキクイムシ","Trypodendron lineatum (Olivier, 1795)"
"シロテンハナムグリ　吐噶喇列島亜種","Protaetia (Calopotosia) orientalis tokarana Nomura, 1964"
"モンキムネビロオオキノコ","Microsternus crotchi Lewis, 1887"
"ハネミジカキクイムシ","Xylosandrus brevis (Eichhoff, 1877)"
"ヨリメオビモンヒゲナガゾウムシ","Nessiodocus triodes (Jordan, 1912)"
"ダイトウツブタマムシ","Paratrachys (Paratrachys) mixtipubescens Y. Kurosawa, 1985"
"アマミマメアリヅカムシ","Morana crassicostata Arai, 2003"
"ウスイロケシガムシ","Asiacyon rubicundus (Sharp, 1884)"
"イリオモテモリヒラタゴミムシ","Agonum (Nymphagonum) iriomotense (Habu, 1973)"
"アコカツオゾウムシ","Lixus (?) akonis Kono, 1929"
"ヤマトクロヒラタゴミムシ","Platynus (Platynus) subovatus (Putzeys, 1875)"
"サキシマコトビハムシ","Manobia gressitti Nakane & Kimoto, 1961"
"ヒメカメノコハムシ","Cassida piperata Hope, 1842"
"ショウグンスジメダカハネカクシ","Stenus shogun Puthz, 1987"
"シタラコバネナガハネカクシ","Lathrobium (Lathrobium) elongatiphallus Senda, 2024"
"タテスジゴマフカミキリ","Mesosa (Aplocnemia) senilis Bates, 1884"
"キオビオオキノコ　対馬亜種","Episcapha (Episcapha) flavofasciata lucidofasciata Chûjô, 1969"
"ツマキオカツヤガムシ","Armostus schenklingi (d’Orchymont, 1914)"
"ミタケホソヒラタゴミムシ","Trephionus bifidilobatus Sasakawa & Itô, 2018"
"エゾケシガムシ","Cercyon (Cercyon) numerosus Shatrovskiy, 1989"
"オトメクビアカハナカミキリ　基亜種","Gaurotes (Carilia) otome otome Ohbayashi, 1959"
"チンメルマンヒメメダカハネカクシ","Stenus zimmermanni Puthz, 1968"
"ナカネオチバメダカハネカクシ","Stenus nakanei Hromádka, 1982"
"コフキコガネ","Melolontha (Melolontha) japonica Burmeister, 1855"
"ヤマナシオニヒメハネカクシ","Nepalota rectisulcata Assing, 2003"
"キュウシュウヒサゴアリヅカムシ","Arthromelodes mercurius Nomura, 1991"
"オオズハイイロハネカクシ","Philetaerius elegans Sharp, 1889"
"キタミヤママルガタゴミムシ","Amara (Armatoleirides) vixdentata (Tanaka, 1959)"
"キュウシュウチビジョウカイ","Malthodes (Maltharchus) kyushuensis Takakura, 1988"
"オオバコトビハムシ","Longitarsus (Longitarsus) scutellaris (Mulsant & Rey, 1874)"
"トクノシマクロオオクチキムシ","Upinella (Upinella) akiyamai (Akita & Masumoto, 2012)"
"トウカイマメアリヅカムシ","Morana elegans Tanokuchi, 1988"
"アオドウガネ　与那国島亜種","Anomala albopilosa yonaguniana Nomura, 1964"
"ハコネモリヒラタゴミムシ　本州四国九州亜種","Nipponagonum hakonum takachihoi (Habu, 1954)"
"スクモメクラチビゴミムシ","Yamautidius (Yamautidius) sucmo S. Uéno & Naitô, 2006"
"コイノウラツチゾウムシ","Trachyphilus koinouranus Morimoto, 2015"
"シラハタリンゴカミキリ","Oberea (Oberea) shirahatai K. Ohbayashi, 1956"
"ヘリナガエンマムシ","Niposoma vagans (Lewis, 1884)"
"アルマンヒラタケシキスイ","Epuraea (Micruria) harmandi Grouvelle, 1902"
"ホソヒメアリヅカムシ","Aphilia longicollis (Jeannel, 1958)"
"アトモンチビカミキリ　先島諸島亜種","Sybra (Sybra) oshimana mimogeminata Breuning & K. Ohbayashi, 1964"
"ハギチビゴミムシ","Epaphiopsis (Pseudepaphius) punctatostriata (Putzeys, 1877)"
"アマミクチキクシヒゲムシ","Sandalus kani M. Sakai & A. Sakai, 1981"
"ノコアシマルムネゴミムシダマシ","Asialassus cordicollis (Marseul, 1876)"
"ラッデスジメダカハネカクシ","Stenus raddei Ryvkin, 1987"
"マヤサンヒメクビボソハネカクシ","Scopaeus (Scopaeus) japonicus Cameron, 1933"
"キヨサトツチゾウムシ","Trachyphilus kiyosatoanus Morimoto, 2015"
"クロツヤホソカッコウムシ","Tillus arsenjevi Melnik, 2009"
"キノコエンマムシ","Margarinotus (Ptomister) boleti (Lewis, 1884)"
"クロニセクチブトキクイゾウムシ","Stenoscelodes capitulus Konishi, 1962"
"クロホソツヤミズギワコメツキ","Menoko nigrum Kishii, 1985"
"ヤナギシリジロゾウムシ","Cryptorhynchus (Cryptorhynchus) lapathi (Linnaeus, 1758)"
"クロチビタマムシ","Trachys pseudoscrobiculatus Obenberger, 1940"
"シマムクゲアリヅカムシ","Tainochus insulicola (Nomura & Lee, 1992)"
"クロバネクビボソハムシ","Lilioceris (Lilioceris) sieversi (Heyden, 1887)"
"タイワンミドリカッコウムシ","Callimerus koenigi Pic, 1954"
"オオキノコムシ","Encaustes cruenta praenobilis Lewis, 1883"
"ホウオウセスジハネカクシ","Oxytelus (Tanycraerus) houomontis Ito, 1994"
"イズモハナボタル","Plateros taichii Matsuda, 2008"
"ホソマメフチトリコメツキダマシ","Rhagomicrus morimotoi (Hisamatsu, 1960)"
"ヤエヤマヒメオビキノコゴミムシダマシ","Platydema imamurai Akita & Masumoto, 2015"
"タテスジアカヒメゾウムシ","Moreobaris rubricata (Hustache, 1921)"
"オガサワラチビヒョウタンヒゲナガゾウムシ","Valenfriesia nakanei (Morimoto, 1978)"
"ルリハムシ　四国九州亜種","Plagiosterna aenea insularis (Chûjô, 1940)"
"アジアヒメクビボソハネカクシ","Scopaeus (Scopaeus) trapeziceps Frisch, 2003"
"イノウエアナヒラタゴミムシ","Ja toshioi Habu, 1981"
"タチバナオチバメダカハネカクシ","Stenus ruricoloris Naomi, 1998"
"ミナミイオウスジヒメカタゾウムシ","Torishimazo minamiiwoensis Morimoto, 2015"
"ニシアオハムシダマシ","Arthromacra kyushuensis Nakane, 1997"
"キュウシュウホソチビマルハナノミ","Nyholmia kyushuanus (Yoshitomi, 2005)"
"ハラアカチビキマワリモドキ","Tetragonomenes rufiventris (Kaszab, 1964)"
"マヒルメクラチビゴミムシ　亜種","Dracotrechus meridianus thermarum S. Uéno, 2011"
"ハバビロツツキノコムシ","Cis brevipennis Nakane & Nobuchi, 1955"
"コホソクビゴミムシ","Brachinus (?) stenoderus Bates, 1873"
"キイホソヒラタコメツキ","Corymbitodes kiiensis Ôhira, 1999"
"カンムリメクラチビゴミムシ","Trechiama (Trechiama) insularis S. Uéno, 1980"
"オクエゾホソゴミムシダマシ","Corticeus (Corticeus) okuezonis (Kono, 1939)"
"ミイロオチバメダカハネカクシ","Stenus inclarescens Puthz, 1993"
"ヤノシギゾウムシ","Curculio (Curculio) yanoi Morimoto, 1962"
"シラカバノキクイムシ","Scolytus dahuricus Chapuis, 1879"
"ニセチビミズギワコメツキ","Zorochros (Zorochros) cinefactus (Lewis, 1894)"
"サツマウバタマムシ　本土亜種","Chalcophora yunnana satzumae Lewis, 1896"
"チビヒサゴコメツキ　本州亜種","Hypnoidus rivularius rivalis (Lewis, 1894)"
"オオシロカミキリ","Olenecamptus cretaceus cretaceus Bates, 1873"
"シバタヒラタゴミムシ","Agonum (Achaetoprothrax) shibatai (S. Uéno, 1964)"
"ヒメヤツボシハンミョウ","Cylindera (Ifasina) psilica luchuensis (Brouerius van Nidek, 1957)"
"トドマツカミキリ","Tetropium castaneum (Linnaeus, 1758)"
"ヤマトイクビハネカクシ","Ischnosoma discoidale (Sharp, 1888)"
"ホソアカツヤコメツキ","Scutellathous sasajii Kishii, 2001"
"リュウキュウヒメヒゲナガハナノミ","Drupeus ogatai Yoshitomi & Hayashi, 2013"
"タテスジキツツハムシ","Cryptocephalus (Burlinius) nigrofasciatus Jacoby, 1885"
"オオキマダラケシキスイ","Soronia fracta Reitter, 1884"
"ツバキヒラタケシキスイ","Epuraea (Micruria) commutata Grouvelle, 1913"
"クロホシチビオオキノコ","Tritoma (Tritoma) shimoyamai Chûjô,& Nakane, 1950"
"キュウシュウトガリオオズハネカクシ","Platydracus (Platydracus) kiushiuensis (Bernhauer, 1939)"
"カメノコクサビラタマキノコムシ","Pseudcolenis (Pseudcolenis) lata (Portevin, 1905)"
"ミキホソヒラタゴミムシ","Trephionus mikii Habu, 1966"
"キベリナガアシドロムシ","Grouvellinus marginatus (Kono, 1934)"
"オオムラサキカミキリ","Tetraophthalmus episcopalis (Chevrolat, 1852)"
"チョウカイメクラチビゴミムシ","Oroblemus subsulcipes S. Uéno, 1983"
"ヤマヤチビマメコメツキ","Quasimus (Quasimus) yamayai Kishii, 1985"
"アカチャサルハムシ","Osnaparis nucea Fairmaire, 1889"
"ウスチャコガシラミズムシ","Haliplus (Liaphlus) angustifrons Régimbart, 1892"
"タバゲマメアリヅカムシ","Morana maruyamai Arai, 2003"
"アイヌカネコメツキ","Gambrinus ainu Ôhira, 1968"
"ナエドコチャイロコガネ　基亜種","Sericania mimica mimica Lewis, 1895"
"スジコガシラゴミムシダマシ","Heterotarsus carinula Marseul, 1876"
"アカガネアオゴミムシ","Chlaenius (Pachydinodes) abstersus Bates, 1873"
"ゲトウクビボソジョウカイ","Asiopodabrus (Asiopodabrus) getoensis Takahashi, 2012"
"カワラコクロメダカハネカクシ","Stenus boops boops Ljungh, 1810"
"ハコネヒラタケシキスイ","Epuraea (Epuraea) funeraria Reitter, 1884"
"オオミドリサルハムシ　基亜種","Platycorynus japonicus japonicus (Jacoby, 1896)"
"オオヒラタアトキリゴミムシ","Parena (Crossoglossa) laesipennis (Bates, 1873)"
"コマルガタゴミムシ","Amara (Bradytus) simplicidens Morawitz, 1863"
"オキナワキイロチビゴミムシダマシ","Enanea nakandakarii Akita & Masumoto, 2013"
"クサアリヤドリ","Thiasophila nipponica Maruyama & Zerche, 2014"
"エゾハイイロハナカミキリ　基亜種","Rhagium (Rhagium) heyrovskyi heyrovskyi Podaný, 1964"
"ニセクロナガゴミムシ","Pterostichus (Eosteropus) fuligineus A. Morawitz, 1862"
"ニホンチビマメコメツキ","Quasimus (Quasimus) japonicus Kishii, 1959"
"オクタマナガゴミムシ","Pterostichus (Nialoe) okutamae Tanaka, 1963"
"キベリマルヒサゴコメツキ　本州亜種","Hypolithus littoralis michinoku Kishii, 2004"
"コウイチチビジョウカイ","Malthodes (Maltharchus) kouichii Takahashi, 2002"
"アマミセミゾムクゲキノコムシ","Skidmorella amamiana Sawada & Hirowatari, 2003"
"ニッコウヒラタケシキスイ","Epuraea (Epuraea) decolor Reitter, 1884"
"チビヒゲナガハナノミ　基亜種","Ectopria opaca opaca (Kiesenwetter, 1874)"
"トサコナガアリヅカムシ","Leptoplectus nipponensis (Jeannel, 1958)"
"コケシゲンゴロウ","Hyphydrus pulchellus Clark, 1863"
"ハハジマヒメカタゾウムシ　基亜種","Ogasawarazo (Ogasawarazo) mater mater Morimoto, 1981"
"クロオサムシ　道東亜種","Carabus (Ohomopterus) albrechti itoi Ishikawa & Takami, 1996"
"アマミコダマトビハムシ","Ivalia kodama Takemoto & Suenaga, 2021"
"フジカマヒゲアリヅカムシ","Bythoxenites fujisanus Nomura, 2021"
"ミヤマヒメマルガタゴミムシ","Amara (Celia) sichotana Lafer, 1978"
"キンモウクロコメツキ　基亜種","Ampedus (Ampedus) aureovestitus aureovestitus Kishii, 1966"
"ヨツキボシコメツキ　基亜種","Ectinoides insignitus insignitus (Lewis, 1894)"
"ケヤキノキクイムシ","Euwallacea fulvus (Murayama, 1936)"
"クロヒゲオレハネカクシ","Acylophorus honshuensis Doveřák, 1957"
"コクロナガオサムシ　佐渡島亜種","Carabus (Leptocarabus) arboreus exilis Bates, 1883"
"ミヤマムナビロコケムシ","Cephennodes (?) besucheti (Kurbatov, 1995)"
"ヤサイゾウムシ","Listroderes costirostris Schoenherr, 1826"
"ヒバマガリスネハナムグリハネカクシ","Eusphalerum hibainflexum Senda, 2021"
"トワダアカコメツキ","Ampedus (Ampedus) towadensis Kishii, 1987"
"ダルマチビホソカタムシ","Pseudotarphius lewisii Wollaston, 1873"
"クロトゲハムシ","Hispellinus moerens (Baly, 1874)"
"クメジマスジツヤチビハネカクシ","Edaphus kumejimanus Puthz, 2010"
"フタホシテントウ","Hyperaspis sinensis (Crotch, 1874)"
"アマイシコバネナガハネカクシ","Lathrobium (Lathrobium) ohkurai Hayashi, 1996"
"アカグロコメツキ　屋久島亜種","Ampedus (Ampedus) kasugensis yakushimensis Kishii, 1983"
"オオシマゴマダラカミキリ　徳之島亜種","Anoplophora oshimana tokunoshimana Samuelson, 1965"
"オキナワフォリヌスチビナガアリヅカムシ","Forinus mirus Jałoszyński, 2022"
"シロアラゲカミキリ","Penthides flavus multipubens Makihara, 1978"
"オキナワケブカゴミムシ","Trichisia insularis (Schönfeldt, 1890)"
"ニイジマチビカミキリ　対馬亜種","Egesina (Niijimaia) bifasciana tsushimae Breuning & K. Ohbayashi, 1964"
"カバイロコメツキ　対馬亜種","Ectinus sericeus babai Kishii, 1961"
"オキナワエンマコガネ　久米島亜種","Parascatonomus (Necramator) itoi kumejimensis Ochi, Kawahara & Masumoto, 2019"
"アトホシヒメテントウ","Nephus (Nephus) phosphorus (Lewis, 1896)"
"キアシイクビチョッキリ","Caenorhinus (Flavodeporaus) fuscipennis (Sharp, 1889)"
"エゴザイノキクイムシ","Trypodendron pulchellum (Murayama, 1957)"
"タカネルリクワガタ","Platycerus sue Imura, 2007"
"キタベニボタル","Lopheros (Lopheros) septentrionalis (Kono, 1932)"
"トウホクコバネメダカハネカクシ","Stenus tohokuensis Naomi & Puthz, 2006"
"カギヒゲチビヒラタムシ","Microbrontes laemophloeoides Reitter, 1874"
"コセスジエンマムシ","Onthophilus niponensis Lewis, 1907"
"フタイロチビテントウ","Scymnomorphus bicolor (H. Kamiya, 1965)"
"トウヨウイクビハネカクシ","Ischnosoma bolitobioides (Bernhauer, 1923)"
"ウリハムシモドキ","Atrachya menetriesi (Faldermann, 1835)"
"ワタナベヒメメダカハネカクシ","Stenus takashii Naomi, 2004"
"アカチャチビマルハナノミ","Herthania japonicola (Nakane, 1963)"
"オカモトムクゲアリヅカムシ","Tainochus iwaoi Nomura, 1996"
"チャイロコキクイムシ","Macrocryphalus oblongus Nobuchi, 1981"
"オオナガシバンムシ","Priobium carpini (Herbst, 1793)"
"エリザハンミョウ　伊豆諸島亜種","Cylindera (Eugrapha) elisae mikurana (Nakane, 1968)"
"ザイノケナガキクイムシ","Dryocoetes longipilus (Eggers, 1926)"
"クモガタナガタマムシ","Agrilus mallotiellus Y. Kurosawa, 1985"
"バンナクシコメツキ","Melanotus (Melanotus) bannaensis Ôhira, 1978"
"セスジカクケシキスイ","Pocadites oviformis Reitter, 1884"
"ミヤマツメナシゾウムシ","Anoplus japonicus Morimoto, 1983"
"ゴンゲンホラトゲアリヅカムシ","Batrisodes cerberus (Tanabe & Nakane, 1989)"
"イタドリハムシ","Gallerucida bifasciata Motschulsky, 1861"
"マメケシガムシ","Paromicrus affinis d'Orchymont, 1919"
"ニセヌバタママグソコガネ","Aphodius (Agrilinus) ishidai Masumoto & Kiuchi, 1987"
"ツルギチビマメコメツキ","Quasimus (Quasimus) tsurugi Kishii, 1976"
"ホソミズギワヨツメハネカクシ","Geodromicus (Geodromicus) sprius (Y. Watanabe, 1990)"
"オガサワラオニゾウムシ","Gasterocercus ogasawaranus Morimoto, 1981"
"シバタセミゾヨツメハネカクシ","Omalium shibatai Y. Watanabe, 1990"
"ダイミョウツブゴミムシ","Pentagonica daimiella Bates, 1892"
"フタバアナアキゾウムシ","Hylobius (Callirus) futabae (Morimoto, 1982)"
"スネビロツブエンマムシ","Abraeus (Abraeus) loebli Gomy & Ôhara, 2001"
"チャイロニセクビボソムシ","Aderus grouvelli (Pic, 1910)"
"ヒゲブトホソアリモドキ","Anthicus monstrosicornis Marseul, 1877"
"ハイマダラカギバラヒゲナガゾウムシ","Xanthoderopygus jocosus (Sharp, 1891)"
"ニセヒシガタヒメゾウムシ","Barinomorphoides similaris Morimoto, 1962"
"ムネアカマメツヤケシコメツキ","Abelater shirozui (Kishii, 1959)"
"ヨツホシヤマゾウムシ","Trichalophus albonotatus (Motschulsky, 1860)"
"クロチビクビボソジョウカイ","Asiopodabrus (Asiopodabrus) micronigerinus (Takahashi, 1992)"
"ツツガタシバンムシ","Gastrallus affinis Sakai, 1984"
"シレトコミズギワゴミムシ","Bembidion (Metallina) elevatum lamprosimile Netolitzky, 1939"
"コハナノミダマシ","Scraptia curta Pic, 1944"
"オビホソテントウダマシ","Leiestes fines Sasaji, 1995"
"ヒメナガコメツキ","Parabetarmon carinicephalus (Miwa, 1931)"
"2): 35-40.","Habu, A., 1977a. Two new species of ground beetles from Honshu, Japan (Coleoptera, Carabidae). Entomological Review of Japan, 30(1"
"キソツヤゴモクムシ","Trichotichnus (Trichotichnus) kisonis Kasahara, 1995"
"ヒメクロケシツブチョッキリ","Auletobius (Auletobius) puberulus (Faust, 1882)"
"ミナミヒメホソハネカクシ","Neobisnius praelongus (Gemminger & Harold, 1868)"
"カワイクビボソジョウカイ","Asiopodabrus (Asiopodabrus) kawaianus (Takahashi & Kiriyama, 2000)"
"ナミムネヒラタケシキスイ","Epuraea (Epuraea) distincta (Grimmer, 1841)"
"コセスジゲンゴロウ","Copelatus parallelus A. Zimmermann, 1920"
"ヒゲブトアリノスハネカクシ","Zyras (Zyras) iridescens (Sawada, 1970)"
"ツマキタマノミハムシ","Sphaeroderma apicale Baly, 1874"
"トゲバゴマフガムシ","Berosus (Enoplurus) lewisius Sharp, 1873"
"マルクビツチハンミョウ","Meloe (Eurymeloe) corvinus Marseul, 1877"
"トシマホソヒメジョウカイモドキ","Attalus (Attalus) volcanus Asano, 2018"
"クロホシシギゾウムシ","Curculio (Curculio) maculanigra (Roelofs, 1875)"
"フェアメルナガキクイムシ","Crossotarsus fairmairei Chapuis, 1865"
"ナカノツムガタアリヅカムシ","Pseudophanias nakanoi Inoue, Nomura & Yin, 2020"
"サメハダヒメゾウムシ","Nespilobaris nipponica (Kono, 1928)"
"ヒゼンコケムシ","Scydmaenus (?) reversus (Sharp, 1874)"
"イシガキシロテンハナムグリ　宮古諸島亜種","Protaetia (Pseudocalopotosia) ishigakia miyakona Kurosawa, 1959"
"キバナガヒラタゴミムシ","Onycholabis nakanei Kasahara, 1986"
"チャバネクロツツカミキリ","Anaesthetis confossicollis Baeckmann, 1903"
"トカラコブヒゲカミキリ　伊豆諸島亜種","Rhodopina tokarensis komiyai Hayashi, 1969"
"キタツツキノコムシ","Cis seriatopilosus Motschulsky, 1861"
"マダラメカクシゾウムシ","Mechistocerus nipponicus Kono, 1932"
"キソキクイムシ","Polygraphus kisoensis Niijima, 1941"
"オキナワクチブトコメツキ　基亜種","Silesis okinawensis okinawensis Miwa, 1928"
"トゲスネヒメゾウムシ","Baris dentipes Yoshihara, 2016"
"シワバネキノコツヤハネカクシ","Gyrophaena (Gyrophaena) rugulipennis Cameron, 1933"
"オオニジゴミムシダマシ","Euhemicera pulchra (Hope, 1842)"
"オオミネツヤヒサゴゴミムシダマシ","Misolampidius ohminesanus Masumoto & Akita, 2001"
"キボシヒラタケシキスイ","Omosita colon (Linnaeus, 1758)"
"クンツヒメムクゲキノコムシ","Ptiliola kuntzei (Heer, 1841)"
"アマミムネアカコメツキ","Ampedus (Ampedus) amamiensis Ôhira, 1968"
"カザリマダラカツオブシムシ","Trogoderma anthrenoides (Sharp, 1902)"
"ヨツホシムネミゾサルゾウムシ","Nedyus quadrimaculatus (Linnaeus, 1758)"
"キタケシマキムシ","Corticarina similata (Gyllenhal, 1827)"
"ナガヒメテントウ","Scymnus (Pullus) ruficeps (Ohta, 1929)"
"キイロアラゲカミキリ","Penthides rufoflavus (Hayashi, 1957)"
"セアカヒゲブトチビシデムシ","Colon (Myloechus) rubellum Hoshina & Fukuzawa, 2010"
"ヤマトセスジジョウカイ","Lycocerus yamatensis Okushima, 2005"
"マイヅルヒメテントウ","Scymnus (Keiscymnus) kimon Kitano, 2012"
"イズケムネチビゴミムシ","Epaphiopsis (Epaphiopsis) watanabei S. Uéno, 1962"
"タチスギメクラチビゴミムシ","Trechiama (Trechiama) erecticedrus S. Uéno, 2001"
"サビハネカクシ","Ontholestes gracilis (Sharp, 1874)"
"ツヤムネナガゴミムシ","Pterostichus (Pledarus) neglectus A. Morawitz, 1862"
"ツヤケシイソハネカクシ","Halorhadinus kawashimai Ono & Maruyama, 2014"
"ハネアカナガゴミムシ　基亜種","Pterostichus (Nialoe) brunneipennis brunneipennis Straneo, 1955"
"トウゲノメクラチビゴミムシ","Trechiama (Trechiama) dispar S. Uéno, 1988"
"カイフメクラチビゴミムシ","Awatrechus oligotrichus S. Uéno, 2003"
"フジハムシ","Gonioctena (Brachyphytodecta) rubripennis Baly, 1862"
"ツヤマルエンマムシ","Atholus pirithous (Marseul, 1873)"
"サクラサルハムシ","Cleoporus variabilis (Baly, 1874)"
"ヤツモンシモフリコメツキ","Actenicerus (Acnitecerus) octomaculatus Kishii, 1978"
"アズマカレキゾウムシ","Acicnemis azumai Morimoto & Miyakawa, 1995"
"イシカワクモゾウムシ","Kumozo ishikawai Morimoto, 1960"
"アリノキメクラチビゴミムシ","Yamautidius (Yamautidius) uozumii S. Uéno, 1982"
"リュウキュウツヤハナムグリ　沖永良部島亜種","Protaetia (Pyropotosia) pryeri erabuinsulana Ochi & Kusui, 2024"
"ナチクビボソジョウカイ","Asiopodabrus (Asiopodabrus) nachiensis Takahashi, 2012"
"イクビマメゾウムシ","Spermophagus rufiventris Boheman, 1833"
"エチゴツヤミズギワコメツキ","Oedostethus babai Ôhira, 1991"
"アカガネオオゴミムシ　佐渡島亜種","Myas (Trigonognatha) cuprescens sado Sasakawa, 2005"
"ハマベヒメサビキコリ　久米島亜種","Agrypnus miyamotoi kume Kishii, 1996"
"ダルマツツキノコムシ","Nipponapterocis brevis Miyatake, 1954"
"ヒラタヨツボシアトキリゴミムシ","Mochtherus tetraspilotus (W. S. MacLeay, 1825)"
"サタサビカミキリ　野母崎亜種","Neosybra mizoguchii nobozakiensis Takakuwa, 2015"
"イシガキクビカクシゴミムシダマシ","Stenochinus hiraii Akita & Masumoto, 2015"
"アマミアシナガマルケシキスイ","Coxollodes amamiensis (Hisamatsu, 1956)"
"チュウゴクツヤナガシンクイ","Calophagus pekinensis Lesne, 1902"
"ハバビロヒメマキムシ","Stephostethus rugicollis (Oliver, 1790)"
"ヒメコメツキダマシ","Hylis japonicus (Fleutiaux, 1902)"
"カヤナガゴミムシ","Pterostichus (Nialoe) kaya Morita, 2019"
"ヨシタケオオタマキノコムシ","Leiodes yoshitakei Hoshina, 2012"
"キボシアオゴミムシ","Chlaenius (Lissauchenius) posticalis Motschulsky, 1854"
"キモンカミキリ","Menesia sulphurata (Gebler, 1825)"
"ヤスダヒメナガゴミムシ","Pterostichus (Cryobius) brevicornis yasudai Morita, 2002"
"キイチビヒョウタンゾウムシ","Myosides kiiensis Morimoto & Lee, 1993"
"ツルギニセオオキバハネカクシ","Pseudoxyporus masatoi Ito, 1999"
"バショウコクゾウムシ","Polytus mellerborgii (Boheman, 1838)"
"チビセスジゲンゴロウ","Copelatus minutissimus J. Balfour-Browne, 1939"
"コツブゲンゴロウ","Noterus japonicus Sharp, 1873"
"オガサワラナガタマムシ","Agrilus boninensis Y. Kurosawa, 1963"
"クリイロアシブトコメツキ　琉球亜種","Podeonius aquilus ryukyuensis (Ôhira, 1968)"
"ミドリヒメコバネナガハネカクシ","Lathrobium (Lathrobium) kawamurai Senda, 2024"
"ベニモンキノコゴミムシダマシ　久米島亜種","Platydema subfascia kumejimaensis Akita & Masumoto, 2015"
"アカアシルリミズギワゴミムシ","Bembidion (?) hoberlandti Jedlička, 1951"
"ヒガシシリブトウミハネカクシ","Diaulota orientalis Tasaku, Ono & Maruyama, 2023"
"コバネツツシンクイ","Arractocetus nipponicus (Nakane, 1984)"
"アイノハナゾウムシ","Anthonomus (Anthonomus) aino Kono, 1939"
"オキナワデオキノコムシ","Scaphidium okinawaense Hoshina & Morimoto, 1999"
"コクロナガオサムシ　妙高連峰亜種","Carabus (Leptocarabus) arboreus babai Ishikawa, 1968"
"ナルカワナガクシコメツキ","Melanotus (Melanotus) narukawai Kishii, 1996"
"オドリコソウハムシ","Chrysolina (Bourdonneana) koltzei lamii Takizawa, 1970"
"アカネトラカミキリ","Brachyclytus singularis Kraatz, 1879"
"アマミミズギワゴミムシ","Bembidion (Ocydromus) amamiense Morita, 2008"
"オノハラキクイムシ","Dryoxylon onoharaense (Murayama, 1934)"
"ナガオミゾムネヒメサビキコリ","Agrypnus nagaoi (Ôhira, 1966)"
"ミクラクシコメツキ","Melanotus (Melanotus) otobeanus Kishii, 1988"
"ホソチビヒョウタンゴミムシ","Dyschirius (Paradyschirius) steno Bates, 1873"
"オオイクビツヤゴモクムシ","Trichotichnus (Iridessus) nipponicus Habu, 1961"
"ヒゲブトエンマアリヅカムシ","Trissemus (Trissemus) curtus (Sharp, 1874)"
"ムモンシリグロオオキノコ","Pselaphandra inornata (Chûjô, 1941)"
"サトウマメコメツキ　屋久島亜種","Quasimus (Quasimus) satoi kimurai Kishii, 1970"
"モンキマメゲンゴロウ","Platambus pictipennis (Sharp, 1873)"
"タテスジハンミョウ","Lophyra (Spilodia) striolata dorsolineolata (Chevrolat, 1845)"
"タナカナガゴミムシ","Pterostichus (Nialoe) latistylis Tanaka, 1958"
"マユナガツヤツツキノコムシ","Octotemnus pilosoceps Kawanabe, 2002"
"アトグロジュウジアトキリゴミムシ","Lebia (Poecilothais) idae Bates, 1873"
"ナガチャクシコメツキ　屋久島亜種","Melanotus (Melanotus) spernendus kosugi Kishii, 1975"
"コゲチャヒラタカミキリ　基亜種","Eurypoda (Eurypoda) unicolor unicolor Hayashi, 1956"
"ホソダカネコメツキ","Gambrinus hosodai (Kishii, 1989)"
"オオメコゲチャセマルケシキスイ","Amphicrossus hirtus Kirejtshuk, 2005"
"シラオビキクイムシ","Hylesinus cingulatus Blandford, 1894"
"クワノミハムシ","Luperomorpha funesta (Baly, 1874)"
"トゲアシハネナガヨツメハネカクシ","Olophrum tadashii Y. Watanabe, 1990"
"リュウキュウチビマメコメツキ","Quasimus (Quasimus) cordatus Miwa, 1934"
"ササジメクラチビゴミムシ","Stygiotrechus sasaji S. Uéno & Naitô, 2007"
"アカバヒメホソハネカクシ","Neobisnius pumilus (Sharp, 1874)"
"シベリアオオアオゾウムシ","Chlorophanus sibiricus Gyllenhal, 1834"
"セアカクビボソハムシ","Lema (Lema) scutellaris (Kraatz, 1879)"
"ニセフタオビノミハナカミキリ　中部地方北域亜種","Omphalodera testacea sawadai Kuboki, 2024"
"シャウゾクロナガゴミムシ","Pterostichus (Eosteropus) matsunagai Morita, 2011"
"コブマルクチカクシゾウムシ","Acallinus tuberculatus Morimoto, 1962"
"クロコメツキ","Ampedus (Ampedus) ivanovi (Jakobson, 1913)"
"キンムネヒメカネコメツキ","Limonius ignicollis Lewis, 1894"
"アマミセマダラマグソコガネ","Aphodius (Chilothorax) ohishii Masumoto, 1975"
"マルガムシ","Hydrocassis lacustris (Sharp, 1884)"
"ウスイロノミゾウムシ","Orchestes (Orchestes) heritierae (Morimoto, 1984)"
"リシリコバネナガハネカクシ　基亜種","Lathrobium (Lathrobium) japonicum japonicum Bernhauer, 1907"
"セスジヒメハナカミキリ　基亜種","Cryptopidonia amentata amentata (Bates, 1884)"
"オオクロホソナガクチキ","Phloiotrya (Phloiotrya) bellicosa Lewis, 1895"
"キイロカメノコハムシ","Cassida concha Solsky, 1872"
"エゾムナスジコケムシ","Neuraphes niponensis Franz, 1976"
"ヤマトクシヒゲツヤムネハネカクシ","Quedius (Velleius) watanabei Solodovnikov, 2012"
"ポロシリハナムグリヨツメハネカクシ","Eusphalerum poroshiriense Y. Watanabe, 1990"
"ユウバリメクラミズギワゴミムシ","Caecidium trechomorphum S. Uéno, 1971"
"クロズマメゲンゴロウ","Agabus (Acatodes) conspicuus Sharp, 1873"
"ホソヒメクロオサムシ　白山飛騨御嶽木曽亜種","Carabus (Pentacarabus) harmandi mizunumai Ishikawa, 1972"
"トガクシコバネナガハネカクシ","Lathrobium (Lathrobium) pegaseion Senda, 2024"
"アマミモンキカミキリ　沖縄島亜種","Glenea (Glenea) iriei heikichi Makihara, 1982"
"ウスチャセミゾハネカクシ","Myrmecocephalus japonicus (Bernhauer, 1939)"
"ドイカミキリ　熊毛奄美亜種","Mimectatina divaricata fulvovariegata (Hayashi, 1963)"
"ハラマダラヒメハムシ","Taphinellina akkoae (Chûjô, 1954)"
"ケシツブキカワアリヅカムシ","Kuriporus creator Kurbatov, 1991"
"イヘヤアカミナミボタル","Drilaster akakanajai Kawashima, Satou & M. Satô, 2005"
"クルミナガタマムシ","Agrilus kurumi Y. Kurosawa, 1957"
"クロツヤハダコメツキ　基亜種","Hemicrepidius (Hemicrepidius) secessus secessus (Candèze, 1873)"
"オオマルスナゴミムシダマシ","Phelopatrum scaphoides (Marseul, 1876)"
"ムネスジキスイ","Henotiderus centromaculatus Reitter, 1877"
"ノコギリヒメコバネカミキリ","Epania iriei Takakuwa, 1981"
"ガマキスイ","Telmatophilus orientalis Sasaji, 1987"
"フナガタクチカクシゾウムシ","Sternochetus navicularis (Roelofs, 1875)"
"キシモトツノツツハネカクシ","Plastus (Plastus) kishimotoi Naomi, 2004"
"オガサワラホソモリヒラタゴミムシ","Platynus (?) boninensis (Kasahara, 1991)"
"タイリクオオタマキノコムシ","Leiodes rhaetica (Erichson, 1845)"
"サキシマムナビロサビキコリ　奄美沖縄亜種","Agrypnus sakishimanus tamurai Kishii, 1985"
"ナハクビボソジョウカイ　粟国島亜種","Asiopodabrus (Asiopodabrus) nahaensis aguni Takahashi, 2012"
"キタヤマメクラチビゴミムシ","Stygiotrechus kitayamai S. Uéno, 2001"
"エゾツヤゴモクムシ","Trichotichnus (Trichotichnus) septemtrionaris (Habu, 1947)"
"クナシリヒメメダカハネカクシ","Stenus expugnator Ryvkin, 1987"
"アトアカケシガムシ","Peltocercyon vagus (Sharp, 1884)"
"クロフハヤシメダカハネカクシ","Stenus inaequatus Puthz, 1993"
"シロオビタマゾウムシ","Stereonychidius galloisi (Hustache, 1920)"
"ウスモンチビオオキノコ","Spondotriplax sawadai Narukawa, 2003"
"クロオビツヤヒメマキムシ","Holoparamecus (Calyptobium) amabilis Sasaji, 1991"
"カシクビボソジョウカイ","Asiopodabrus (Asiopodabrus) kashiensis (Takahashi, 2002)"
"モリオンチビヒゲブトハネカクシ","Aleochara (Tinotus) morion Gravenhorst, 1802"
"イヌガタケツチゾウムシ","Trachyphilus inugatakeanus Morimoto, 2015"
"タテジマカミキリ","Aulaconotus pachypezoides Thomson, 1864"
"チビアオクチブトゾウムシ","Hyperstylus pallipes Roelofs, 1873"
"アカチビオオキノコ","Tritoma (Tritoma) takahashii Nakane, 1966"
"トオヤマシラホシナガタマムシ","Agrilus ventricosus Fairmaire, 1888"
"ムラサキオオゴミムシ","Myas (Trigonognatha) coreanus (Tschitschérine, 1895)"
"キュウシュウヒメハナカミキリ","Pseudopidonia kyushuensis (Yamawaki, 1959)"
"ナガナカグロヒメコメツキ","Dalopius exilis Kishii, 1956"
"ウスチャイロカネコメツキ","Nothodes marginicollis (Lewis, 1894)"
"チュウジョウテントウ","Chilocorus chujoi Sasaji, 2005"
"ムネミゾツブエンマムシ","Plegaderus (Plegaderus) marseuli Reitter, 1877"
"ツブツブカレハハネカクシ","Coenonica granigera (Sharp, 1888)"
"アマミミゾドロムシ　基亜種","Ordobrevia amamiensis amamiensis (Nomura, 1957)"
"エモトヒメキクイゾウムシ","Phloeophagosoma (Phloeophagosoma) emotoi Morimoto & Miyakawa, 1985"
"ミナミツヤナガゴミムシ","Abacetus submetallicus (Nietner, 1858)"
"ニシズビロキマワリモドキ","Gnesis haagi (Harold, 1876)"
"イブシヒゲブトハネカクシ","Aleochara (Xenochara) fumata Gravenhorst, 1802"
"カキスグリゾウムシ","Pseudocneorhinus obesus Roelofs, 1873"
"シロオビチビサビキコリ","Adelocera difficilis (Lewis, 1894)"
"ヨツモンアオコメツキ","Campsosternus matsumurae Miwa, 1929"
"ヒメツヤテントウ","Serangiella okinawense (Miyatake, 1961)"
"ニッコウツツキノコムシ","Cis nikkoensis Nobuchi, 1960"
"ズグロキハムシ","Plagiosterna japonica (Harold, 1877)"
"ツシマメクラチビゴミムシ","Coreoblemus venustus S. Uéno, 1969"
"オガサワラヒゲブトアリヅカムシ","Articerodes kishimotoi Nomura, 2001"
"ハヤチネベニコメツキ","Denticollis yasumii Ôhira, 1993"
"オオダイスジツヤチビハネカクシ","Edaphus pergratus Puthz, 2014"
"ヤクシマチビマルハナノミ","Contacyphon yakushimanus (Yoshitomi, 2005)"
"アカゴミハネカクシ","Oxypoda (Podoxya) subrufa Sharp, 1888"
"ヒウラメクラチビゴミムシ","Trechiama (Trechiama) hiurai S. Uéno, 1985"
"スジナガメダカハネカクシ","Stenus anthracinus Sharp, 1889"
"イリオモテダルマガムシ","Hydraena (Hydraenopsis) iriomotensis Jäch & Díaz, 1999"
"ウスモンケシミズギワゴミムシ","Bembidion (Diplocampa) transparens prostratum (Motschulsky, 1844)"
"ホウマンヒメコバネナガハネカクシ","Lathrobium (Lathrobium) horridum Assing, 2013"
"ヒメムクゲコケムシ","Scydmaenus (Scydmaenus) takaranus Nakane, 1963"
"アカイシホソヒラタゴミムシ","Trephionus inexpectatus Sasakawa & Itô, 2018"
"タデトゲサルゾウムシ","Homorosoma asperum (Roelofs, 1875)"
"ザウテルシバンムシ","Falsogastrallus sauteri Pic, 1914"
"マックレイセアカオサムシ　利尻島亜種","Carabus (Hemicarabus) macleayi amanoi (Imura, 2004)"
"アラメマルハナノミダマシ","Nycteus rugosus (Portevin, 1908)"
"ルリツルクビオトシブミ","Cycnotrachelodes cyanopterus (Motschulsky, 1861)"
"ホソケブトヒラタキクイムシ","Minthea reticulata Lesne, 1931"
"キモトヒメクチキムシ","Mycetochara (Ernocharis) kimotoi Hanatsuka, Masumoto & Kon, 2006"
"ボサツオチバメダカハネカクシ","Stenus bosatsu Naomi, 1989"
"クロヒメヒラタタマムシ　本州西部亜種","Anthaxia (Melanthaxia) reticulata yamato Y. Kurosawa, 1963"
"スソアカヒメホソハネカクシ","Neobisnius inornatus (Sharp, 1889)"
"キノカワヒゲブトハネカクシ","Aleochara (Maseochara) hiranoi Yamamoto & Maruyama, 2009"
"カントウコチビシデムシ","Sciodrepoides pluvialis Nishikawa, 1992"
"モモキホソナガクチキ","Phloeotrinus (Phloeotrinops) femoralis (Lewis, 1895)"
"キボシノミゾウムシ","Orchestes (Orchestes) trifasciatus (Morimoto, 1984)"
"ムネクロホソベニボタル","Dilophotes vandykei (Nakane, 1970)"
"コササコクゾウムシ","Diocalandra elongata (Roelofs, 1875)"
"バショウオサゾウムシ","Cosmopolites sordidus (Germar, 1824)"
"ヨツモンヒラナガオオキノコ","Cryptophilus quadrisignatus (Motschulsky, 1861)"
"コウジオオズナガゴミムシ","Pterostichus (Sphodroferonia) koujitanakai N. Ito, 2011"
"ヤマトカクムネコケムシ","Scydmoraphes japonicus Franz, 1976"
"ツヤケシビロウドコガネ","Serica planifrons Nomura, 1972"
"サキシマオオニジゴミムシダマシ","Euhemicera sakishimensis (M. T. Chûjô, 1978)"
"ツチダクロチビジョウカイ","Malthodes (Hiranous) tsuchidai K. Takahashi, 2021"
"ナガヒメジョウカイ","Cephalomalthinus longipes (Wittmer, 1953)"
"ツノボソキノコゴミムシダマシ","Platydema recticornis Lewis, 1894"
"オオカワミズギワコメツキ","Fleutiauxellus (Migiwa) ohkawai Kishii, 1988"
"ヒメヒラタムクゲキノコムシ","Microptilium pulchellum (Allibert, 1844)"
"オキナワツノクモゾウムシ","Pempherulus megaten Kojima & Morimoto, 2015"
"ヤエヤマキボシハナノミ","Hoshihananomia splendens (Miwa, 1933)"
"キノカワセミゾヒラタハネカクシ","Siagonium incertum Takai & Nakane, 1985"
"ホソツヤケシコメツキ　先島亜種","Hayekpenthes pallidus masakii Kishii, 1979"
"アカミヒゲナガゾウムシ","Tropideres securus Boheman, 1839"
"オキナワリンゴカミキリ","Oberea (Oberea) okinawana Kusakabe, 1992"
"ハヤシメクラチビゴミムシ","Ishikawatrechus hayashii S. Uéno, 1999"
"マトバノミナガクチキ","Lederina imdecorata Ishikawa & Sakai, 2001"
"マキムシモドキ","Peltastica amurensis Reitter, 1879"
"ニセコマルガタゴミムシ","Amara (Bradytus) sinuaticolis Morawitz, 1862"
"タンバチビシデムシ","Catops tanbaensis Y. Hayashi, 1987"
"クロホソヒゲブトハネカクシ","Aleochara (Xenochara) lygaea Kraatz, 1862"
"ユミセスジホソカタムシ","Lasconotus sculpturatus (Sharp, 1885)"
"フタイロキクイムシ","Planiculus bicolor (Blandford, 1894)"
"キタヒメゲンゴロウ","Rhantus (Rhantus) notaticollis (Aubé, 1837)"
"イシガキシロテンハナムグリ　基亜種","Protaetia (Pseudocalopotosia) ishigakia ishigakia (Fairmaire, 1898)"
"オンタケヒメハネカクシ","Atheta (Microdota) ontakensis Sawada, 1974"
"ヤクシマミドリヒメコメツキ","Vuilletus elongatus (Nakane &Kishii, 1958)"
"ムネアカヒゲナガマルクビハネカクシ","Nitidotachinus impunctatus (Sharp, 1888)"
"コヒメヒョウタンゴミムシ","Clivina vulgivaga Boheman, 1858"
"オオホシボシゴミムシ","Anisodactylus (Pseudanisodactylus) sadoensis Schauberger, 1932"
"ヒラタクワガタ　トカラ列島亜種","Dorcus titanus takaraensis (Fujita & Ichikawa, 1985)"
"ツヤドロムシ","Zaitzevia nitida Nomura, 1963"
"コカブト　奄美亜種","Eophileurus (Eophileurus) chinensis irregularis Prell, 1913"
"セダカコブヤハズカミキリ　中国地方東部亜種","Parechthistatus (Parechthistatus) gibber daisen Miyake & Tsuji, 1980"
"クナシリツノアリヅカムシ","Basitrodes? cornutus Kurbatov, 1984"
"タテミゾシロアリハネカクシ","Trichopsenius serratus Naomi & Terayama, 1986"
"センゲンチビゴミムシ","Epaphiopsis (Epaphiama) oligops S. Uéno, 1978"
"オオタオオタマキノコムシ","Leiodes ohtai Hoshina, 2012"
"コヨツボシゴミムシ　亜種","Panagaeus (Panagaeus) robustus niponensis Bates, 1883"
"ニホンコケホソハネカクシ","Leptusa (Heteroleptusa) japonica Cameron, 1933"
"メダカアシブトゾウムシ","Endaeus nychiommatoides Kojima & Morimoto, 1995"
"キバナガデオキスイ","Carpophilus (Myothorax) mutilatus Erichson, 1843"
"キイロチョッキリ","Cartorhynchites (Cartorhynchoides) flavus (Y. Sawada, 1993)"
"サンゴチビドロムシ","Hyphalus taekoae M. Satô, 1997"
"アカハナカミキリ","Stictoleptura (Aredolpona) succedanea (Lewis, 1879)"
"クロサワヒゲブトアリヅカムシ","Articerodes kurosawai Nomura, 2001"
"オンタケメクラチビゴミムシ","Kurasawatrechus tanakai S. Uéno, 1974"
"ヤエヤマホソバネカミキリ　沖縄島亜種","Thranius multinotatus okinawensis Makihara, 1978"
"アナバネゴミムシ","Blethisa multipunctata aurata Fischer von Waldhem, 1828"
"チャボツヤヒラタゴミムシ","Synuchus (Synuchus) chabo (Habu, 1955)"
"フラーバラゾウムシ","Naupactus cervinus Boheman, 1840"
"アマミコフキコガネ","Melolontha (Melolontha) tamina Nomura, 1964"
"タカオアカコメツキ","Ampedus (Ampedus) takaoensis Ôhira, 1973"
"アマミナカボソタマムシ","Coraebus amamianus Y. Kurosawa, 1985"
"マサアキクビボソジョウカイ","Asiopodabrus (Asiopodabrus) masaakii (Nakane, 1990)"
"オオアリガタハネカクシ","Paederus (Megalopaederus) poweri (Sharp, 1874)"
"ニセチャイロヒメハナノミ","Falsomordellistena (Falsomordellistena) rosseloides Nomura, 1975"
"ツルサキオチバメダカハネカクシ","Stenus tsurusakii Naomi, 1998"
"アカアシチビシデムシ","Catops angustipes apicalis Portevin, 1919"
"キイロミゾアシノミハムシ　宮古島亜種","Hemipyxis foveolata miyakoana Kimoto, 1978"
"クメジマヒメマルガムシ","Anacaena kumejimana Minoshima, Kamite & Fikáček, 2023"
"ホリアオドウガネ","Anomala horii Nomura, 1964"
"アカバチビナガハネカクシ","Pseudobium kobense (Sharp, 1874)"
"ツマキクロツツハムシ","Cryptocephalus (Disopus) pini difformis Jacoby, 1885"
"アカツヤドロムシ","Zaitzevia rufa Nomura & Baba, 1961"
"ツガルヒョウタンメダカハネカクシ","Dianous iwakisanus Y. Watanabe, 1984"
"チャボハナカミキリ","Pseudalosterna misella (Bates, 1884)"
"ヘリアオアトキリゴミムシ","Calleida (Callidiola) splendidula (Fabricius, 1801)"
"ツシマナガエンマムシ","Platysoma (?) tsushimae Ôhara, 1986"
"ケブカクロナガハムシ","Hesperomorpha hirsuta (Jacoby, 1885)"
"フクハラツヤヒラタゴミムシ","Synuchus (Synuchus) fukuharai (Habu, 1955)"
"トクエンジヒメコバネナガハネカクシ","Lathrobium (Lathrobium) tokuenjiense Y. Watanabe, 2016"
"マルコブスジコガネ","Trox (Trox) mitis fujiokai Ochi, 2000"
"シラホシヒメカツオブシムシ","Attagenus (Attagenus) pellio (Linnaeus, 1758)"
"ホソセスジデオキスイ","Cillaeus ryukyuensis Hisamatsu, 1985"
"クロヒメニセクビボソムシ","Mixaderus tamaii Nomura, 1964"
"ヨコヤマヒゲナガカミキリ","Dolichoprosopus yokoyamai (Gressitt, 1937)"
"オビモンホソゴミムシダマシ　沖縄島亜種","Brachypophlaeus unifasciatus inadai Akita & Masumoto, 2015"
"マルオカモリヒラタゴミムシ","Agonum (Eucolpodes) maruokai (Habu, 1973)"
"ミクラモリヒラタゴミムシ","Metacolpodes takakuwai Morita, 2015"
"キョウトコチビシデムシ","Sciodrepoides tsukamotoi Nakane, 1956"
"サトウオガサワラカミキリ　母島亜種","Boninella satoi masatakai Hasegawa & N. Ohbayashi, 2009"
"アッコメクラチビゴミムシ","Trechiama (Trechiama) acco S. Uéno, 1989"
"コガシラナガゴミムシ","Pterostichus (Rhagadus) microcephalus (Motschulsky, 1860)"
"コシロコブゾウムシ","Dermatoxenus montanus Morimoto, 2015"
"オバケハネカクシダマシ","Uruminopeplus sakaii M. Satô & Hatta, 1988"
"ヤエヤマヒオドシハナカミキリ","Paranaspia yaeyamensis Hayashi & Yokoyama, 1974"
"ハタヤマニンフジョウカイ","Asiopodabrus (Imasakapodabrus) hatayamai Takahashi & Imasaka, 2010"
"60):29-36.","中山紘一, 1992. 中津明神山で採集した昆虫. げんせい, (59"
"コウノジュウジベニボタル","Lopheros (Lopheros) brunneorubens (Medvedev, 1966)"
"アラゲカタキバツツキノコムシ","Octotemnus punctidorsum Miyatake, 1954"
"アシナガイソハネカクシ","Halorhadinus miyataorum Ono & Maruyama, 2014"
"カラマツヤツバキクイムシ","Ips cembrae (Heer, 1836)"
"ケブカクロコメツキ　伊豆諸島亜種","Ampedus (Ampedus) vestitus watanabei Kishii, 1979"
"ヤクヒゲナガハナノミ　八重山亜種","Epilichas yakushimensis iriomotensis M. Satô, 1968"
"イチタクビボソジョウカイ","Asiopodabrus (Asiopodabrus) ichitai (Takahashi & Okushima, 1999)"
"ウスイロセマルキスイ","Atomaria (Anchicera) flava (C. Johnson, 1808)"
"ノトヒメコバネナガハネカクシ","Lathrobium (Lathrobium) notoense Y. Watanabe, 1997"
"リュウキュウチビコクヌストモドキ","Archaeoglenes fujikawai Yanagi & Akita, 2024"
"タコサビカミキリ","Mesosella kumei Takakuwa, 1984"
"ニホンヒゲブトキスイ","Cryptophagus japonicus Reitter, 1874"
"ムネスジダンダラコメツキ　基亜種","Harminius singularis singularis (Lewis, 1894)"
"クロカメノコハムシ","Cassida mongolica Boheman, 1854"
"ネブトクワガタ　トカラ列島臥蛇島亜種","Aegus laevicollis matsushitai Asai, 2001"
"サキシマヒゲブトコマルトビハムシ","Clavicornaltica sakishimana Suenaga & Yoshida, 2016"
"マルクビゴミムシ　対馬亜種","Nebria (Orientonebria) chinensis tsushimae Habu, 1981"
"フタオビノミハナカミキリ","Omphalodera puziloi (Solsky, 1873)"
"ヒトオビアシビロハイイロハネカクシ","Phytolinus monticola Naomi, 1984"
"ヤツボシツツハムシ","Cryptocephalus (Cryptocephalus) peliopterus peliopterus Solsky, 1872"
"キヌツヤナガクチキ","Phryganophilus (Phryganophilus) auritus Motschulsky, 1845"
"ショカンベツチビゴミムシ","Trechus (Epaphius) hashimotoi S. Uéno, 1961"
"シラフヒョウタンゾウムシ","Meotiorhynchus querendus Sharp, 1896"
"ツツキクイゾウムシ","Magdalis (Magdalis) memnonia (Gyllenhal, 1837)"
"セモンホソオオキノコ","Dacne (Dacne) picta Crotch, 1873"
"ハセツヤゴモクムシ","Trichotichnus (Trichotichnus) hasensis Morita, 2001"
"スジダカヒメマキムシ","Cartodere (Aridius) australica (Belon, 1887)"
"ナミキノコツヤハネカクシ","Gyrophaena (Gyrophaena) puncticeps Bernnhauer, 1907"
"トゲアシヒラタケシキスイ","Epuraea (Micruria) dentipes Hisamatsu, 1961"
"アオグロヒラタゴミムシ","Agonum (Platynomicrus) chalcomum (Bates, 1873)"
"キリシマオチバメダカハネカクシ","Stenus oblongulus Naomi, 1998"
"カクムネナガタマムシ","Agrilus maculifer E. Saunders, 1873"
"ミジンムシモドキ","Phaenocephalus castaneus Wollaston, 1873"
"ムラサキツヤニジゴミムシダマシ","Tetraphyllus latior (Nakane, 1963)"
"チャイロヒラタセスジムシ","Clinidium veneficum Lewis, 1888"
"モモブトトゲバカミキリ　沖縄亜種","Rondibilis (Rondibilis) elongata minor (Breuning & K. Ohbayashi, 1964)"
"ウエノハナゾウムシ","Anthonomus (Anthonomus) uenoi Kojima & Morimoto, 1994"
"コヒメミゾコメツキダマシ","Dromaeolus brevipes Fleutiaux, 1923"
"シナノクロフカミキリ　九州亜種","Asaperda agapanthina yamawakii Komiya, 1984"
"コツノコクヌストモドキ","Gnatocerus (Echocerus) maxillosus (Fabricius, 1801)"
"クロスジクチボソコメツキ","Glyphonyx (Glyphonyx) dalopioides Nakane, 1959"
"アカマツノコキクイムシ","Cryphalus oblongus (Niijima, 1910)"
"オオバケデオネスイ","Mimemodes emmerichi Mader, 1937"
"シバタヒサゴムクゲキノコムシ","Cissidium shibatai Sawada, 2008"
"カラカネヒラタチビタマムシ","Habroloma (Parahabroloma) nixilla insulicola Y. Kurosawa, 1959"
"ヘリアカシモフリコメツキ　基亜種","Actenicerus (Acnitecerus) aerosus aerosus (Lewis, 1879)"
"エゾツヤムネハネカクシ","Quedius (Microsaurus) aurorus Herman, 2001"
"ヒレルチビシデムシ","Catops hilleri Kraatz, 1877"
"サツマヒサゴゴミムシダマシ","Paramisolampidius kagoshimensis Nakane, 1968"
"ヒメオビオオキノコ","Episcapha (Episcapha) fortunei fortunei Crotch, 1873"
"ホソチビゴミムシ","Perileptus (Perileptus) japonicus Bates, 1873"
"キタアカコメツキ","Ampedus (Ampedus) flavovestitus Kishii, 1982"
"ウバタマムシ　八重山・台湾亜種","Chalcophora japonica miwai Y. Kurosawa, 1974"
"サンプクチカコバネナガハネカクシ","Nipponolathrobium moritai Y. Watanabe, 2012"
"キタザワコケホソハネカクシ　基亜種","Leptusa (Eospisalia) kitazawai kitazawai (Sawada, 1970)"
"ヤマウスイロクビボソジョウカイ","Asiopodabrus (Asiopodabrus) takaosanus (Nakane & Makino, 1990)"
"オオカタホソヨツメハネカクシ","Philydrodes (Philydrodes) grandis Nakane & Sawada, 1956"
"ヤンバルマルクチカクシゾウムシ","Orochlesis yambaruana Tsuji & Yoshitake, 2020"
"トヨシマアオバクチキムシ","Allecula (Allecula) toyoshimai Akita & Masumoto, 2015"
"フタモンハナノミ","Tomoxia similaris Nomura, 1967"
"ウススジアカコメツキ","Ampedus (Ampedus) takeuchii Kishii, 1955"
"ハバビロヒゲボソゾウムシ","Phyllobius (Phyllobius) japonicus Faust, 1889"
"シロモンカレキゾウムシ　基亜種","Acicnemis dividicincta dividicincta Morimoto & S. Miyakawa, 1995"
"ババヒメテントウ","Scymnus (Neopullus) babai Sasaji, 1971"
"スジコガネ","Mimela testaceipes (Motschulsky, 1860)"
"ロストホソハネカクシ","Othius rosti Bernhauer, 1907"
"アトグロフトカミキリモドキ","Asessinia iriomotensis (Miyatake, 1985)"
"キュウリュウゴミムシダマシ","Ulomoides dermestoides (Chevrolat, 1878)"
"アワコバネナガハネカクシ","Lathrobium (Lathrobium) awanum Y. Watanabe, 1991"
"ホソミズギワハネカクシ","Derops japonicus (K. Sawada, 1956)"
"イリオモテマルチビゴミムシダマシ","Caedius hiraii Akita & Masumoto, 2012"
"エゾアオゴミムシ","Chlaenius (Pachydinodes) stschukini Menetries, 1836"
"アヤモンチビカミキリ　奄美亜種","Sybra (Sybra) ordinata subtesselata Breuning, 1960"
"アカオビニセハナノミ","Orchesia (Clinocara) imitans Lewis, 1895"
"ユワンクチボソコメツキ　沖縄島亜種","Glyphonyx (Glyphonyx) yuwancola yambarus Kishii, 1986"
"エンダトゲトゲゾウムシ","Colobodes endai Morimoto, 1988"
"22): 19-28.","森本　桂, 1985. キクイゾウムシ類概説　III. キクイゾウムシ亜科（2）. 家屋害虫, (21"
"オニメクラチビゴミムシ","Trechiama (Trechiama) oni S. Uéno, 1955"
"タバコノミハムシ","Epitrix hirtipennis (Melsheimer, 1847)"
"ニホンザイノキクイムシ","Cyclorhipidion japonicum (Nobuchi, 1981)"
"イワワキオサムシ　室生山地亜種","Carabus (Ohomopterus) iwawakianus muro Ishikawa & Kubota, 1995"
"ナミハナムグリ","Cetonia (Eucetonia) pilifera pilifera (Motschulsky, 1860)"
"ルリチビチョッキリ","Temnocerus japonicus (Morimoto, 1958)"
"ナミチビキカワヨツメハネカクシ","Phloeonomus (Phloeonomodes) japonicus Y. Watanabe, 1963"
"ダルマカレキゾウムシ","Trachodes (Atrachodes) subfasciatus Voss, 1957"
"ウグリチビマメコメツキ　基亜種","Quasimus (Quasimus) uguriensis uguriensis Kishii, 1970"
"ウミミズギワゴミムシ","Bembidion (?) umi Sasakawa, 2007"
"イリオモテマメツヤケシコメツキ","Abelater iriomotensis Kishii, 1985"
"ヤクツノツツハネカクシ","Priochirus (Paraborolinus) yakushimensis Herman, 2001"
"デメコクヌスト","Tenebroides ocularis Lewis, 1894"
"エゾセスジヒゲブトハネカクシ","Aleochara (Triochara) nubis (Assing, 1995)"
"エゾマルクビゴミムシ","Nebria (Boreonebria) subdilatata Motschulsky, 1884"
"オキナワセダカアリヅカムシ","Saltisedes kojimai Nomura & Yin, 2013"
"オキクビボソジョウカイ","Asiopodabrus (Asiopodabrus) okianus (Nakane & Makino, 1990)"
"キラチャイロコガネ","Sericania kirai Sawada, 1938"
"ズビロチビヨツメハネカクシ","Coryphium yasudai Y. Watanabe, 2007"
"トウアヒメハネカクシ","Atheta (Orientatheta) chinkiangensis Bernhauer, 1939"
"カワリメクラチビゴミムシ","Trechiama (Trechiama) reductoculatus S. Uéno, 1992"
"クロズヨツミゾナガハネカクシ","Phacophallus japonicus (Cameron, 1933)"
"ネアカチビオオキノコ","Rotitma lewisiana Nakane, 1983"
"ヒラヤマメナガゾウムシ","Aclees (Aclees) hirayamai Kono, 1933"
"シベリアヒゲナガケシキスイ","Platamartus jakowlewi Reitter, 1892"
"コツノハネカクシ","Bledius (Bledius) setonis Miyatake, 1967"
"キイロメダカカミキリ","Stenhomalus (Stenhomalus) nagaoi Hayashi, 1960"
"コガネコメツキ","Selatosomus (Selatosomus) puncticollis (Motschulsky, 1866)"
"オオシマカクムネベニボタル　沖縄本島亜種","Ponyalis oshimana matsumurai (Matsuda, 2009)"
"ミヤコヒメクロコガネ","Sophrops takatoshii T. Itoh, 1990"
"アキヨツメハナムグリハネカクシ","Eusphalerum eifleri Zerche, 2007"
"ヒメエグリユミアシゴミムシダマシ","Promethis persimilis (M. T. Chûjô, 1980)"
"ヤクシマナガキマワリ","Strongylium (Strongylium) yakushimanum Nakane, 1963"
"サタアナアキゾウムシ","Seleuca satana Morimoto, 1982"
"カラマツカミキリ","Tetropium morishimaorum Kusama & Takakuwa, 1984"
"ホラアナトゲアリヅカムシ","Speobatrisodes punctaticeps Jeannel, 1958"
"ガロアヒメハナノミ","Tolidopalpus galloisi (Kono, 1932)"
"アイヌキンオサムシ　利尻島亜種","Carabus (Megodontus) kolbei hanatanii Imura, 1991"
"オオクビブトハネカクシ","Pinobelus punctatissimus (Sharp, 1889)"
"カレキクチカクシゾウムシ","Camptorhinus squamosohirtus Fairmaire, 1897"
"カタキバツツキノコムシ","Octotemnus japonicus Miyatake, 1954"
"アシナガオトシブミ","Phialodes (Phialodes) rufipennis Roelofs, 1874"
"ホウロウヒメハネカクシ","Atheta (Microdota) vagans Bernhauer, 1907"
"カタモンハネカクシ","Liusus hilleri (Weise, 1877)"
"ツヤヨコセミゾハネカクシ","Ochthephilus (Ochthephilus) laevis (Y. Watanabe & Y. Shibata, 1961)"
"和名無し　八重山亜種","Himaloconnus klapperichianus yaeyamensis Jałoszyński, 2020"
"ダルマクモゾウムシ","Nipponosphadasmus coxalis Morimoto, 1959"
"キボシコバンゾウムシ","Cleopomiarus flavoscutellatus (Morimoto, 1959)"
"カクムネホソヒラタムシ","Silvanus recticollis Reitter, 1876"
"ミツアナツツキノコムシ","Cis seriatulus Kiesenwetter, 1879"
"トヨダコバネナガハネカクシ","Lathrobium (Lathrobium) toyodai Y. Watanabe, 2005"
"クロツヤバネクチキムシ","Doranalia unicolor (Nakane, 1963)"
"コハクムガンチビシデムシ","Muganryus susumui Nishikawa, 2018"
"イトイメクラチビゴミムシ","Trechiama (Trechiama) soumai Ashida, 2002"
"エダヒゲナガハナノミ　沖縄亜種","Epilichas flavellatus okinawanus M. Satô, 1968"
"トワダクビボソジョウカイ","Asiopodabrus (Asiopodabrus) towadanus (Takahashi & Okushima, 1999)"
"コザマルムネアリヅカムシ","Triomicrus hamifer Löbl, Kurbatov & Nomura, 1998"
"ムツホシチビオオキノコ","Tritoma (Tritoma) towadensis Chûjô, 1952"
"ヒメクシヒゲベニボタル　中国地方亜種","Macrolycus (Cerceros) similaris chugokuensis Nakane, 1994"
"キボシツツハムシ　与那国島亜種","Cryptocephalus (Cryptocephalus) perelegans yonaguniensis Kimoto, 1974"
"セダカコブヤハズカミキリ　関東近畿亜種","Parechthistatus (Parechthistatus) gibber shibatai Miyake, 1980"
"エサキドウガネ","Anomala esakii Sawada, 1950"
"スミイロハナカミキリ　北海道亜種","Nivellia (Nivellia) extensa umbratilis Shimomura & Toyoshima, 1988"
"ツユニセコケアリヅカムシ","Tyrodes segrex Kurbatov, 1990"
"ホソアカバコキノコムシダマシ","Pisenus chujoi Miyatake, 1960"
"コウゾチビタマムシ","Trachys broussonetiae Y. Kurosawa, 1985"
"ナガサキアオジョウカイモドキ","Cordylepherus xantholoma (Kiesenwetter, 1874)"
"シイノホソキクイムシ","Debus defensus (Blandford, 1894)"
"タチゲカワベメダカハネカクシ","Stenus sedatus Sharp, 1889"
"ニセヒメナガエンマムシ","Platysoma (Platysoma) rasile Lewis, 1884"
"アマミニセコケアリヅカムシ","Tyrodes amamianus Inoue & Nomura, 2023"
"イリエヒサゴゴミムシダマシ","Misolampidius iriei M. T. Chûjô, 1975"
"チャバネチビオオキノコ","Triplax tanigutii (Chûjô, 1940)"
"トゲヒゲトビイロカミキリ","Nysina rufescens (Pic, 1923)"
"オオシマホソハナカミキリ　基亜種","Strangalia gracilis gracilis Gressitt, 1935"
"サキシマコブスジコガネ","Glyptotrox yamayai (Nakane, 1983)"
"ミノブナガゴミムシ","Pterostichus (Nialoe) masatakai Morita, 2007"
"トケジクロハナノミ","Mordella tokejii Nomura, 1958"
"コクロツヤハダコメツキ　基亜種","Hemicrepidius (Hemicrepidius) sinuatus sinuatus (Lewis, 1894)"
"クロオサムシ　東北地方東部亜種","Carabus (Ohomopterus) albrechti tohokuensis Ishikawa, 1984"
"ゾズニセスジキノコシバンムシ","Stagetodes zozu Sakai, 1995"
"ミヤケオオサビキコリ　沖縄島亜種","Agrypnus miyakei seinoi Kishii, 1985"
"オカヤマツブエンマムシ","Anapleus nomurai M. Ôhara, 1994"
"ニセクロズトガリハネカクシ","Lithocharis dissimilis Sharp, 1874"
"カタビロヒメハナノミ","Falsomordellistena (Falsomordellistenoda) auromaculata (Kono, 1928)"
"ヒメクロコガシラハネカクシ","Philonthus (Philonthus) quisquiliarius (Gyllenhal, 1810)"
"サタカミキリモドキ　基亜種","Indasclera japonica japonica (Pic, 1910)"
"タテスジドウボソカミキリ　波照間島亜種","Pothyne formosana haterumaensis Takakuwa, 1984"
"リュウキュウセスジゲンゴロウ","Copelatus oblitus Sharp, 1882"
"ムカシゲンゴロウ","Phreatodytes relictus S. Uéno, 1957"
"ヒメオサムシ　生月島亜種","Carabus (Ohomopterus) japonicus chotaroi Imura, Dejima & Mizusawa, 1993"
"ナガアナアキゾウムシ","Pimelocerus laeviventris (Hustache, 1920)"
"キュウシュウツヤゴモクムシ","Trichotichnus (Trichotichnus) vespertinus Habu, 1954"
"ミヤマケシカミキリ","Exocentrus montilineatus Kusama & Tahira, 1977"
"2): 53-59.","Habu, A., 1977. マルガタゴミムシとニセマルガタゴミムシ（新称）の相違点について. Entomological Review of Japan, 30(1"
"ヨナグニチビビロウドコガネ","Maladera (Eumaladera) yonaguniensis (H. Kobayashi, Kusui & Imasaka, 2006)"
"アトボソキクイサビゾウムシ","Dryophthorus konishii Morimoto, 1985"
"スジヒラタハネカクシ","Pseudopsis watanabei Herman, 1975"
"ヨコスジサビカミキリ","Pterolophia (Hylobrotus) latefascia Schwarzer, 1925"
"ミドリサルゾウムシ","Ceutorhynchus filiae Dalla Torre, 1922"
"ヘリマメコメツキ","Yukoana elliptica (Candèze, 1873)"
"ツヤケシブチヒゲハネカクシ","Anisolinus elegans Sharp, 1889"
"コブダルマカレキゾウムシ","Lobosoma rausense (Nakane, 1963)"
"ヒラタクシコメツキ","Melanotus (Spheniscosomus) koikei Kishii & Ôhira, 1956"
"オキナワヒメマルガムシ","Anacaena okinawana Minoshima, Kamite & Fikáček, 2023"
"サカウチクロチビジョウカイ","Malthodes (Sohayakimalthodes) sakauchiensis Takahashi, 2021"
"イボイボアナアキゾウムシ","Paramecops granulatus Morimoto, 1982"
"モンケシツブチョッキリ","Auletobius (Pseudometopum) submaculatus (Sharp, 1889)"
"ホウオウヒメメダカハネカクシ","Stenus houomontis Naomi & Ito, 2014"
"カバイロミジンムシ","Clypastraea brevicornis (Matthews, 1899)"
"オキナワメダカアリヅカムシ","Trisinus monostatos (Nomura, 1991)"
"コガシラナガハネカクシ","Tetartopeus niger (LeConte, 1863)"
"イリオモテコダマトビハムシ","Ivalia hiranoi Takemoto & Suenaga, 2021"
"ツヤケシヒメミツギリゾウムシ","Hypomiolispa mikagei Morimoto, 1976"
"ヤクシマコブヤハズカミキリ","Parechthistatus (Hayashiechthistatus) inexpectus (Hayashi, 1959)"
"ヌクミメクラチビゴミムシ","Trechiama (Trechiama) grandicollis S. Uéno, 1980"
"サムライマルタマキノコムシ","Agathidium (Agathidium) samurai Angelini & De Marzo, 1990"
"サドマルクビゴミムシ 基亜種","Nebria (Sadonebria) sadona sadona Bates, 1883"
"カバイロニセハナノミ","Orchesia (Orchesia) ocularis Lewis, 1895"
"ツシマチビマルハナノミ","Contacyphon tsushimanus (Yoshitomi, 2005)"
"チンゼイマルムネコケムシ","Stenichnus (Stenichnus) pollens (Sharp, 1886)"
"ニセツマキケシデオキノコムシ","Scaphisoma austerum Löbl, 1965"
"キンヘリタマムシ　九州亜種","Lamprodila (Lamprodila) pretiosa inexpecta (Y. Kurosawa, 1953)"
"キイアオマルガタミズギワゴミムシ","Bembidion (Plataphus) yoshikawai (Morita, 1996)"
"ワタナベシリブトジョウカイ","Yukikoa watanabei Takahashi, 2003"
"クロキスジトラカミキリ","Cyrtoclytus kamakarii Yokoyama, 1971"
"ピックチビコブカミキリ","Miccolamia (Isomiccolamia) tuberculata (Pic, 1918)"
"ブンゴツチゾウムシ","Trachyphilus okamotoi Morimoto, 2015"
"ホシハネビロアトキリゴミムシ","Lebia (Poecilothais) calycophora Schmidt-Göbel, 1846"
"ヒメセボシヒラタゴミムシ","Agonum (Agonum) suavissimum (Bates, 1883)"
"ハルカツヤヒメハネカクシ","Liogluta distans (Sharp, 1874)"
"ヤクシヒラタツヤムネハネカクシ","Quedius (Microsaurus) moritai Y. Watanabe, 1990"
"ムラオカメクラチビゴミムシ","Trechiama (Trechiama) muraokaensis Ashida, 2007"
"ツシマヒメジョウカイモドキ","Nepachys tsushimanus (Nakane, 1981)"
"ホソガタヒメハナカミキリ","Pseudopidonia semiobscura (Pic, 1901)"
"キボシカミキリ　奄美亜種","Psacothea hilaris maculata Hayashi, 1962"
"ハネスジキノコハネカクシ","Carphacis striatus (Oliver, 1795)"
"ヤククチブトコメツキ","Silesis yaku Kishii, 1976"
"チビクロツツキクイゾウムシ","Magdalis (Edo) ruficornis (Linnaeus, 1758)"
"タマガワナガドロムシ","Augyles (Augyles) japonicus (Kôno, 1931)"
"エリモヒゲブトコメツキ","Trixagus carinifrons (Bonvouloir, 1859)"
"ルイスクビナガハムシ","Lilioceris (Bradyceris) lewisi (Jacoby, 1885)"
"カサイテントウ","Myzia gebleri (Crotch, 1874)"
"オガサワラキクイサビゾウムシ","Dryophthorus ogasawarensis Morimoto, 1985"
"2): 29-35.","Miyatake, M., 1982a. A new genus and two new species of the tribe Hypulini from Japan (Coleoptera: Melandryidae). Transactions of the Shikoku Entomological Society, 16(1"
"インドナガエンマムシ","Platylister (Platylister) atratus (Erichson, 1834)"
"メダカオオズナガゴミムシ","Pterostichus (Sphodroferonia) prominens N. Ito, 2011"
"アカミタマキノコムシモドキ","Calyptomerus dubius (Marsham, 1802)"
"オガサワラトラカミキリ　聟島亜種","Chlorophorus boninensis kusamai M. Satô, 1999"
"オオルリオサムシ　南富良野亜種","Carabus (Acoptolabrus) gehinii manoianus (Imura, 1989)"
"コゲチャヒラタカミキリ　八重山亜種","Eurypoda (Eurypoda) unicolor ebiharai Fujita, 2018"
"シロアリハネカクシ","Trichopsenius japonicus Seevers, 1957"
"エゾホソクロコメツキ","Ampedus (Ampedus) yukoanus Kishii, 1962"
"ネオメクラチビゴミムシ","Trechiama (Trechiama) gracilior S. Uéno, 1980"
"ミヤマヒメジョウカイ","Lycocerus alpicola (Nakane, 1992)"
"クロイサワクビボソジョウカイ","Asiopodabrus (Asiopodabrus) kuroisawanus (Takahashi & Kiriyama, 2000)"
"チャイロフトヒゲヒラタケシキスイ","Epuraea (Epuraea) quadrangula Motschulsky, 1860"
"ツヤチビタマキノコムシモドキ","Loricaster glaber Portevin, 1908"
"タカクワツマキジョウカイ　基亜種","Malthinus (Malthinus) takakuwai takakuwai K. Takahashi, 2017"
"キンイロネクイハムシ","Donacia (Donaciomima) japana Chûjô & Goecke, 1956"
"クロスジヒゲコメツキダマシ","Proxylobius galloisi Fleutiaux, 1923"
"ルイスナガキクイムシ","Platypus lewisi Blandford, 1894"
"ダイトウマメクワガタ","Figulus daitoensis Fujita & Ichikawa, 1986"
"ムナグロオニアカハネムシ","Pseudopyrochroa flavilabris Blair, 1914"
"オキナワクロツヤキマワリ","Plesiophthalmus (Plesiophthalmus) okinawanus Nomura, 1964"
"クビアカハナカミキリ","Gaurotes (Carilia) atripennis Matsushita, 1933"
"カミコウチテントウダマシ","Mycetina kamikochiana Nakane, 1981"
"ホソホタルモドキ","Drilonius striatulus Kiesenwetter, 1874"
"オオサワシラケチビコメツキ","Zorochros (Yamatostrius) osawai (Ôhira, 1972)"
"オキナワナガタマムシ　基亜種","Agrilus okinawensis okinawensis Miwa, 1933"
"ヒメクロツヤハダコメツキ　奄美亜種","Hemicrepidius (Hemicrepidius) desertor amamicola Kishii, 1969"
"フタモンアラゲカミキリ","Rhopaloscelis maculatus Bates, 1877"
"アカキノコツヤケシハネカクシ","Phymatura russa Assing, 2021"
"セダカコブヤハズカミキリ　隠岐島前亜種","Parechthistatus (Parechthistatus) gibber nigricans Takakuwa, Nakabayashi & Kobayashi, 2020"
"ハマベヒメサビキコリ　口永良部島亜種","Agrypnus miyamotoi erabu Kishii, 1996"
"ヒメクロオサムシ　道央道東道北亜種","Carabus (Asthenocarabus) opaculus kurosawai Nakane, 1961"
"オオイチモンジシマゲンゴロウ","Hydaticus (Prodaticus) pacificus conspersus Régimbart, 1899"
"ゴロウヤンコキクイムシ","Orthotomicus golovjankoi Pyatnitskiy, 1930"
"チュウジョウゴモクムシ","Gnathaphanus chujoi Habu, 1973"
"ホソツヤケシコメツキ　徳之島亜種","Hayekpenthes pallidus tokunoshimensis Kishii, 1979"
"ヒメクチカクシゾウムシ","Syrotelus umbrosus (Roelofs, 1875)"
"カノコサビカミキリ　熊毛亜種","Apomecyna (Apomecyna) naevia yokoyamai Hayashi, 1974"
"チャイロコミズギワゴミムシ","Tachyura (Amaurotachys) lutea (Andrewes, 1925)"
"オオチビゾウムシ","Chibizo formosensis (Kono, 1930)"
"カワラハラビロコケムシ","Cephennomicrus tanakai Hoshina, 2012"
"ケナガツツキノコムシ","Rhopalodontus perforatus (Gyllenhal, 1813)"
"ベッチタコゾウムシ","Hypera (Hypera) viciae (Gyllenhal, 1813)"
"ムネミゾコクヌストモドキ","Ulomina carinata Baudi di Selve, 1876"
"ヒラクラツヤツチゾウムシ","Asphalmus hirakuraensis Morimoto, 2015"
"イチゴカミナリハムシ","Altica fragariae (Nakane, 1955)"
"クサマクビボソジョウカイ","Asiopodabrus (Nakanepodabrus) kusamai (Takahashi, 1999)"
"アマミクビカクシゴミムシダマシ","Stenochinus oshimanus (Nakane, 1985)"
"オオシマアオハナムグリ　伊平屋島亜種","Protaetia (Niponoprotaetia) exasperata iheyana K. Sakai, 1989"
"アルプスコチビシデムシ","Sciodrepoides alpestris Jeannel, 1934"
"ホソヒゲヒメハナムシ","Litochrus (Litochrus) rufoguttatus Champion, 1925"
"ヒロミゾナガツヤゴモクムシ","Trichotichnus (Trichotichnus) latemarginatus N. Ito, 1996"
"カノコヒラタケシキスイ","Epuraea (Dadopora) vicaria Kirejtsuk & Kvamme, 2001"
"オカモトヒメハネカクシ","Atheta (Anopleta) okamotoi Sawada, 1989"
"カスガコケムシ","Scydmaenus (Mascarensia) kasuganus Franz, 1976"
"アメイロイソハネカクシ","Halorhadinus satoi Ono & Maruyama, 2014"
"イシガキコヒゲナガハナノミ","Ptilodactyla ishigakiana M. Satô, 1968"
"ツヤクロホソツツキノコムシ","Orthocis nigrosplendidus (Nobuchi, 1955)"
"セスジアカガネオサムシ　カムチャッカ北海道亜種","Carabus (Homoeocarabus) maeander paludis Géhin, 1885"
"フタトゲザイノキクイムシ","Cyclorhipidion bispinum (Nobuchi, 1981)"
"キボシフトヒゲコメツキ","Drapetes torigaii Nakane, 1985"
"トゲナシマルチビゴミムシダマシ","Brachyidium edentatum Ando, 2017"
"アカンハマベエンマムシ","Hypocaccus (Hypocaccus) akanensis M. Ôhara, 1994"
"ツシマツチゾウムシ","Trachyphilus tsushimanus Morimoto, 2015"
"ケシマルハナノミ","Hydrocyphon satoi Yoshitomi, 2001"
"イツツバチャイロコガネ","Sericania opaca Nomura, 1973"
"ミナミベニボタル","Pseudoaplatopterus (Eropterus) aritai (M. Satô & N. Ohbayashi, 1968)"
"トゲヒラタケシキスイ","Epuraea (Epuraea) laferi Kirejtshuk, 1992"
"ミスジオオハナノミ","Metoecus vespae Kono, 1927"
"ヤナギトラカミキリ","Xylotrechus (Rusticoclytus) salicis Takakuwa & Oda, 1978"
"カシマヒロムネヒメハネカクシ","Notothecta kashimaensis (Sawada, 1989)"
"アルマンニセクビボソムシ","Gompelia harmandi (Pic, 1910)"
"ゴマフガムシ","Berosus (Berosus) punctipennis Harold, 1878"
"ヒラタクワガタ　五島列島亜種","Dorcus titanus karasuyamai M. Baba, 1999"
"ヤサヒメハネカクシ","Dalotia pseudorphana (Cameron, 1933)"
"メダカツヤハダコメツキ　粟島亜種","Medakathous jactatus babai (Ôhira, 1956)"
"シモヤマチビシデムシ","Catops nurukawae Szymczakowski, 1959"
"キムネツツカッコウムシ","Tenerus maculicollis Lewis, 1892"
"オオコブオトシブミ","Phymatapoderus latipennis (Jekel, 1860)"
"ハイイロホソキリンゴカミキリ","Oberea (Oberea) leucothrix Toyoshima, 1982"
"オニクワガタ　基亜種","Prismognathus angularis angularis Waterhouse, 1874"
"コモンアシナガハムシ","Monolepta chujoi Nakane & Kimoto, 1961"
"ケブカクロコメツキ　基亜種","Ampedus (Ampedus) vestitus vestitus (Lewis, 1894)"
"ニシミノコバネナガハネカクシ","Lathrobium (Lathrobium) minoccidentale Senda, 2024"
"コゲチャサビカミキリ","Mimectatina meridiana ohirai Breuning & Villiers, 1973"
"オニコウベナガチビゴミムシ","Trechiama (Trechiama) oniceps S. Uéno, 1989"
"タイワンホソコガシラハネカクシ","Gabrius praesignis Schillhammer, 2001"
"ババツノヒゲアリヅカムシ","Babascenellus macroscapus Nomura, 1995"
"ムナグロツヤハムシ","Arthrotus niger Motschulsky, 1858"
"シラキチビケシキスイ","Meligethes (Odonthogethes) shirakii Hisamatsu, 1956"
"クロサワツブミズムシ","Satonius kurosawai (M. Satô, 1982)"
"キュウシュウハナムグリヨツメハネカクシ","Eusphalerum kyushuense Y. Watanabe, 1990"
"ツシマニセセミゾハネカクシ","Drusilla (Drusilla) nomurai Maruyama, 2000"
"キタヒラタネクイハムシ　基亜種","Donacia (Donaciomima) splendens splendens Jacobson, 1894"
"コフナガタハナノミ","Anaspis (Anaspis) funagata Kono, 1928"
"オオズカミキリモドキ","Indasclera nakanei Mizota, 1999"
"ドウボソナガメダカハネカクシ","Stenus macies Sharp, 1874"
"アマミホソベニボタル","Dilophotes matobai Matsuda, 2009"
"シラクチメクラチビゴミムシ","Kusumia variabilis S. Uéno & Naitô, 2005"
"ニッコウヒメハナカミキリ　九州亜種","Pseudopidonia limbaticollis kuzyusana Kuboki, 2024"
"フトナガニジゴミムシダマシ","Ceropria laticollis Fairmaire, 1903"
"スオウキモンツツナガハネカクシ","Lobrathium (Lobrathium) hosakai T. Ito, 2018"
"マルツヤキノコゴミムシダマシ","Platydema kurama Nakane, 1963"
"イシガキツヤヒラタゴミムシ","Synuchus (Synuchus) ishigakiensis Morita & Toyoda, 2003"
"ヒュウガクシヒゲベニボタル","Macrolycus (Cerceros) hyugaensis Nakane, 1994"
"ヤクシマモリヒラタゴミムシ","Hikosanoagonum yakuense (Habu, 1974)"
"オオフトヒゲナガゾウムシ","Xylinada annulipes (Jordan, 1895)"
"ノコギリクワガタ　屋久島亜種","Prosopocoilus inclinatus yakushimaensis Adachi, 2014"
"ホオノキセダカトビハムシ","Lanka magnoliae (Chûjô & Ohno, 1961)"
"ジャコウカミキリ","Aromia moschata orientalis Plavilstshikov, 1933"
"オオメクラチビゴミムシ　基亜種","Trechiama (Trechiama) pluto pluto S. Uéno, 1958"
"オオイタスジツヤチビハネカクシ","Edaphus permolestus Puthz, 2014"
"ニセクビナガゴモクムシ","Oxycentrus (Oxycentrus) changi Habu, 1978"
"ミヤマカタビロオサムシ","Calosoma (Charmosta) lugens Chaudoir, 1869"
"トウホクツチゾウムシ","Trachyphilus touhokuanus Morimoto, 2015"
"コヅチメクラチビゴミムシ","Oroblemus dilaticollis S. Uéno, 1983"
"クロセスジハムシ","Japonitata nigrita (Jacoby, 1885)"
"チビヒサゴコメツキ　礼文島亜種","Hypnoidus rivularius rebunensis Ôhira & Yasuda, 1994"
"マルカドオチバメダカハネカクシ","Stenus inaspectus Puthz, 1993"
"コフトナガコメツキ","Ectamenogonus plebejus (Candèze, 1873)"
"ムネダカシモフリコメツキ","Actenicerus (Acnitecerus) ohbayashii Ôhira, 1964"
"ソウヤチビゴミムシ","Trechus (Epaphius) nishikawai S. Uéno, 1991"
"ナキジンチビヒョウタンゾウムシ","Myosides nakijinensis Morimoto, 2015"
"チビキノコシバンムシ","Sculptotheca hilleri (Schilsky, 1900)"
"コメノケシキスイ","Carpophilus (Myothorax) truncatus Murray, 1864"
"トリノコメクラチビゴミムシ","Kurasawatrechus intermedius S. Uéno, 1988"
"ヒゲナガヒメハネカクシ","Psammostiba hilleri (Weise, 1877)"
"セスジヒラタゴミムシ","Agonum (Agonum) daimio (Bates, 1873)"
"ヒコサンセスジゲンゴロウ","Copelatus takakurai M. Satô, 1985"
"ヨシモトクチボソコメツキ","Glyphonyx (Glyphonyx) yoshimotoi Ôhira, 1971"
"ニセサシゲホソカタムシ","Endeitoma bonina (Nakane, 1990)"
"クチブトコメツキ　対馬亜種","Silesis musculus tsushimensis Kishii, 1976"
"ヤシロタチゲメダカハネカクシ","Stenus yashiro Naomi & Puthz, 1994"
"マンボウビロウドコガネ","Maladera (Eumaladera) kitamorioi (H. Hirasawa, 2011)"
"イシハラヌレチゴミムシ","Apatrobus ishiharai Kasahara & Itô, 1994"
"エンマムシモドキ","Syntelia histeroides Lewis, 1882"
"エチゴクロナガゴミムシ","Pterostichus (Eosteropus) sudai Morita, 1991"
"ヒメホソニセツツマグソコガネ","Ataenius peregrinator Harold, 1877"
"トビイロホソハネカクシ","Othius latus latus Sharp, 1874"
"サトウキビコクゾウムシ","Myocalandra exarata (Boheman, 1838)"
"ヒサマツオノヒゲアリヅカムシ","Bryaxis hisamatsui Löbl, Kurbatov & Nomura, 1998"
"ホウオウクビボソジョウカイ","Asiopodabrus (Asiopodabrus) hououensis Takahashi, 2012"
"ホソヒメヒゲナガハナノミ","Microdrupeus insularis Nakane, 1993"
"サキシマツヤハムシ","Oomorphoides sakishimanus Kimoto & Gressitt, 1966"
"アオアシナガハナムグリ","Gnorimus subopacus Motschulsky, 1860"
"シナノケシガムシ","Cercyon (Cercyon) shinanensis Nakane, 1965"
"ジョウヤマコバネナガハネカクシ","Lathrobium (Lathrobium) duplebarbatum Assing, 2013"
"ヤトセスジジョウカイ","Lycocerus yato (Takahashi, 1992)"
"キュウシュウツチハンミョウ","Meloe (Meloe) auriculatus Marseul, 1876"
"サビクチブトゾウムシ","Canoixus japonicus Roelofs, 1873"
"オオモモブトシデムシ","Necrodes littoralis (Linnaeus, 1758)"
"ミヤコアトモンチビカミキリ","Sybra (Sybra) baculina miyakoana Hayashi, 1972"
"ニセトビムシハネカクシ","Platyolopsis paradoxa Bernhauer, 1907"
"4): 103-108.","Chûjô, M., 1954b. Descriptions of a new species and a new subspecies of the genus Lypesthes Baly from Japan, including some notices on its two known-species (Coleoptera : Chrysomelidae, Eumolpinae). Insecta matsumurana, 18(3"
"クロヒメヒラタゴミムシ","Agonum (Europhilus) gracile Sturm, 1824"
"コヒラタゴミムシ","Platynus (Batenus) protensus protensus (Morawitz, 1863)"
"コオニアリヅカムシ","Batrisodes (Excavodes) acutifrons Jeannel, 1958"
"キタナガエンマムシ","Platysoma (Platysoma) deplanatum (Gyllenhal, 1808)"
"シンシュウマルガタゴミムシ","Amara (Curtonotus) shinanensis (Habu, 1953)"
"アラハダトビハムシ","Trachytetra lewisi (Jacoby, 1885)"
"ヤエヤマニセヒゲブトチビシデムシ","Colonellus (Colonellus) yaeyamensis Hoshina, 2009"
"ホソクチカクシゾウムシ","Camptorhinus notabillis (Walker, 1859)"
"ウエノオビハナノミ","Glipa (Macroglipa) uenoi Takakuwa, 1986"
"ババチビツツハムシ","Melixanthus babai (Chûjô, 1959)"
"チャイロコメツキ　先島亜種","Haterumelater bicarinatus fukaishii Ôhira, 2005"
"トウカイコルリクワガタ　近畿亜種","Platycerus takakuwai akitai Fujitai, 1987"
"クニタチビロウドコガネ","Nipponoserica kunitachiana Nomura, 1976"
"クロナガチビキカワムシ","Lissodema uenoi Sasaji, 1988"
"ムツボシニセマルトビハムシ　屋久島亜種","Halticorcus sauteri insularis (Nakane, 1984)"
"エグリフトヒゲナガゾウムシ","Stiboderes impressus stibinus Jordan, 1912"
"ウスグロスジツツハムシ","Cryptocephalus (Burlinius) fulvus fuscolineatus Chûjô, 1940"
"イイデコヤメクラチビゴミムシ","Trechiama (Trechiama) balli S. Uéno, 1986"
"タイワンネブトヒゲナガゾウムシ","Habrissus formosanus Jordan, 1912"
"イシキリホソヒラタゴミムシ","Trephionus abiba Sasakawa & Itô, 2018"
"ヤエヤマスジツヤチビハネカクシ","Edaphus cloanthus Puthz, 2010"
"オキナワクロミナミボタル","Drilaster okinawensis Nakane, 1977"
"ヒメヒラタケシキスイ","Epuraea (Epuraea) domina Reitter, 1873"
"ミヤタケシギゾウムシ","Curculio (Curculio) miyatakei Morimoto, 1960"
"アヤモンチビカミキリ　沖縄亜種","Sybra (Sybra) ordinata loochooana Breuning, 1939"
"イモサルハムシ","Colasposoma dauricum Mannerheim, 1849"
"ムラカミメクラチビゴミムシ","Trechiama (Trechiama) murakamii S. Uéno, 1984"
"アオナミメクラチビゴミムシ","Yamautidius (Miyamaidius) anaulax S. Uéno, 1978"
"セダカオサムシ　岩手亜種","Cychrus morawitzi iwatensis Nakane, 1989"
"アムールチビコフキゾウムシ","Sitona amurensis Faust, 1882"
"フジツツニセユミセミゾハネカクシ","Carpelimus (Troginus) despectus fujiensis Gildenkov, 2002"
"ハラアカコブカミキリ","Moechotypa diphysis (Pascoe, 1871)"
"シナノマルトゲムシ","Byrrhus (Byrrhus) shinanensis Nakane, 1963"
"クロスジチャイロテントウ","Micraspis kiotoensis (Nakane & M. Araki, 1960)"
"アカアシチビコフキゾウムシ","Sitona suturalis Stephens, 1831"
"マルヒラタガムシ","Enochrus (Lumetus) subsignatus (Harold, 1877)"
"オオヒメハネカクシ","Atheta (Atheta) crassa Sawada, 1990"
"ムラカミカレキゾウムシ","Trachodes (Atrachodes) murakamii (Morimoto, 1962)"
"ミカンセマルヒゲナガゾウムシ","Phloeobius alternans (Wiedemann, 1819)"
"オオキボシハナノミ　本土琉球亜種","Hoshihananomia auromaculata nipponica Nomura, 1962"
"ヒゲクロツブゴミムシ","Pentagonica biangulata Dupuis, 1912"
"ホソヒラタコケムシ","Veraphis japonica (K. Sawada, 1962)"
"フリーブクチブトサルゾウムシ","Phytobius friebi Wagner, 1939"
"ミズキコブハムシ","Chlamisus interjectus (Baly, 1873)"
"サワダタチゲメダカハネカクシ","Stenus sawadaianus Hromádka, 1979"
"フタオタマムシ","Dicerca furcata (Thunberg, 1787)"
"オガサワラキンオビハナノミ","Variimorda (Variimorda) inomatai Takakuwa, 1985"
"オキナワジョウカイ","Lycocerus okinawanus (Ishida, 1986)"
"アジアオカツヤガムシ","Armostus crenulatus (Régimbart, 1903)"
"3): 71-75.","Kono, H., 1939a. Neue und wenig bekannte Käfer Japans V. Gattung Demimaea (Col. Curc.) Insecta matsumurana, 13(2"
"ニセクボタムクゲキノコムシ","Acrotrichis (Flachiana) similaris Sundt, 1969"
"ハスジカツオゾウムシ","Lixus (Eulixus) acutipennis (Roelofs, 1873)"
"キイロモモブトハムシ","Zeugophora gracilis unicolor Chûjô, 1958"
"ノダツヤホソゴミムシダマシ","Menephilus nodai Akita & Masumoto, 2016"
"ワタナベヒメゾウムシ","Baris watanabei Yoshihara, 2016"
"イネゾウムシ","Echinocnemus squameus (Boheman, 1835)"
"シラカミナガチビゴミムシ","Trechiama (Trechiama) albidivalis S. Uéno, 1994"
"シラヌイツヤアリヅカムシ","Batriscenellus (Scaioscenellus) shiranui Nomura, 1991"
"オオダイアオハムシダマシ","Arthromacra oodaigahara Imasaka, 2005"
"ヘリグロタマノミハムシ","Sphaeroderma ohkuboi Chûjô, 1940"
"キンショウメクラチビゴミムシ","Trechiama (Trechiama) spinulifer S. Uéno, 1985"
"ヤマトホソツツハネカクシ","Thoracophorus certatus Sharp, 1889"
"ムクゲヒメキノコハネカクシ","Sepedophilus germanus (Sharp, 1874)"
"ホンドニジゴミムシダマシ","Tetraphyllus paykullii (Dalman, 1823)"
"シコククロナガオサムシ","Carabus (Leptocarabus) hiurai Kamiyoshi & Mizoguchi, 1960"
"クロケナガクビボソムシ","Neostereopalpus oitaensis Nakane, 1983"
"ハロマドカオチバメダカハネカクシ","Stenus lubomiri Naomi, 2006"
"ミゾシジミガムシ","Laccobius (Glyptolaccobius) moriyai Kamite, Ogata & Hikida, 2007"
"アヤモンチビカミキリ　宮古亜種","Sybra (Sybra) ordinata miyakojimana Hayashi, 1972"
"スジヒメミゾコメツキダマシ","Dromaeolus japonensis Fleutiaux, 1923"
"エサキクロタマムシ","Buprestis (Ancylocheira) esakii Y. Kurosawa, 1954"
"アラゲキクイムシ","Phloeotribus spinulosus (Rey, 1883)"
"ギフヒメツヤドロムシ","Zaitzeviaria gifu Hayashi, Nagano & Kamite, 2025"
"エゾマツノコキクイムシ","Cryphalus jezoensis Inouye & Nobuchi, 1957"
"ツシマオオズナガゴミムシ","Pterostichus (Koreonialoe) opacipennis Jedlička, 1934"
"チュウゼンジキクイムシ","Eidophelus minutus Blandford, 1894"
"クモノスモンサビカミキリ　基亜種","Graphidessa venata venata Bates, 1884"
"オオオバボタル","Lucidina accensa Gorham, 1883"
"シコククロバネアリガタハネカクシ","Oedichirus (Oedichirus) kiuchii Sawada, 1964"
"サメメクラチビゴミムシ","Suzuka kobayashii (S. Uéno, 1956)"
"チャイロデオキノコムシ","Scaphidium brunneum Hoshina & Morimoto, 1999"
"カズオコクロハナボタル","Libnetis kazuoi M. Satô & Ohbayashi, 1968"
"イシガキアオジョウカイ","Themus (Haplothemus) ishigakiensis Okushima, 1991"
"リュウトウツヤゴモクムシ","Trichotichnus (Trichotichnus) ishikawai Kasahara, 1992"
"ホソハナコメツキ","Cardiophorus (Cardiophorus) niponicus Lewis, 1894"
"ナチセスジゲンゴロウ","Copelatus tomokunii M. Satô, 1985"
"ヒレルチビヒラタムシ","Placonotus hilleri (Reitter, 1878)"
"ヤイマツムガタアリヅカムシ","Pseudophanias yaimensis Inoue, Nomura & Yin, 2020"
"ツマジロヒラタケシキスイ","Epuraea (Epuraea) apiciclara S.-T. Hisamatsu, 2016"
"ノヤシケシカミキリ","Nobuosciades (Palmisciades) clinostigmai Hasegawa, Takeda & Karube, 2011"
"ウスグロニンフジョウカイ","Asiopodabrus (Asiopodabrus) usuguro Takahashi, 2012"
"ホソクロコメツキ　基亜種","Ampedus (Ampedus) tenuistriatus tenuistriatus (Lewis, 1894)"
"ムネモンヤツボシカミキリ","Saperda tetrastigma Bates, 1879"
"ムネアカグミトビハムシ","Zipanginia miyatakei Kimoto, 1971"
"イシハラシギゾウムシ","Curculio (Curculio) ishiharai Notsu, 1994"
"コヤマトヒゲブトアリヅカムシ　伊豆諸島亜種","Diartiger fossulatus izuinsulicola Nomura, 1997"
"ヤコンオサムシ　山陰地方亜種","Carabus (Ohomopterus) yaconinus maetai Ishikawa, 1994"
"エゾアリガタハネカクシ","Paederus (Paederus) parallelus Weise, 1877"
"オオダイマグソコガネダマシ","Bolitotrogus ohdaiensis Miyatake, 1964"
"アカマダラヒゲナガゾウムシ　屋久島亜種","Litocerus tokarensis insensibilis Shibata, 1969"
"アシグロツヤゴモクムシ","Trichotichnus (Trichotichnus) hisakoae Morita, 1997"
"トックリゴミムシ","Oodes (Lachnocrepis) desertus Motschulsky, 1858"
"クロアオケシジョウカイモドキ","Dasytes (Dasytes) japonica Kiesenwetter, 1874"
"トクノシマハラビロコケムシ","Cephennomicrus japonigenus (Jałoszyński & Hoshina, 2003)"
"チビマルホソカタムシ","Murmidius ovalis (Beck, 1817)"
"タムラクチボソコメツキ　基亜種","Glyphonyx (Glyphonyx) tamurai tamurai Kishii, 1985"
"クロヒラタケシキスイ　屋久島亜種","Ipidia (Ipidia) variolosa latior Grouvelle, 1914"
"クロモンマグソコガネ","Aphodius (Aphodaulacus) variabilis Waterhouse, 1875"
"アカアシクワガタ","Dorcus rubrofemoratus rubrofemoratus (Snellen van Vollenhoven, 1865)"
"フタモンサビカミキリ","Ropica caenosa (Matsushita, 1932)"
"チシマムクゲアリヅカムシ","Tainochus imperator Kurbatov, 1992"
"ヒメシラオビカミキリ","Pogonocherus fasciculatus costatus Motschulsky, 1859"
"マルモンサビカミキリ","Pterolophia (Pterolophia) angusta (Bates, 1873)"
"タカハシセスジハネカクシ","Oxytelus (Tanycraerus) lucidulus Cameron, 1929"
"エヒメスジツヤチビハネカクシ","Edaphus pergracilis Puthz, 2014"
"ミヤマホソマダラホソカタムシ","Namunaria montana Aoki & Narukawa, 2016"
"イツモンナガクチキ","Melandrya (Emmesa) pictipennis Lewis, 1895"
"イトウチビハバビロハネカクシ","Proteinus tateoitoi Y. Hayashi, 1988"
"ルイヨウマダラテントウ","Henosepilachna yasutomii Katakura, 1981"
"クワカミキリ","Apriona (Apriona) japonica Thomson, 1878"
"トビラチカナガハネカクシ","Nipponolathrobium kitayamai (T. Ito, 2009)"
"アオグロモモブトハムシ","Zeugophora hozumii Chûjô, 1953"
"ジュウシホシツツハムシ","Cryptocephalus (Cryptocephalus) tetradecaspilotus Baly, 1873"
"チビカグヤヒメキクイゾウムシ","Pseudocossonus brachypus Wollaston, 1873"
"ハラトゲチビシデムシ","Catops luridipennis asiaticus Jeannel, 1936"
"オニエグリゴミムシダマシ","Uloma (Uloma) kondoi Nakane, 1968"
"ニセジュウジベニボタル　基亜種","Eulopheros harmandi harmandi (Bourgeois, 1902)"
"ウンゼンオオズアリヅカムシ","Nipponobythus omissus Löbl, 1965"
"マイキンオビハナノミ　母島亜種","Variimorda (Variimorda) maiae shoui Takakuwa, 2010"
"フィリピンキクイムシ","Cyrtogenius brevior (Eggers, 1927)"
"ツシマミジンムシダマシ","Aphanocephalus tsushimanus John, 1961"
"ミヤマカミキリ","Neocerambyx raddei Blessig, 1872"
"マツクチブトキクイゾウムシ","Stenoscelis gracilitarsis Wollaston, 1873"
"ヒメコエンマコガネ","Caccobius (Caccobius) brevis C. O. Waterhouse, 1875"
"ネブトクワガタ　与那国島亜種","Aegus laevicollis mizunumai Ichikawa & Fujita, 1985"
"オキナワナギサハネカクシ","Bryothinusa okinawana Liu, Ono & Maruyama, 2021"
"チビウスバハムシ","Stenoluperus bicarinatus (Weise, 1874)"
"ズマルトラカミキリ","Xylotrechus (Xylotrechus) lautus Matsushita, 1933"
"サッポロヒメテントウ","Scymnus (Pullus) sapporensis (Ohta, 1929)"
"ベニヒラタムシ","Cucujus coccinatus Lewis, 1881"
"ツヤナガホソツツキノコムシ","Orthocis ishiharai Kawanabe, 1994"
"ツヤオオアオゾウムシ","Chlorophanus miyakawai Morimoto, 2015"
"リンゴカミキリ","Oberea (Oberea) japonica (Thunberg, 1787)"
"カミコウチツヤムネハネカクシ","Quedius (Raphirus) marginipennis Bernhauer, 1939"
"ツマキヒラタチビタマムシ　基亜種","Habroloma (Parahabroloma) eximium eximium (Lewis, 1893)"
"チビツヤゴモクムシ","Trichotichnus (Bottchrus) nanus Habu, 1954"
"アワオビツチゾウムシ","Antinia awana Morimoto, 2015"
"ツマベニマグソコガネ","Aphodius (Otophorus) haemorrhoidalis (Linnaeus, 1758)"
"ダイセンオオコバネナガハネカクシ","Lathrobium (Lathrobium) daisenense Y. Watanabe, 1987"
"ハネナガヒラタヒメキノコハネカクシ","Sepedophilus littoreus (Linnaeus, 1758)"
"オガサワラサビコメツキ","Lacon boninensis (Ôhira, 1970)"
"フルカワコキクイムシ","Cryphalus furukawai Murayama, 1934"
"フトムクゲヒメキノコハネカクシ","Sepedophilus apterus Naomi & Maruyama, 1998"
"ヒメミズスマシ","Gyrinus (Gyrinus) gestroi Régimbart, 1883"
"マメトガリハネカクシ","Panscopaeus lithocharoides (Sharp, 1874)"
"マメダルマコガネ","Panelus parvulus (Waterhouse, 1874)"
"キュウシュウチビトラカミキリ　トカラ中之島亜種","Perissus kiusiuensis nishinoi Fujita, 2023"
"ジュウジクロカミキリ","Clytosemia pulchra Bates, 1884"
"キイロナギサハネカクシ","Bryothinusa tsutsuii (K. Sawada, 1955)"
"チビズマルヒメハナムシ","Phalacrus luteicornis Champion, 1924"
"トビイロホテイケシデオキノコムシ","Scaphobaeocera japonica (Reitter, 1880)"
"ヒメサクラコガネ","Anomala geniculata (Motschulsky, 1866)"
"サツマゴミムシダマシ","Leichenum canaliculatum canaliculatum (Fabricius, 1798)"
"マサタカアシナガゾウムシ","Neomecyslobus (Nipponomerus) masatakai Morimoto & Kojima, 2007"
"スミイロハナカミキリ　本州亜種","Nivellia (Nivellia) extensa yuzawai Shimomura & Toyoshima, 1988"
"ニホンフトヒラタコメツキ","Liotrichus (Acteniceromorphus) nipponensis Ôhira, 1973"
"ムナグロチャイロテントウ","Micraspis satoi Miyatake, 1977"
"セスジカタキバゴミムシ","Badister (Badister) vittatus Bates, 1873"
"ハネビロニセオオキバハネカクシ","Pseudoxyporus sakagutii Nakane & K. Sawada, 1956"
"ウスリーナガクチキ","Melandrya (Melandrya) ussuriensis Nikitsky, 1972"
"イブキメクラチビゴミムシ","Trechiama (Trechiama) spinosus S. Uéno, 1980"
"カオルコミズギワゴミムシ","Tachys (Paratachys) kaorutanakai Habu, 1977"
"モンクロアリノスハネカクシ","Zyras (Zyras) haworthi (Stephens, 1832)"
"サクラノホソキクイムシ","Xyleborinus attenuatus (Blandford, 1894)"
"ウスミドリシギゾウムシ","Curculio (Curculio) rai Morimoto, 1981"
"ウネメクラチビゴミムシ","Trechiama (Trechiama) une S. Uéno, 2001"
"ムナグロホソツヤシデムシ　基亜種","Apteroloma discicolle discicolle (Lewis, 1893)"
"ニホンホシガタキクイムシ","Pityogenes japonicus Nobuchi, 1974"
"クロタマキスイ","Apastillus eminentithorax (S.-T. Hisamatsu, 2013)"
"イシヅチカタホソヨツメハネカクシ","Philydrodes (Philydrodes) houkibou Senda, 2019"
"ゴリアテキクイムシモドキ","Ficicis porcatus (Chapuis, 1869)"
"ヨツモンエグリゴモクムシ","Amblystomus quadriguttatus (Motschulsky, 1858)"
"スモウオノヒゲアリヅカムシ","Bryaxis sumo Löbl, Kurbatov & Nomura, 1998"
"キタマルヒラタドロムシ","Eubrianax brunneicornis Nakane, 1952"
"オオキバチビヒラタムシ","Nipponophloeus dorcoides (Reitter, 1874)"
"ラッコミズギワゴミムシ","Bembidion (Nipponobembidion) hagai Morita, 2019"
"ニホンハリネズミハネカクシ","Adelarthra iapona Hashizume, 2023"
"セスジヒメハナカミキリ　佐渡島亜種","Cryptopidonia amentata sadoensis (Kuboki, 1993)"
"カタキヒメハナノミ","Falsomordellistena (Falsomordellistena) tokarana Nakane, 1956"
"ミヤケヒメナガクチキ　基亜種","Symphora brunnea brunnea (Marseul, 1876)"
"クロカタビロヒメゾウムシ","Omobaris chloranthae Kojima & Yoshihara, 2009"
"ヒガシメナシタマキノコムシ","Typhlocolenis furunoi Hoshina, 2008"
"イシハラヒメナガゴミムシ","Pterostichus (Cryobius) ishiharai Ishida & Shibata, 1961"
"タカモリメクラチビゴミムシ","Stygiotrechus kadanus S. Uéno, 2001"
"ヨコヤマトラカミキリ","Epiclytus yokoyamai (Kano, 1933)"
"シマヒメサビキコリ","Agrypnus kusuii Ôhira, 1993"
"クロオサムシ　関東地方北東部亜種","Carabus (Ohomopterus) albrechti tsukubanus Takami & Ishikawa, 1997"
"ヨスジホソハナカミキリ","Strangalia attenuata (Linnaeus, 1758)"
"ヒメオチバツツハネカクシ","Mimogonus microps (Sharp, 1889)"
"ムモンヒメテントウ","Nephus (Bipunctatus) kompirasanus (H. Kamiya, 1961)"
"シリグロマメゾウムシ","Bruchidius serricollis Morimoto, 1990"
"ギョウトクニンフジョウカイ","Asiopodabrus (Asiopodabrus) gyotokui (Nakane & Makino, 1989)"
"アヤメツブノミハムシ","Aphthona interstitialis Weise, 1887"
"シロオビアカアシナガゾウムシ","Merus (Merus) nipponicus (Kono, 1930)"
"ゴマダラチビゲンゴロウ","Neonectes natrix (Sharp, 1884)"
"ミツモンマルカッコウムシ","Allochotes amamioshimanus Miyatake, 1965"
"カズラアトモンチビカミキリ　基亜種","Sybra (Sybra) nishinoi nishinoi Fujita & Hirayama, 2017"
"ヤノヤハズカミキリ","Niphona (Niphona) yanoi yanoi Matsushita, 1934"
"コブナシコブスジコガネ","Trox (Niditrox) nohirai Nakane, 1954"
"ウォルターヒメジョウカイモドキ","Attalus (Attalus) walteri M. Satô, 1986"
"エゾハネビロアトキリゴミムシ","Lebia (Poecilothais) fusca Morawitz, 1863"
"サトウヒメコバネナガハネカクシ","Lathrobium (Lathrobium) satoi Y. Watanabe, 2003"
"ケブカハネカクシ","Acanthoglossa hirtella (Sharp, 1889)"
"ハマナスハナゾウムシ","Anthonomus (Anthonomus) terreus Gyllenhal, 1835"
"グラナリアコクゾウムシ","Sitophilus granarius (Linnaeus, 1758)"
"ヤンバルメダカオオキバハネカクシ","Megalopinus (Megalopinus) jambar Naomi & Hirano, 2014"
"アシブトカクホソカタムシ","Philothermopsis crassipes (Sharp, 1885)"
"ニジコマルキマワリ","Amarygmus (Amarygmus) iridicollis (Nakane, 1968)"
"トゲウスバカミキリ　沖縄島亜種","Spinimegopis nipponica okinawana (Fujita, 1980)"
"コンピラオオコバネナガハネカクシ","Lathrobium (Lathrobium) konpira Y. Watanabe, 1991"
"イワキオオズナガゴミムシ２","Pterostichus (Smilodonialoe) iwakiensis Sasakawa, 2009"
"ヘルメットキクイムシ","Euwallacea galeatus (Blandford, 1894)"
"チャイロツヤムネハネカクシ","Quedius (Microsaurus) adustus Sharp, 1889"
"キバネアラゲカミキリ","Anaesthetobrium luteipenne Pic, 1923"
"ハチジョウツチハンミョウ","Meloe (Meloe) hachijoensis Okano, Ohnishi, Tojo & Yoshitomi, 2025"
"レンゲツヤゴモクムシ","Trichotichnus (Trichotichnus) kishimotoi Morita, 1997"
"スオウコガネホソコメツキ","Sericus (Sericus) tanakai Kishii, 2004"
"ムナグロホソアリモドキ","Sapintus (Sapintus) cohaeres (Lewis, 1895)"
"ヒメアオツヤハダコメツキ　北海道亜種","Mucromorphus miwai yushiroi W. Suzuki, 1985"
"ジョウネンツヤムネハネカクシ","Quedius (Quedius) fuliginosus (Gravenhorst, 1802)"
"ムナビロテントウダマシ　基亜種","Mycetina laticollis laticollis Gorham, 1887"
"ホソナガシバンムシ","Microbregma emarginatum (Duftschmid, 1825)"
"ジャクチクビボソジョウカイ","Asiopodabrus (Asiopodabrus) jakuchisanus Takahashi, 2020"
"ムナキホソヒゲナガハムシ　本州亜種","Luperus laricis spurius Ogloblin, 1936"
"ヒメケブカチョッキリ","Involvulus (Parinvolvulus) pilosus (Roelofs, 1874)"
"ヒメツツガタシバンムシ","Gastrallus dimidiatus Sakai, 1984"
"アマミコブヒゲチビジョウカイ","Frostia (Frostia) uenoi Takahashi, 2021"
"ミナミハラビロコケムシ","Cephennomicrus hobbiti (Jałoszyński & Hoshina, 2003)"
"ニホンミズギワコメツキ","Fleutiauxellus (Migiwa) niponicus (Kishii, 1957)"
"カネコシリブトジョウカイ","Yukikoa kanekoi Takahashi, 2003"
"サキシママンマルコガネ","Madrasostes hisamatsui Ochi, 1990"
"ルリヒラタムシ","Cucujus mniszechi Grouvelle, 1874"
"ムナグロチャイロツヤハダコメツキ","Scutellathous porrecticollis (Lewis, 1894)"
"ヨツボシヤシコクゾウムシ","Diocalandra frumenti (Fabricius, 1801)"
"ウンランチビハナケシキスイ","Brachypterolus pulicarius (Linnaeus, 1758)"
"キムネキボシハナノミ","Hoshihananomia ochrothorax Nomura, 1975"
"ニシカワメクラチビゴミムシ","Stygiotrechus nishikawai S. Uéno, 1980"
"ヤクアカヒゲヒラタコメツキ","Neopristilophus yakuanus Kishii, 1982"
"ウスグロホソキコメツキ","Agaripenthes tsutsui (Nakane & Kishii, 1955)"
"ルイスホソカタムシ","Gempylodes ornamentalis (Reitter, 1878)"
"オオケブカチョッキリ","Involvulus (Teretriorhynchites) amabilis (Roelofs, 1874)"
"フタツメケシカミキリ","Nobuosciades (Nobuosciades) bioculatus (Matsumura & Matsushita, 1933)"
"シモキタメクラチビゴミムシ","Oroblemus sparsepilifer S. Uéno, 1975"
"ホシナオチバメダカハネカクシ","Stenus hoshinai Naomi, 2012"
"カリバチビゴミムシ","Epaphiopsis (Epaphiama) alloligops S. Uéno, 1978"
"セダカコブヤハズカミキリ　南九州亜種","Parechthistatus (Parechthistatus) gibber grossus (Bates, 1884)"
"コウカタツヤムネハネカクシ","Quedius (Microsaurus) koukatai Y. Watanabe & K. Arai, 2015"
"ヤツメカミキリ","Eutetrapha ocelota (Bates, 1873)"
"コクワガタ　大隅諸島亜種","Dorcus rectus mishimaensis Tsuchiya, 2003"
"コクロナガオサムシ　道央道東道北亜種","Carabus (Leptocarabus) arboreus pararboreus (Ishikawa, 1992)"
"ヒメキマワリ","Plesiophthalmus (Plesiophthalmus) laevicollis Harold, 1878"
"ヨコハマナガゴミムシ","Pterostichus (Nialoe) yokohamae Nakane & Straneo, 1979"
"ルビーシギゾウムシ","Curculio (Curculio) rubidus (Gyllenhal, 1836)"
"ヤクシマビロウドコガネ","Maladera (Eumaladera) yakushimana Kobayashi, Kusui & Imasaka, 2006"
"ヤツボシシロカミキリ","Olenecamptus octopustulatus (Motschulsky, 1873)"
"アマミニセクワガタカミキリ　基亜種","Komiyandra shibatai shibatai (Hayashi, 1963)"
"アトオビコミズギワゴミムシ","Porotachys recurvicollis (Andrewes, 1925)"
"オオチャイロコガネ","Holotrichia (?) niponensis (Lewis, 1895)"
"コブハナゾウムシ","Anthonomus (Tachypterellus) dorsalis (Voss & Chûjô, 1960)"
"オオクロマメゲンゴロウ","Ilybius erichsoni (Gemminger & Harold, 1868)"
"ハイイロトゲトゲゾウムシ","Colobodes valbum Roelofs, 1875"
"イブシセスジハネカクシ","Anotylus funebris (Bernhauer, 1907)"
"アカガネサルハムシ　奄美亜種","Acrothinium gaschkevitchii shirakii Nakane, 1956"
"ユウバリメクラチビゴミムシ","Trechiama (Trechiama) inflexus S. Uéno, 1971"
"ブンラクハヤシメダカハネカクシ","Stenus bunraku Hromádka, 1990"
"オチバヒメメダカハネカクシ","Stenus ochiba Naomi & Puthz, 1994"
"ホソツヤヒゲナガコバネカミキリ　基亜種","Molorchus (Molorchus) nitida nitida Obika, 1973"
"シモフリカツオブシムシ","Dermestes undulatus Brahm, 1790"
"ミソハギハムシ","Galerucella (Neogalerucella) calmariensis (Linnaeus, 1767)"
"ヤチダモノオオキクイムシ","Hylesinus nobilis Blandford, 1894"
"ケブカミジンムシ","Arthrolips fusca (Matthews, 1899)"
"アシナガマルムネホソヒラタムシ","Silvanolomus brevis (Wollaston, 1873)"
"モンキゴミムシダマシ　伊豆諸島亜種","Diaperis lewisi fujitai Akita & Masumoto, 2015"
"クロオオナガゴミムシ","Pterostichus (Platysma) leptis Bates, 1883"
"オオツカチャイロコガネ","Sericania ohtsukai Miyake, 1988"
"ヒサゴクチカクシゾウムシ","Simulatacalles simulator (Roelofs, 1875)"
"アカムネチビツツハムシ","Cryptocephalus (Burlinius) honshuensis Takizawa, 2015"
"ツブスジドロムシ","Paramacronychus granulatus Nomura, 1958"
"エンマムシダマシ","Sphaerites glabratus (Fabricius, 1792)"
"リュウキュウイクビキノコハネカクシ","Bryoporus ryukyuensis L. -Z. Li, Du & Lai, 1998"
"ハクサンツチゾウムシ","Trachyphilus hakusanus Morimoto, 2015"
"アキヨシメクラチビゴミムシ　基亜種","Rakantrechus (Uozumitrechus) etoi etoi S. Uéno, 1958"
"ホソクリタマムシ","Toxoscelus matobai Tôyama, 1985"
"オオセンチコガネ　屋久島亜種","Phelotrupes (Chromogeotrupes) auratus yaku (Tsukamoto, 1958)"
"ミヤマヒサゴコメツキ　石鎚山亜種","Homotechnes motschulskyi ishizuchi (Kishii, 1985)"
"オオキンナガゴミムシ","Poecilus (Poecilus) samurai (Lutshnik, 1916)"
"ハイイロビロウドコガネ","Paraserica gricea (Motschulsky, 1866)"
"ツルグミナガツツハムシ","Smaragdina ihai (Chûjô, 1958)"
"ナガゴマフカミキリ","Mesosa (Aplocnemia) longipennis Bates, 1873"
"クロセスジガムシ","Helophorus (Rhopalohelophorus) nigricans Poppius, 1907"
"キバネクビボソハネカクシ","Rugilus (Eurystilicus) ceylanensis (Kraatz, 1859)"
"ハマベヒメサビキコリ　伊豆諸島亜種","Agrypnus miyamotoi ishiharai Ôhira, 1994"
"ツヤアラゲサビカミキリ","Egesina (Niijimaia) picea Hayashi, 1962"
"ヤクチビオオキノコ","Triplax yakushimana Nakane, 1959"
"クロハナノミ　北海道亜種","Mordella brachyura akage Nomura, 1958"
"アイヌヨモギハムシ","Chrysolina (Apterosoma) aino Takizawa, 1970"
"ミナミナガヒラタムシ","Tenomerga anguliscutis (Kolbe, 1886)"
"コクロホソアリモドキ","Anthicus pilosus Marseul, 1877"
"ミヤマオオタマキノコムシ","Leiodes tanakai Hoshina, 2012"
"オキナワキゲンセイ","Zonitoschema okinawensis (Miwa, 1928)"
"ヒメハナノミダマシ","Scraptia forticornis Champion, 1916"
"フウレンメクラチビゴミムシ","Rakantrechus (Paratrechiama) pallescens S. Uéno, 1960"
"タイワンキスジヒゲナガゾウムシ","Aphaulimia grammica grammica (Jordan, 1912)"
"オオシマヒラタハナムグリ　基亜種","Neovalgus laetus laetus (Arrow, 1913)"
"シャープセスジチビハネカクシ","Micropeplus sharpi K. Sawada, 1964"
"ツヤマメゴモクムシ？","Stenolophus (Stenolophus) castaneipennis Bates, 1873"
"ノムラメクラチビゴミムシ　基亜種","Rakantrechus (Paratrechiama) nomurai nomurai S. Uéno, 1960"
"ミヤマクビボソジョウカイ","Asiopodabrus (Asiopodabrus) lictorius (Lewis, 1895)"
"チビマルヒゲナガハナノミ","Macroeubria lewisi Nakane, 1952"
"イリエヒメマルタマムシ","Philanthaxia iriei Y. Kurosawa, 1985"
"オフィオンホソコガシラハネカクシ","Gabrius ophion Smetana, 1984"
"オオクロカミキリ","Megasemum quadricostulatum Kraatz, 1879"
"ビロウドコメツキダマシ","Galbites australiae (Lea, 1919)"
"ナガノマキムシモドキ","Laricobius naganoensis Leschen, 2011"
"チビマルクビゴミムシ　基亜種","Nippononebria (Nippononebria) pusilla pusilla (S. Uéno, 1955)"
"ノコギリクワガタ　基亜種","Prosopocoilus inclinatus inclinatus (Motschulsky, 1858)"
"キタオニケシキスイ","Glischrochilus (Librodor) quadrisignatus (Say, 1835)"
"グンマキクイムシ","Xylechinus gummensis (Murayama, 1958)"
"アカチビケシキスイ","Meligethinus tschungseni Kirejtshuk, 1987"
"マルクビケマダラカミキリ","Trichoferus campestris (Faldermann, 1835)"
"マメコガネ","Popillia japonica Newman, 1841"
"カンピラツノチビゴミムシダマシ","Pentaphyllus kampiraensis Akita & Masumoto, 2015"
"ホソヒメクロコメツキ","Ampedus (Miwaelater) otobei Kishii, 1986"
"オオスナハラゴミムシ","Diplocheila (Isorembus) zeelandica (Redtenbacher, 1867)"
"ヨシダツチゾウムシ","Trachyphilus yoshidai Morimoto, 2015"
"トラフコメツキ","Pristilophus onerosus (Lewis, 1894)"
"ヤクシマクリタマムシ　本州亜種","Toxoscelus yakushimensis hatayamai Y. Kurosawa, 1977"
"リュウキュウツヤテントウ","Serangium ryukyuense H. Kamiya, 1965"
"ハイマダラノミゾウムシ","Orchestes (Orchestes) yokoae Morimoto & Miyakawa, 1996"
"キイロタマノミハムシ","Sphaeroderma unicolor Kimoto, 1965"
"ラムネヒゲブトチビシデムシ","Colon (Myloechus) ramune Hoshina, 2019"
"キュウシュウクロホシテントウゴミムシダマシ","Derispia miyakei Akita & Masumoto, 2016"
"ルイスヨツモンセマルヒラタムシ","Psammoecus quadrimaculatus Reitter, 1874"
"ムナコブクモゾウムシ","Talimanus speculiferus (Heller, 1932)"
"イリオモテボタル","Rhagophthalmus ohbai Wittmer, 1994"
"スギモトツヤゴモクムシ","Trichotichnus (Bottchrus) sugimotoi Habu, 1975"
"42): 10.","永幡嘉之, 1995. 鳥取県下におけるオオヒラタハナムグリ雌の採集例. すかしば, (41"
"キボシハナノミ","Hoshihananomia hananomi (Kono, 1928)"
"クビボソジョウカイ","Hatchiana heydeni (Kiesenwetter, 1879)"
"ババナガタマムシ","Agrilus babai Tôyama, 1988"
"ミナミケシツブムクゲキノコムシ","Acrotrichis (?) meridiana Sawada & Hirowatari, 2002"
"アカガネアオハムシダマシ","Arthromacra decora (Marseul, 1876)"
"メツブテントウ","Sticholotis substriata Crotch, 1874"
"ニセコナガコメツキ","Neopenthes pallidihumeralis Kishii, 1973"
"コブスジアカガネオサムシ　北海道亜種","Carabus (Carabus) arcensis hokkaidoensis Lapouge, 1925"
"アカアシオオアオゾウムシ","Chlorophanus auripes Faust, 1879"
"ヒメオサムシ　淡路島四国亜種","Carabus (Ohomopterus) japonicus awajiensis Imura, Dejima & Mizusawa, 1993"
"オオズウミハネカクシ","Liparocephalus tokunagai Sakaguti, 1944"
"サワダキノコゴミムシダマシ","Platydema sawadai Masumoto, 1991"
"ミツメナガチビゴミムシ","Trechiama (Trechiama) triops S. Uéno, 1994"
"クロコハナコメツキ","Paracardiophorus opacus (Lewis, 1894)"
"バナナツヤオサゾウムシ","Odoiporus longicollis (Olivier, 1807)"
"ヒメデオキノコムシ","Scaphidium femorale Lewis, 1893"
"ヒロムネヒメハネカクシ","Notothecta effecta (Sawada, 1989)"
"オキナワダルマガムシ","Hydraena (Hydraenopsis) okinawensis Jäch & Díaz, 1999"
"イセヤマツチゾウムシ","Trachyphilus isemontanus Morimoto, 2015"
"ツシママルムネゴミムシダマシ","Asialassus tsushimanus (Nakane, 1979)"
"オオクチカクシゾウムシ","Syrotelus septentrionalis (Roelofs, 1876)"
"アカギツチゾウムシ","Trachyphilus akagiyamanus Morimoto, 2015"
"ヤマナシアカヒラタゴミムシ","Yukihikous ohkawai Morita, 2012"
"アラカワダケヒメジョウカイ","Rhagonycha (Rhagonycha) arakawadakensis M. Satô, 1976"
"ヒメセスジチビハネカクシ","Micropeplus yasutoshii Y. Watanabe, 1975"
"トカラアカアシコハナコメツキ　屋久島亜種","Paracardiophorus tokara yakuensis Ôhira, 1970"
"トゲアシトビハムシ","Aphthonoides beccaril Jacoby, 1885"
"ノコギリホソカタムシ","Endophloeus serratus Sharp, 1885"
"オキツチゾウムシ","Trachyphilus okianus Morimoto, 2015"
"ニセキュウシュウナガゴミムシ","Pterostichus (Sphodroferonia) arcuaticarinatus Kasahara, 1986"
"タンバホソコガシラハネカクシ","Gabrius hiranoi Hayashi, 2021"
"オオゴモクムシ","Harpalus (Pseudoophonus) capito Morawitz, 1862"
"ヒメツヤハムシ","Oomorphus (Oomorphus) japanus Jacoby, 1885"
"シマバラコハナコメツキ","Paracardiophorus imasakai Ôhira, 1995"
"サトウヒメヒゲナガゾウムシ","Rhaphitropis satoi Senoh, 2007"
"ルイスコメツキモドキ","Languriomorpha lewisi (Crotch, 1873)"
"マルガタゴミムシ","Amara (Amara) chalcites Dejean, 1828"
"コウノゴマフカミキリ　久米島亜種","Mesosa (Mesosa) konoi kumejimana Kusama & Takakuwa, 1984"
"ヤギシリアカコメツキ","Ampedus (Ampedus) yagishirensis Ôhira, 1986"
"ハギツルクビオトシブミ","Compsapoderus (Compsapoderus) foveipennis (Suffrian, 1870)"
"ヒラタクワガタ　奄美大島亜種","Dorcus titanus elegans Boileau, 1899"
"ミナミヤマメクラチビゴミムシ","Yamautidius (Yamautidius) latipennis (S. Uéno, 1960)"
"キタホソアトキリゴミムシ","Dromius (Dromius) nipponicus Habu, 1983"
"ヨコヅナキカワアリヅカムシ","Piptoncus duplex sobrinus Kurbatov, 1991"
"ヤクチビコブカミキリ","Miccolamia (Isomiccolamia) yakushimensis M. Hasegawa & N. Ohbayashi, 2001"
"クロルリハムシ","Chrysolina (Hypericia) difficilis yezoensis (Matsumura, 1911)"
"イシヅチチビマルトゲムシ","Simplocaria (Simplocaria) ivanloebli Pütz, 2002"
"オガタカネコメツキ","Gambrinus ogatai Kishii, 1985"
"ヒメクロオサムシ　日高山脈南端部亜種","Carabus (Asthenocarabus) opaculus apoi (Imura, 2011)"
"セトクロズトガリハネカクシ","Lithocharis sororcula Kraatz, 1859"
"センジョウハナムグリヨツメハネカクシ","Eusphalerum senjoense Y. Watanabe, 1990"
"シマネコキクイムシ","Ernoporus shimanensis Murayama, 1953"
"キリシマハナボタル","Plateros kirishima Nakane, 1975"
"カクムネクロベニボタル　基亜種","Cautires nakanei nakanei (Winkler, 1953)"
"ホソニセヒメジョウカイ","Lycocerus okuyugawaranus (Takahashi, 1992)"
"イブシヒラタケシキスイ","Epuraea (?) pusilla (Grouvelle, 1894)"
"ツヤケシチビケシキスイ","Sagittogethes mus (Reitter, 1884)"
"デイクマンシギゾウムシ","Curculio (Curculio) dieckmanni (Faust, 1887)"
"ツシマハネナシサビカミキリ","Pterolophia (Pseudale) adachii (Hayashi, 1983)"
"イマジョウメクラチビゴミムシ","Trechiama (Trechiama) cognatus S. Uéno, 1988"
"ホソコミズギワゴミムシ","Lymnastis pilosus Bates, 1892"
"ルリイクビチョッキリ","Deporaus (Caenorhinus) mannerheimii (Hummel, 1823)"
"ヒバクロハナボタル","Plateros kosakai Nakane, 1977"
"クロアシハラグリハムシ","Euliroetis nigripes (Baly, 1874)"
"サザナミツブゲンゴロウ","Laccophilus flexuosus Aubé, 1838"
"ヨツグロモンヒメキノコハネカクシ","Sepedophilus iriomotensis Naomi & Maruyama, 1997"
"ナチタチゲメダカハネカクシ","Stenus nachiensis Puthz, 2001"
"ヤンバルスジツヤチビハネカクシ","Edaphus diversipunctatus Puthz, 2010"
"アマミエグリツツキノコムシ","Ennearthron amamense Miyatake, 1959"
"ケブカコフキコガネ　基亜種","Tricholontha papagena papagena Nomura, 1952"
"アカアシユミセミゾハネカクシ","Thinodromus (Thinodromus) deceptor (Sharp, 1889)"
"コブスジツヤチビハネカクシ","Edaphus callosifrons Puthz, 2010"
"ジョウカイボン　基亜種","Lycocerus suturellus suturellus (Motschulsky, 1861)"
"ズグロキスイモドキ","Byturus atricollis Reitter, 1874"
"セキヒメツヤケシコメツキ","Melanoxanthus sekii Arimoto, 2010"
"ゴマダラキノコムシダマシ","Tetratoma (Abstrulia) ainu (Nakane, 1963)"
"64): 21-24.","大平仁夫・白石正人, 1993. 愛媛県産コメツキムシ類の分布記録（1）. げんせい, (63"
"オオルリオサムシ　根釧台地亜種","Carabus (Acoptolabrus) gehinii konsenensis (Ishikawa, 1968)"
"アトキツツホソカタムシ　基亜種","Teredolaemus guttatus guttatus Sharp, 1885"
"イワミオオコバネナガハネカクシ","Lathrobium (Lathrobium) iwamiense Y. Watanabe, 1991"
"アカダルマコガネ","Panelus rufulus Nomura, 1973"
"ヤスマツナカミゾコメツキダマシ","Rhacopus yasumatsui (Hisamatsu, 1960)"
"ダルマシロアリヤドリ","Japanophilus hojoi Maruyama & Iwata, 2002"
"セアカケブカサルハムシ","Fidia fulva (Baly, 1878)"
"コカメノコデオキノコムシ","Cyparium laevisternale Nakane, 1956"
"メイホウクビボソジョウカイ","Asiopodabrus (Asiopodabrus) meihoensis Takahashi, 2012"
"アカコメツキ","Ampedus (Ampedus) orientalis (Lewis, 1894)"
"クロオビツツハムシ","Physosmaragdina nigrifrons (Hope, 1843)"
"エゾツツキノコムシ","Cis jezoensis Nobuchi, 1960"
"ナガヒョウタンゴミムシ","Scarites (Parallelomorphus) terricola pacificus Bates, 1873"
"コキクイツツキノコムシ","Xylographella punctata Miyatake, 1985"
"ヤマトチビコバネカミキリ　琉球亜種","Leptepania minuta ryukyuana Hayashi, 1963"
"ブンゴハラクボアリヅカムシ","Batriscenellus (Batriscenellus) nodulifer Nomura, 1991"
"ヘリアカゴミムシダマシ","Cenoscelis (Cenoscelis) lateralis (Boheman, 1858)"
"アトモンチビカミキリ　基亜種","Sybra (Sybra) oshimana oshimana Breuning, 1958"
"ホリュウリキクイムシ","Polygraphus horyurensis Murayama, 1937"
"チビマルカギアシゾウムシ","Azollaebagous pygmaeodes (O'Brien & Morimoto, 1994)"
"リュウキュウチビジョウカイ","Maltypus ryukyuanus Wittmer, 1970"
"イグチマルガタゴミムシ","Amara (Bradytus) macra (Bates, 1883)"
"アマミトビイロクチキムシ","Borboresthes amamianus Maeda & Nakane, 1988"
"チャバネホソミツギリゾウムシ","Cyphagogus iwatensis Morimoto, 1976"
"ヒメムクゲサルハムシ","Parascela cribrata (Schaufuss, 1871)"
"ヒメクビレハネカクシ","Ischnopoda semiopaca (Bernhauer, 1939)"
"ニセアオマルガタミズギワゴミムシ","Bembidion (Plataphus) shilenkovi Morita, 1989"
"マトバツチゾウムシ","Trachyphilus matobai Morimoto, 2015"
"オオクラマメコメツキ","Quasimus (Miquasus) ohkurai Ôhira, 1992"
"ダイトウトビイロクチキムシ","Borboresthes aokii Akita & Masumoto, 2015"
"クロエグリタマムシ","Endelus (Endelus) bicarinatus Théry, 1932"
"ベーツヒラタカミキリ","Eurypoda (Neoprion) batesi Gahan, 1894"
"チビヒメハナノミ","Pseudomordellistena chibi (Kono, 1932)"
"ミヤマクロコメツキ","Ampedus (Ampedus) alpinus Kishii, 1992"
"トライクビチョッキリ","Caenorhinus (Flavodeporaus) tigris (Y. Sawada, 1993)"
"マルドロムシ","Georissus (Georissus) canalifer Sharp, 1888"
"ニシカワツヤツチゾウムシ","Asphalmus nishikawai Morimoto, 2015"
"カイモチザイノキクイムシ","Tricosa metacuneolus (Eggers, 1940)"
"ヨシダオオズナガゴミムシ","Pterostichus (Sphodroferonia) masatakayoshidai N. Ito, 2011"
"ビロウドカミキリ　伊豆諸島亜種","Acalolepta fraudatrix nigricornis Makihara, 1977"
"オガサワラツヤホソゴミムシダマシ","Menephilus atronitens (Kulzer, 1957)"
"ルイスカギアシゾウムシ","Bagous (Macropelmus) lewisi O'Brien & Morimoto, 1994"
"ヤマトケシマグソコガネ","Leiopsammodius japonicus (Harold, 1878)"
"ヒサシクビボソジョウカイ","Asiopodabrus (Asiopodabrus) hisashii (Nakane, 1990)"
"ハコネメクラチビゴミムシ","Trechiama (Trechiama) pallidior S. Uéno, 1981"
"ニセコガタマツシバンムシ","Ernobius simillimus Sakai, 2002"
"クビアカトラカミキリ","Xylotrechus (Igneotrechus) rufilius rufilus Bates, 1884"
"マトバオチバメダカハネカクシ","Stenus matobai Naomi, 2012"
"オゼチビマルハナノミ","Contacyphon ozensis (M. Satô, 1982)"
"ヤマノリメクラチビゴミムシ","Trechiama (Trechiama) humicola S. Uéno, 2000"
"クロキノコゴミムシダマシ　基亜種","Platydema fumosa fumosa Lewis, 1894"
"シコクアオマルガタミズギワゴミムシ","Bembidion (Plataphus) shikokuense (Morita, 1996)"
"ミロクオチバメダカハネカクシ","Stenus miroku Naomi, 2006"
"ムネアカヒメジョウカイモドキ","Attalus (Attalus) chujoanus Wittmer, 1982"
"ヤクダエンホソカタムシ","Philothermus elongatus Nakane, 1984"
"マルガタアオゴミムシ","Chlaenius (Achlaenius) rotundus Andrewes, 1920"
"サクラノキクイムシ","Polygraphus ssiori Niijima, 1909"
"オオハスジヒゲナガゾウムシ","Sintor yamawakii Morimoto, 1980"
"ヒメダイコクアリヅカムシ","Rybaxis infuscata Raffray, 1909"
"リュウキュウツマキマルノミハムシ","Sphaeroderma fulvoapicale Kimoto & Gressitt, 1966"
"アカヒゲチビオオキノコ","Pseudotritoma ruficornis (Lewis, 1887)"
"メナガクチブトゾウムシ","Calomycterus setarius Roelofs, 1873"
"アマミハヤシメダカハネカクシ","Stenus dubitativus Puthz, 1993"
"ヤエヤマチャイロヒメハナノミ","Glipostenoda yaeyamana Tsuru, 2021"
"オキナワマダラチビコメツキ","Drasterius okinawensis (Ôhira, 2000)"
"ベッコウヒラタシデムシ","Necrophila (Calosilpha) brunnicollis (Kraatz, 1877)"
"テイカカズラノコキクイムシ","Eidophelus darwini (Eichhoff, 1878)"
"ムナビロクチキムシ","Hymenorus veterator Lewis, 1895"
"トワダナカミゾコメツキダマシ","Microrhagus towadensis (Hisamatsu, 1960)"
"フジノコキクイムシ","Hypothenemus kraunhiae (Murayama, 1950)"
"ミツノエンマコガネ","Parascatonomus (Necramator) toricornis (Wiedemann, 1823)"
"ルリナカボソタマムシ","Coraebus niponicus Lewis, 1894"
"フユビロウドコガネ","Maladera (?) hiemalis Kobayashi, 2014"
"トカラコウスアオクチブトゾウムシ","Lepidepistomus tokaranus Kojima & Morimoto, 2006"
"カラスチョッキリ","Cneminvolvulus (Nigrorhynchites) cornix (Y. Sawada, 1993)"
"カサハラツヤゴモクムシ","Trichotichnus (Trichotichnus) kasaharai Habu, 1983"
"ムクゲコケムシ","Scydmaenus (?) vestitus (Sharp, 1874)"
"アバタコバネハネカクシ　基亜種","Nazeris wollastoni wollastoni (Sharp, 1874)"
"アラムネヒサゴクチカクシゾウムシ","Simulatacalles pustulosus Morimoto & Lee, 1992"
"ヘリグロホソハナカミキリ　基亜種","Ohbayashia nigromarginata nigromarginata (Hayashi, 1953)"
"ウスアオオビゾウムシ","Polydrusus (Polydrusus) fulvicornis obizo Kojima & Morimoto, 2006"
"カメガモリオオアオハムシダマシ","Arthromacra ishizuchiensis Akita, 2012"
"カタスジアミメベニボタル","Xylometanoeus basivittatus (Nakane, 1969)"
"コバルトヒゲナガコバネカミキリ　基亜種","Molorchus (Molorchus) cobaltina cobaltina Hayashi, 1963"
"クロホソヒラタゴミムシ","Trephionus sordidatus Habu, 1954"
"ミヤココナガコメツキ","Ectamenogonus miyakoensis Arimoto, 2022"
"アサトビハムシ","Psylliodes (Psylliodes) attenuata (Koch, 1803)"
"チュウジョウメクラチビゴミムシ","Trechiama (Trechiama) chujoi S. Uéno & Y. Ito, 2005"
"チャイロコメツキ　基亜種","Haterumelater bicarinatus bicarinatus (Candèze, 1873)"
"コイチャオチバメダカハネカクシ","Stenus coffeatus Naomi, 2012"
"ドロヒメハネカクシ","Caenogluta ocyusina (Bernhauer, 1907)"
"ナスヒゲブトムネトゲアリヅカムシ","Petaloscapus nasutus Jeannel, 1958"
"コバネナガハネカクシ","Lathrobium (Lathrobium) pollens Sharp, 1889"
"エボシオオズナガゴミムシ","Pterostichus (Smilodonialoe) eboshiyamanus Sasakawa, 2009"
"アカアシコハナコメツキ　屋久島亜種","Paracardiophorus sequens purpuratus Kishii, 1977"
"タカクワヒメハナノミ","Mordellina takakuwai Tsuru, 2017"
"ウブスナヒメメダカハネカクシ","Stenus ubusuna Naomi & Ito, 2014"
"クロダンダラカッコウムシ","Stigmatium nakanei Iga, 1949"
"リュウグウオチバメダカハネカクシ","Stenus ryugu Naomi, 1989"
"キョクシキクイムシ","Pityokteines curvidens (Germar, 1824)"
"アカクビキクイムシ","Ambrosiodmus rubricollis (Eichhoff, 1876)"
"チバコバネナガハネカクシ","Lathrobium (Lathrobium) guts Senda, 2022"
"チュウジョウコガシラハネカクシ","Philonthus (Onychophilonthus) chujoi R. Dvořák, 1958"
"クロオビコミズギワゴミムシ　基亜種","Tachys (Paratachys) fasciatus fasciatus (Motschulsky, 1851)"
"ミズノツヤゴモクムシ","Trichotichnus (Trichotichnus) mizunoi N. Itô, 2005"
"アマギサビイロモンキハネカクシ","Protocypus amagiensis Naomi & Tahira, 2009"
"オキナワホソミズギワハネカクシ","Derops okinawanus Y. Watanabe, 1985"
"ナガサキヒメハネカクシ","Atheta (Chaetida) subantennata Cameron, 1933"
"イシガキカクムネベニボタル","Ponyalis ishigakiana (Nakane, 1961)"
"チビヒサゴコメツキ　北海道亜種","Hypnoidus rivularius ainu Ôhira & Yasuda, 1994"
"カワチゴミムシ　北海道亜種","Diplous (Diplous) sibiricus yezoensis Habu, 1941"
"サガミナガコケムシ","Paraneseuthia inexpectata Jałoszyński, 2006"
"キントキクビボソジョウカイ","Asiopodabrus (Asiopodabrus) kintokisanus (Takahashi, 1992)"
"ヒラノカマヒゲアリヅカムシ","Bythoxenites hiranoianus Nomura, 2021"
"ヨシダヒメハナノミ","Falsomordellistena (Falsomordellistena) yoshidai (Nomura, 1951)"
"ツヤルリツツハムシ","Cryptocephalus (Cryptocephalus) nitidulus Fabricius, 1787"
"カタモンミナミボタル","Drilaster axillaris Kiesenwetter, 1879"
"アカバハバビロオオハネカクシ","Agelosus carinatus (Sharp, 1874)"
"アマミスジツヤチビハネカクシ","Edaphus mezentius Puthz, 2010"
"ミヤマジュウジアトキリゴミムシ","Lebia (Poecilothais) sylvarum Bates, 1883"
"ヒメホソナガゴミムシ","Pterostichus (Pseudomaseus) rotundangulus Morawitz, 1862"
"ワタナベナガケシゲンゴロウ","Hydroporus morio Aubé, 1838"
"ヒダミズギワゴミムシ","Bembidion (?) horii Morita, 2009"
"ウスゲチビマルアリヅカムシ","Eupines crinita Li, Nomura & Yin, 2021"
"ニシオツヤゴモクムシ","Trichotichnus (Trichotichnus) nishioi Habu, 1961"
"ルリヒラタヒメハムシ","Taphinellina iniqua (Weise, 1889)"
"ムナキクロハナボタル","Plateros gomadanus Nakane, 1969"
"ニホンハモグリトビハムシ","Mantura (Mantura) japonica Jacoby, 1885"
"フチトリケシガムシ","Cercyon (Cercyon) dux Sharp, 1873"
"サキシマウスバハムシ","Menippus sakishimanus Suenaga, Lee & Bezdĕk, 2017"
"ツツナガハネカクシ","Lobrathium (Lobrathium) nudum (Sharp, 1874)"
"アマミクビボソジョウカイ　基亜種","Asiopodabrus (Asiopodabrus) amamiensis amamiensis Takahashi, 2012"
"ミスジツヤケシコメツキ","Cateanus sonani (Miwa, 1934)"
"Melandrya karahutona","Melandrya (Emmesa) karahutona Kono, 1930"
"ラグサツヤヒメマキムシ","Holoparamecus (Holoparamecus) ragusae Reitter, 1875"
"ヒメマルムネアリヤドリ","Aspidobactrus toyodai Maruyama, 2000"
"ナガチビゲンゴロウ","Limbodessus compactus (Clark, 1862)"
"ツノボソチビイッカク","Mecynotarsus niponicus Lewis, 1895"
"ヒラノヒメハナノミ","Falsomordellistena (Falsomordellistena) hiranoi hiranoi Nomura, 1961"
"ヒラタクロクシコメツキ　基亜種","Melanotus (Melanotus) correctus correctus Candèze, 1865"
"キョウトヒメマルトゲムシ","Horiella maruyamai Pütz, 2003"
"カンムリオオコバネナガハネカクシ","Lathrobium (Lathrobium) kanmuriense Y. Watanabe, 2002"
"ナガアシヒゲナガゾウムシ","Habrissus longipes (Sharp, 1891)"
"ヒメキノコハネカクシ","Sepedophilus tibialis (Sharp, 1888)"
"タテスジヒメジンガサハムシ","Cassida circumdata circumdata Herbst, 1799"
"オゼウスイロムクゲキノコムシ","Ptinella microscopica (Gillmeister, 1845)"
"クロビロウドコメツキダマシ","Galbites borealis (Hisamatsu, 1980)"
"クチナガチビキカワムシ","Salpingus depressifrons Nikitsky & Belov, 1983"
"クビボソトビハムシ","Pseudoliprus hirtus (Baly, 1874)"
"コハモグリゾウムシ","Adorytomus anoploides Voss, 1953"
"チュウガタマルケシゲンゴロウ","Hydrovatus remotus Biström & K. Watanabe, 2017"
"ヤクオオシバンムシ","Clada yaku Kono & Yoshitomi, 2021"
"ヒメキベリアオゴミムシ","Chlaenius (Chlaeniellus) inops inops Chaudoir, 1856"
"トゲアシゴモクムシ","Harpalus (Pseudoophonus) calceatus (Duftschmidt, 1812)"
"バンドウムナビロコケムシ","Cephennodes (Cephennodes) torosus (Kurbatov, 1995)"
"クロオビクビナガゴミムシ","Ophionea (Ophionea) nigrofasciata Schmidt-Göbel, 1846"
"ケズネケシカミキリ","Nobuosciades (Nobuosciades) lanatus (Ohbayashi, 1976)"
"カクムネベニボタル","Ponyalis quadricollis (Kiesenwetter, 1874)"
"ナメシヒメハネカクシ","Dalotia coriaria (Kraatz, 1856)"
"ホタルカミキリ","Dere thoracica White, 1855"
"ヒメアカハナカミキリ","Stictoleptura (Stictoleptura) pyrrha (Bates, 1884)"
"コクロヒゲブトハネカクシ","Aleochara (Aleochara) parens Sharp, 1874"
"フジタメクラチビゴミムシ","Trechiama (Trechiama) fujitai S. Uéno, 1969"
"チョウセンクロコガネ","Nigrotrichia diomphalia (Bates, 1888)"
"キバナガヒラタケシキスイ","Epuraea (Micruria) mandibularis Reitter, 1873"
"チョウセンシリブトウミハネカクシ","Diaulota submarina Ahn, 2023"
"ホッカイナギサハネカクシ","Bryothinusa hokkaidensis Liu, Ono & Maruyama, 2021"
"オキナワクチブトコメツキ　吐噶喇中之島亜種","Silesis okinawensis seinoi Kishii, 1976"
"ワサマタヒメメダカハネカクシ","Stenus wasamatanus Puthz, 2001"
"アマミケシジョウカイモドキ","Dasytes (Dasytes) taguchii Nakane, 1981"
"アカズラクロナガゴミムシ","Pterostichus (Eosteropus) mizunoyai Morita, 2007"
"キイニンフジョウカイ　箱根山地亜種","Asiopodabrus (Asiopodabrus) kiiensis hakonensis (Takahashi, 1992)"
"ヤエヤマニセフトカミキリモドキ","Pseudohyperasclera satoi Akiyama, 2015"
"クロエグリオオキノコ","Megalodacne immacrata Chûjô & Kiuchi, 1963"
"キクイムシモドキ","Rhipidandrus speculifrons (Gebien, 1922)"
"サキトゲチビマルハナノミ","Ypsiloncyphon spinifer (Yoshitomi, 2005)"
"キイロフナガタハナノミ","Anaspis (Silaria) luteola Marseul, 1877"
"フタコブルリハナカミキリ","Stenocorus (Eutoxotus) caeruleipennis (Bates, 1873)"
"タイワンナカボソタマムシ　奄美亜種","Coraebus formosanus oshimensis Akiyama, 1987"
"リュウキュウクシコメツキ　基亜種","Melanotus (Spheniscosomus) loochooensis loochooensis Miwa, 1929"
"フトアカコメツキ","Ampedus (Ampedus) pachycollis Ôhira, 1973"
"ウスリーチビマルハナノミ","Contacyphon ussuricus (Nyholm, 1948)"
"フサゲコキクイムシ","Cryphalus hirsutus (Nobuchi, 1975)"
"オオダイムネスジミギワハネカクシ","Erichsonius (Sectophilonthus) itoi Uhlig & Y. Watanabe, 1992"
"シャープホソコガシラハネカクシ","Gabrius sharpianus (Cameron, 1930)"
"フタツノツヤツツキノコムシ","Euxestocis bicornutus Miyatake, 1954"
"クロハモグリゾウムシ","Ellescus pauper (Chûjô & Voss, 1960)"
"クロシオスソハダケハネカクシ","Thinobius (Thinobius) kuroshio (Sawada, 1971)"
"タテスジツツキノコムシ","Hadraule japonicus (Nobuchi, 1955)"
"ヒガシノヒメハナノミ","Glipostenoda higashinoi Nomura, 1967"
"カラフトナガケシゲンゴロウ","Hydroporus saghalinensis Takizawa, 1933"
"ユーラシアシジミガムシ","Laccobius (Laccobius) minutus (Linnaeus, 1758)"
"ヨシダチビハバビロハネカクシ","Proteinus yoshidai Hayashi, 2000"
"グジョウメクラチビゴミムシ","Kurasawatrechus gujoensis S. Uéno, 1974"
"イナワシロメクラチビゴミムシ","Trechiama (Trechiama) sinuatus S. Uéno, 1995"
"ヤマトツヤヒメカワベハネカクシ","Platystethus (?) japonicus (Bernhauer, 1907)"
"アカバキノカワハネカクシ","Coprophilus adachii (Y. Watanabe & Y. Shibata, 1961)"
"カドムネチビヒラタムシ","Placonotus testaceus (Fabricius, 1787)"
"シラフオガサワラナガタマムシ","Agrilus suzukii Y. Kurosawa, 1985"
"カジカオチバメダカハネカクシ","Stenus kajika Naomi & Puthz, 1994"
"モリタオオコバネナガハネカクシ","Lathrobium (Lathrobium) moritai Y. Watanabe, 1998"
"ホソヒメクロオサムシ　八ヶ岳亜種","Carabus (Pentacarabus) harmandi karasawai Ishikawa, 1966"
"シロスジドウボソカミキリ　八重山亜種","Pothyne annulata ishigakiana Takakuwa & Kusama, 1979"
"カグラオチバメダカハネカクシ","Stenus kagura Naomi & Puthz, 1993"
"ヨシイヒゲナガアリヅカムシ　吉野山亜種","Pselaphogenius yoshii hamatus Sawada, 1969"
"ホソアシカミキリモドキ","Xanthochroina tarsalis (Kono, 1937)"
"トガリエンマコガネ","Parascatonomus (Necramator) acuticollis sakishimanus (Nomura, 1976)"
"チョウカイトガリヤマゾウムシ","Acanthalophus matobai Morimoto, 2015"
"エゾトラカミキリ　春日山亜種","Oligoenoplus rosti iwatai Ikeda, 1987"
"ソウヤマルガタゴミムシ","Amara (Amara) lunicollis Schiodte, 1837"
"ササラクチカクシゾウムシ","Deretiosus angulicollis (Heller, 1922)"
"アシグロヒメコメツキモドキ","Anadastus melanosternus (Harold, 1879)"
"カタモンニセキノコハネカクシ","Bolitobius setiger (Sharp, 1874)"
"コガシラスナゴミムシダマシ","Mesomorphus villiger (Blanchard, 1853)"
"ヒメコガネホソコメツキ","Sericus (Sericus) hiramatsui (Ôhira, 1995)"
"キイロシリホソハネカクシ","Tachyporus (Tachyporus) terminalis Sharp, 1888"
"キバネケシカミキリ","Exocentrus zikaweiensis Savio, 1929"
"ウスイロチビゾウムシ","Nanophyes usuironis Kono, 1930"
"クロキマダラケシキスイ","Soronia lewisi Reitter, 1884"
"キベリハバビロオオキノコ","Tritoma (Tritoma) pallidicincta (Lewis, 1887)"
"ナカネトビイロクチキムシ","Borboresthes nakanei Akita & Masumoto, 2008"
"ハラナガヒメハネカクシ","Alevonota japonica (Cameron, 1933)"
"ツシマムナクボカミキリ　基亜種","Cephalallus unicolor unicolor (Gahan, 1906)"
"ハバビロコケシマグソコガネ","Neomyrhessus yorikoae (Ochi, Kawahara & Inagaki, 2006)"
"フトカギアシゾウムシ","Bagous (Macropelmus) rotundatus O'Brien & Morimoto, 1994"
"ミヤマヒメナガクチキ","Hallomenus (Hallomenus) nipponicus Nomura & Katô, 1958"
"シコクフトゴモクムシ","Chydaeus shikokuensis Habu, 1973"
"ムネアカツヤケシコメツキ","Megapenthes opacus Candèze, 1873"
"ジュウニホシナガクチキ","Melandrya (Eumelandrya) duodecimmaculata Nakane & Hayashi, 1955"
"イシガキウスゲガムシ","Oosternum shigehisai Hoshina & M. Satô, 2004"
"ヒロキノコツヤハネカクシ","Gyrophaena (Gyrophaena) hayashii Hashizume & Maruyama, 2025"
"キンイロエグリタマムシ　基亜種","Endelus (Endelus) collaris collaris (E. Saunders, 1873)"
"ヤマトホソノミナガクチキ","Microscapha yamato Ishikawa & Sakai, 2004"
"トケジビロウドコガネ","Serica tokejii (Nomura, 1959)"
"ラブロチビナガアリヅカムシ","Labroplectus depositor Kurbatov, 1993"
"コウノゴマフカミキリ　平島亜種","Mesosa (Mesosa) konoi kamezawai Fujita, 2023"
"マツダコブスジコガネ","Glyptotrox matsudai (Ochi & Hori, 1999)"
"チビアトキリゴミムシ","Microlestes minutulus (Goeze, 1777)"
"オキナワハラビロコケムシ","Cephennomicrus okinawanus (Jałoszyński, S. Arai & K. Arai, 2004)"
"ミゾムネヒメサビキコリ","Agrypnus yuppe (Kishii, 1964)"
"ニッコウヒメナガゴミムシ","Pterostichus (Rhagadus) negylopus Sasakawa, 2025"
"キクビカミキリモドキ","Nacerdes (Xanthochroa) atripes atripes (Lewis, 1895)"
"フタモンヒメキノコハネカクシ","Sepedophilus wankowiczi (Pandellé, 1869)"
"ケブカアカチャコガネ","Dasylepida ishigakiensis (Niijima & Kinoshita, 1927)"
"ジュウシチホシハナムグリ","Paratrichius septemdecimguttatus (Snellen van Vollenhoven, 1864 )"
"アトスジチビゴミムシ","Trechoblemus postilenatus (Bates, 1873)"
"チチブツヤゴモクムシ","Trichotichnus (Trichotichnus) kosakai Morita, 1997"
"ルイスキイロチビゴミムシダマシ","Enanea testacea Lewis, 1894"
"オオシマゴマダラカミキリ　基亜種","Anoplophora oshimana oshimana (Fairmaire, 1895)"
"ジャアナヒラタゴミムシ","Ja ana S. Uéno, 1955"
"ホソクロマメゲンゴロウ","Platambus optatus (Sharp, 1884)"
"キバネヒラタヨツメハネカクシ","Microedus flavipennis (Y. Watanabe, 1990)"
"リュウキュウカクマグソコガネ","Rhyparus loebli Paulian, 1983"
"ヒサマツナガハナノミダマシ","Eurypogon hisamatsui Sakai, 1982"
"オオサワコマルガムシ","Crenitis (Acrenitis) osawai Nakane, 1966"
"マツムラヒメツヤケシコメツキ","Melanoxanthus matsumurai Arimoto, 2010"
"クロチビヒラタケシキスイ","Epuraea (Haptoncus) fallax (Grouvelle, 1897)"
"ホソキマルハナノミ","Elodes elegans Yoshitomi, 1997"
"ミフシオノヒゲアリヅカムシ","Bryaxis reversus (Sharp, 1883)"
"ウエノオチバメダカハネカクシ","Stenus uenoi Naomi & Nomura, 1990"
"キモトノミゾウムシ","Orchestes (Alyctus) kimotoi (Morimoto, 1984)"
"ナカシコクツチゾウムシ","Trachyphilus nakashikokuanus Morimoto, 2015"
"ハケゲアリノスハネカクシ","Lomechusa sinuata (Sharp, 1888)"
"ドウイロミズギワゴミムシ","Bembidion (Bracteon) stenoderum stenoderum (Bates, 1873)"
"メスグロコメツキダマシ","Torigaia bicolor Hisamatsu & M. Satô, 1959"
"ヒレルホソクチゾウムシ","Sergiola (Golovninia) hilleri (Schilsky, 1902)"
"ササカワツツキノコムシ","Cis sasakawai Nobuchi, 1960"
"ヒゲジロハナカミキリ","Japanostrangalia dentatipennis (Pic, 1901)"
"フタイロヒサゴトビハムシ","Chaetocnema (Tlanoma) bicolorata Kimoto, 1971"
"オビモンホソゴミムシダマシ　先島亜種","Brachypophlaeus unifasciatus hanatanii Akita & Masumoto, 2015"
"ヒゲノシリグロハネカクシ","Astenus (?) shibatai Ito, 1995"
"ホソツヤミズギワコメツキ　北海道亜種","Menoko pallidula yasudai (Ôhira, 1995)"
"アマミアカガネコメツキ","Gambrinus amamiensis Ôhira, 1966"
"ミノオメクラチビゴミムシ","Trechiama (Trechiama) nagahinis S. Uéno, 1976"
"オキナワスジボタル","Curtos okinawanus Matsumura, 1918"
"フタツメタマノミハムシ","Lanka nagaii (Nakane, 1985)"
"ケナガマルテントウダマシ","Bystodes yaeyamamensis Sasaji, 1990"
"クロホシモモビロクチカクシゾウムシ","Ampagia luzonae Zimmerman, 1945"
"イシガキナガクチカクシゾウムシ","Rhadinomerus ishigakianus Morimoto, 1987"
"ホソアシブトゾウムシ","Nipponochyromera gracilipes Kojima & Morimoto, 1996"
"スジグロボタル　西日本亜種","Pristolycus sagulatus adachii M. Satô, 1986"
"ツヤケシオオズナガゴミムシ","Pterostichus (?) opaculus N. Ito, 2011"
"ヤエヤマオニニセチビシデムシ","Ptomaphaginus yaeyamaensis Hoshina & Sugaya, 2003"
"コクワガタ　八丈島亜種","Dorcus rectus miekoae (Yoshida, 1991)"
"コケアリヅカムシ","Tyrus japonicus Sharp, 1883"
"ダイセツナガヨツメハネカクシ","Acidota daisetsuzana Y. Watanabe, 1990"
"シロオビホソゾウムシ","Gasteroclisus (Gasteroclisus) binodulus (Boheman, 1835)"
"モミハモグリアシブトゾウムシ","Parendaeus abietinus Kojima & Morimoto, 1996"
"マルムネマルズハネカクシ","Domene (Macromene) orbiculata Sharp, 1889"
"チビヒゲブトゴミムシダマシ","Indenicmosoma indochinense (Kazszab, 1940)"
"ヒゴツヤムネハネカクシ","Quedius (Microsaurus) higonis S. Uéno & Y. Watanabe, 1970"
"ニセチビヒョウタンゾウムシ","Myosides pyrus Sharp, 1896"
"サタサビカミキリ　男女群島亜種","Neosybra mizoguchii depressa (Makihara, 1980)"
"マツノマダラカミキリ","Monochamus (Monochamus) alternatus endai Makihara, 2004"
"ヒコサンツヤゴモクムシ","Trichotichnus (Trichotichnus) noctuabundus Habu, 1954"
"キウチテントウダマシ","Panamomus yoshidai Kiuchi, 1972"
"サトウオチバメダカハネカクシ","Stenus masatakai Naomi & Nomura, 1990"
"リシリコバネナガハネカクシ　クナシリ島亜種","Lathrobium (Lathrobium) japonicum kunashiriense Y. Watanabe, 2004"
"オカダユミセスジホソカタムシ","Lasconotus okadai Aoki, 2011"
"コオナガミズスマシ","Orectochilus (Orectochilus) punctipennis Sharp, 1884"
"ヒコサンジュウジアトキリゴミムシ","Lebia (Poecilothais) hikosana Habu, 1955"
"ホソコゲチャセマルケシキスイ","Amphicrossus hisamatsui Jelínek, 1993"
"ベニモンキノコゴミムシダマシ　沖縄諸島亜種","Platydema subfascia yoroi Akita & Masumoto, 2015"
"セアカナガクチキ","Melandrya (Bonzicus) coccinea (Lewis, 1895)"
"キアシチビヒゲナガゾウムシ","Uncifer pectoralis (Sharp, 1891)"
"ウスグロヒメツツハムシ","Coenobius nigrocastaneus Chûjô, 1954"
"サイゴクヒゲナガアリヅカムシ　基亜種","Pselaphogenius paradoxus paradoxus Sawada, 1969"
"サドコバネメダカハネカクシ","Stenus sadoensis Naomi, 2006"
"クロルリサルゾウムシ","Wagnerinus carinulatus (Faust, 1887)"
"リュウキュウマルムネジョウカイ","Prothemus ryukyuanus Wittmer, 1975"
"ホソツヤケシコメツキ　基亜種","Hayekpenthes pallidus pallidus (Lewis, 1894)"
"イタヤカミキリ","Mecynippus pubicornis Bates, 1884"
"キイフトヒラタコメツキ","Liotrichus (Acteniceromorphus) hiramatsui Ôhira, 1996"
"ハマベミズギワゴミムシ　本土亜種","Bembidion (Asioperyphus) collutum semiluitum Bates, 1883"
"アブクマメクラチビゴミムシ","Kurasawatrechus quadraticollis S. Uéno, 1974"
"スギモトゴモクムシ","Sugimotoa parallela Habu, 1975"
"タイワンヒメハナノミ　基亜種","Falsomordellistena (Falsomordellistena) formosana formosana (Pic, 1911)"
"オオダイルリヒラタコメツキ","Actenicerus (Acnitecerus) odaisanus (Miwa, 1928)"
"ヨシイコバネナガハネカクシ","Lathrobium (Lathrobium) yoshiianum Y. Watanabe, 1999"
"ダイコンナガスネトビハムシ","Psylliodes (Psylliodes) subrugosa Jacoby, 1885"
"クロダヒゲブトチビシデムシ","Colon (Myloechus) kurodai Hoshina, 2009"
"ムシスジコガネ　沖縄諸島亜種","Anomala edentula okinawana Nomura, 1965"
"マツノホソスジキクイムシ","Hylastes parallelus Chapuis, 1875"
"モシリトゲヒメツツキノコムシ","Sulcacis nobuchii Kawanabe, 1997"
"ナナホシテントウ","Coccinella (Coccinella) septempunctata Linnaeus, 1758"
"フタスジシュロゾウムシ","Derelomus bicarinatus Marshall, 1928"
"ハタヤマクチブトコメツキ　奄美諸島亜種","Silesis hatayamai amami (Kishii, 1976)"
"アシナガゴマフカミキリ","Mesosa (Mesosa) praelongipes Kusama & Irie, 1976"
"ムラサキスジアシゴミムシ","Eobroscus (Eobroscus) lutshniki (Roubal, 1928)"
"クスイキクイサビゾウムシ","Dryophthorus kusuii Morimoto, 1985"
"ルイスヒラタチビタマムシ","Habroloma (Parahabroloma) lewisii (E. Saunders, 1873)"
"ヤマトキクイムシ","Coccotrypes japonicus (Eggers, 1926)"
"クロスジヒメテントウ","Scymnus (Scymnus) nubilus Mulsant, 1850"
"ハコネオオツヤゴモクムシ","Trichotichnus (Trichotichnus) hiranishi Morita, 1997"
"オオヒメクモゾウムシ","Macrotelephae ichihashii Morimoto, 1960"
"ササジヒメコバネナガハネカクシ","Lathrobium (Lathrobium) sasajii Y. Watanabe, 2001"
"ソボサビイロモンキハネカクシ","Protocypus ohtsukaorum (Naomi, 1992)"
"カラフトマルトゲムシ","Byrrhus (Byrrhus) geminatus L. LeConte, 1854"
"センニントゲアリヅカムシ","Batrisodes (Excavodes) sennin Nomura, 2007"
"ヒラノアトキリゴミムシ","Dolichoctis hiranoi Arai, 2021"
"クロスジイッカク　基亜種","Notoxus haagi haagi Marseul, 1879"
"クロバネアリガタハネカクシ","Oedichirus (Oedichirus) lewisius Sharp, 1874"
"マルガタチビマルハナノミ","Contacyphon granulosus (K. Sasagawa, 1985)"
"ハテナシメクラチビゴミムシ","Kusumia hatenashiana S. Uéno & Okuda, 2002"
"オキナワニセミヤマクチカクシゾウムシ","Protacallodes ryukyuensis Morimoto, 2011"
"アカグロコミズギワゴミムシ","Tachyura (Tachyura) poeciloptera (Bates, 1873)"
"オオコブスジコガネ","Omorgus (Afromorgus) chinensis (Boheman, 1858)"
"アワツチゾウムシ","Trachyphilus awanus Morimoto, 2015"
"フトツヤハダコメツキ","Megathous suturalis (Candèze, 1873)"
"ルリカミキリモドキ","Anogcodes coarctatus croceiventris (Motschulsky, 1859)"
"キスジアシナガゾウムシ","Merus (Merus) flavosignatus (Roelofs, 1875)"
"ウスリーナガアリヅカムシ","Euplectus (?) domefactus (Kurbatov, 1991)"
"ニセヒメユミセミゾハネカクシ","Carpelimus (Carpelimus) vagus (Sharp, 1930)"
"イマサカクロハナボタル","Plateros imasakai Matsuda, 1985"
"ニッコウアカコメツキ","Ampedus (Miwaelater) nikkoensis (Ôhira, 1973)"
"オワリクビボソジョウカイ","Asiopodabrus (Asiopodabrus) owarianus (Nakane & Makino, 1990)"
"モンカタホソヨツメハネカクシ","Philydrodes (Minyphilydrodes) ishidai Nakane & K. Sawada, 1956"
"カギモンハネカクシダマシ　奄美沖縄亜種","Euryplatus uenoi ohbayashii (Hatta, 1988)"
"マルキマダラケシキスイ","Stelidota multiguttata Reitter, 1877"
"シバタチビマメコメツキ　基亜種","Quasimus (Quasimus) shibatai shibatai Kishii, 1970"
"ツルサンメクラチビゴミムシ","Awatrechus persimilis S. Uéno, 1969"
"タラダケナガゴミムシ","Pterostichus (Sphodroferonia) taradakensis Kasahara & Ohtani, 1988"
"キマダラカミキリ　与那国島亜種","Aeolesthes (Pseudaeolesthes) chrysothrix yonaguniensis (K. Ohbayashi & N. Ohbayashi, 1965)"
"アミダオチバメダカハネカクシ","Stenus amida Naomi, 1989"
"ヨスジシラホシサビカミキリ","Apomecyna (Apomecyna) maculaticollis Pic, 1918"
"アオハナムグリ　隠岐島前亜種","Cetonia (Eucetonia) roelofsi iijimai K. Sakai, 1996"
"エナサンナガゴミムシ","Pterostichus (Nialoe) enasanus Morita, 2007"
"コニワハンミョウ","Cicindela (Cicindela) transbaicalica japanensis Chaudoir, 1863"
"ヨコスジチビヒメハナムシ","Stilbus (Stilbus) avunculus Flach, 1889"
"オオトザイノキクイムシ","Xyleborus ohtoensis Nobuchi, 1981"
"ニシノホソケシマグソコガネ","Trichiorhyssemus nishinoi Ochi, Kawahara & Inagaki, 2020"
"アヤムナビロタマムシ　八重山亜種","Sambus quadricolor unifasciatus Y. Kurosawa, 1985"
"フタオビミドリトラカミキリ　奄美大島亜種","Humeromaculatus (Humeromaculatus) muscosus fukidai Fujita, 2023"
"ニッポンダルマクチカクシゾウムシ","Aphanerostethus japonicus Lewis & Kojima, 2024"
"ナタンショメクラチビゴミムシ","Trechiama (Trechiama) applanatus S. Uéno, 1980"
"ムモンチャイロホソバネカミキリ　基亜種","Thranius rufescens rufescens (Bates, 1884)"
"キバネナガクチキ","Melandrya (Emmesa) flavipennis Nakane & Hayashi, 1955"
"フチトリゲンゴロウ","Cybister (Cybister) limbatus (Fabricius, 1775)"
"ハクサンオチバメダカハネカクシ","Stenus deltoides Naomi, Nomura & Kamezawa, 2015"
"カドムネカツオブシムシ","Dermestes (Dermestinus) coarctatus Harold, 1877"
"フタイロセマルトビハムシ","Bikasha collaris (Baly, 1877)"
"ヒラシマオチバメダカハネカクシ","Stenus hirashimai Naomi, 1989"
"ニセノコギリカミキリ","Prionus sejunctus Hayashi, 1959"
"ウエノツヤムネハネカクシ","Quedius (Microsaurus) uenoi Y. Watanabe, 1979"
"ケミジカキクイムシ","Tomicus brevipilosus (Eggers, 1929)"
"オオノコバウミハネカクシ","Amblopusa magna Zerche, 1998"
"オビヒメコメツキモドキ","Anadastus pulchelloides Nakane, 1981"
"カナガワヒメクビボソハネカクシ","Scopaeus (Scopaeus) yoshidai Adachi, 1955"
"トゲトゲバゴマフガムシ","Berosus (Enoplurus) spinosus (Steven, 1808)"
"ドウキョウオサムシ","Carabus (Ohomopterus) uenoi (Ishikawa, 1960)"
"フタトゲナガゴミムシ","Pterostichus (Nialoe) mirificus Bates, 1883"
"キレバネクロハナノミ","Tomoxioda truncatoptera (Nomura, 1958)"
"オオイタキバナガゴミムシ","Stomis (Stomis) miyakei Morita, 2010"
"ヒラサワクロナガゴミムシ","Pterostichus (Eosteropus) hirasawai Morita, 2010"
"イオホソコガシラハネカクシ","Gabrius io Smetana, 1984"
"アマミナガエンマムシ","Platylister (Platylister) oberthuri (Cooman, 1948)"
"オオメカミキリモドキ","Nacerdes (Xanthochroa) ocularis (Lewis, 1895)"
"モモブトホソアカクチキムシ","Allecula (Allecula) tatsunosukei Akita & Masumoto, 2015"
"ウスイロホソナガハネカクシ","Medhiama paupera (Sharp, 1889)"
"オオマダラゲンゴロウ","Sandracottus hunteri (Crotch, 1872)"
"リュウセンドウカマヒゲアリヅカムシ","Bythoxenites uenoi Nomura, 2021"
"クロオオヒラタコメツキ","Paraphotistus (Paraphotistus) niger (Miwa, 1928)"
"クロバヒゲナガハムシ","Cerophysa tibialis (Jacoby, 1885)"
"アカモンホソアリモドキ","Sapintus (Sapintus) marseuli (Pic, 1893)"
"ヨツボシテントウダマシ","Ancylopus pictus asiaticus Strohecker, 1972"
"アカチャキノコハネカクシ","Parabolitobius prolongatus (Sharp, 1888)"
"クロマルエンマコガネ","Onthophagus (Phanaeomorphus) ater Waterhouse, 1875"
"ヤノスジコガネ","Anomala limbifera yanoi Nomura, 1959"
"ハブクロナガゴミムシ","Pterostichus (Morphnosoma) habui Jedlička, 1962"
"オオセンチコガネ　基亜種","Phelotrupes (Chromogeotrupes) auratus auratus (Motschulsky, 1858)"
"ヤチハネカクシ","Adinopsis nippon Maruyama & Kamezawa, 2013"
"ヨシテルメクラチビゴミムシ","Ishikawatrechus murakamii S. Uéno, 1997"
"ヤンカギアシゾウムシ","Bagous (Macropelmus) youngi O'Brien & Morimoto, 1994"
"ヤマトタマムシ　基亜種","Chrysochroa fulgidissima fulgidissima (Schönherr, 1817)"
"ムナビロカッコウムシ","Tillicera ihlei Corporaal. 1949"
"チビカミナリハムシ　基亜種","Zipanginia picipes picipes (Baly, 1874)"
"ヒメウスイロハムシ","Monolepta nojiriensis Nakane, 1963"
"オオスジカブトゴミムシダマシ","Bradymerus clathratus Schaufuss, 1887"
"オオカンショコガネ　琉球亜種","Apogonia major bicavata Arrow, 1913"
"シロムネシンジュクチカクシゾウムシ","Eucryptorrhynchus brandti (Harold, 1880)"
"シロオビフトヒゲナガゾウムシ","Eucorynus crassicornis (Fabricius, 1801)"
"ミゾハナキクイゾウムシ","Sphaerocorynes sulcirostris (Voss, 1957)"
"センノカミキリ　奄美亜種","Acalolepta luxuriosa kawadai Takakuwa, 1984"
"ハネナガヒラタケシキスイ","Epuraea (Epuraea) pseudorapax Kirejtshuk, 1995"
"ミズノシリブトジョウカイ","Yukikoa mizunoi Takahashi, 2003"
"クメジマフタイロチビジョウカイ","Malthinellus exiguus N. Takahashi, 2018"
"クロムネスジミギワハネカクシ","Erichsonius (Sectophilonthus) kobensis (Cameron, 1933)"
"キタチビフトハネカクシ","Euaesthetus nomurai Puthz, 2010"
"チビツツニセユミセミゾハネカクシ","Carpelimus (Troginus) exiguus (Erichson, 1839)"
"ウミベヒサゴトビハムシ","Chaetocnema (Udorpes) hiromui Takizawa, 2021"
"ナンキチャマルチビヒョウタンゴミムシ","Reicheiodes (Reichonippodes) matobai Morita, 2015"
"ヒガシチビクビボソジョウカイ","Asiopodabrus (Asiopodabrus) hiranoi (Takahashi, 1992)"
"ヨツボシムナボソコメツキ","Agriotes (Agriotes) leucophaeatus Candèze, 1873"
"シラオビヒメマキムシ","Euchionellus zanzibaricus (Belon, 1887)"
"タカクラツチゾウムシ","Trachyphilus takakurai Morimoto, 2015"
"ミヤマクビアカジョウカイ","Lycocerus nakanei (Wittmer, 1953)"
"アラハダシラホシゾウムシ","Shirahoshizo rugipennis Morimoto, 1962"
"ヤマトオノヒゲアリヅカムシ","Bryaxis japonicus (Sharp, 1874)"
"ムギクビボソハムシ","Oulema (Oulema) erichsoni (Suffrian, 1841)"
"オキナワチャマダラヒゲナガゾウムシ","Acorynus okinawanus Morimoto, 1980"
"ヤマトセマルヨツメハネカクシ","Mannerheimia japonica Y. Watanabe, 1990"
"リンゴヒゲボソゾウムシ","Phyllobius (Otophyllobius) prolongatus Motschulsky, 1866"
"サカグチホソサビキコリ","Agrypnus sakaguchii (Miwa, 1927)"
"ナガクビボソムシ","Stereopalpus tokioensis Nakane, 1983"
"トリシマスジヒメカタゾウムシ","Torishimazo watanabei Morimoto, 1966"
"ハラトゲナガゴミムシ　赤石岳亜種","Pterostichus (Nialoe) spiculifer ishidai Tanaka, 1961"
"ヒイロホソナガクチキ","Amblyctis nomurai (Nakane & Hayashi, 1955)"
"コバネヒメクビボソハネカクシ","Scopaeus (Scopaeus) viriliformis Frisch, 2003"
"アダタラツヤツチゾウムシ","Asphalmus adataraensis Morimoto, 2015"
"トオホクキクイムシ","Dryocoetes affinis Blandford, 1894"
"ハラグロカミキリモドキ","Nacerdes (Xanthochroa) deformis (Lewis, 1895)"
"コルリマルクビゴミムシ","Nebria (Nebria) kurosawai Nakane, 1960"
"ヒゲブトヨコセミゾハネカクシ","Ochthephilus (Ochthephilus) antennatus (Y. Watanabe & Y. Shibata, 1961)"
"オオヨモギハムシ","Chrysolina (Apterosoma) angusticollis (Motschulsky, 1861)"
"ヒヨドリバナアシナガトビハムシ","Longitarsus (Longitarsus) nitidiamiculus Kimoto, 1965"
"クロコブゾウムシ","Niphades (Scaphostethus) variegatus (Roelofs, 1873)"
"アマミアシブトコメツキ","Podeonius amamiensis (Ôhira, 1996)"
"アマミセアカヒゲブトチビシデムシ","Colon (Myloechus) pseudorubellum Hoshina & Nishikawa, 2016"
"ウラブヒメジョウカイモドキ","Hypomixis urabensis Ikeda & Asano, 2018"
"アカハラクロコメツキ　屋久島亜種","Ampedus (Ampedus) hypogastricus kosugi Kishiii, 1982"
"ハイマダラヒゲナガゾウムシ　奄美沖縄亜種","Litocerus communis amamianus Shibata, 1969"
"ツヤネクイハムシ","Donacia (Donaciomima) nitidior (Nakane, 1963)"
"マツヤマハネナシナガクチキ","Nipponomarolia matsuyamensis Miyatake, 1982"
"シロスジオサゾウムシ","Rhabdoscelus similis (Chevrolat, 1883)"
"アラメオオタマキノコムシ","Leiodes multipunctata (Rye, 1873)"
"ウエノチビケシゲンゴロウ","Microdytes uenoi M. Satô, 1972"
"オオセスジエンマムシ","Onthophilus ostreatus Lewis, 1879"
"クマノヒゲボソゾウムシ","Phyllobius (Otophyllobius) kumanoensis Morimoto & Miyakawa, 2006"
"ムネアカホソツツシンクイ","Lymexylon rufficolle Y. Kurosawa, 1949"
"キイキノカワゴミムシ","Leistus (Pogonophorus) matsudai Morita, 2012"
"ニセテンサイトビハムシ","Chaetocnema (Tlanoma) kimotoi Gruev, 1980"
"リュウキュウハラビロコケムシ","Cephennomicrus disjunctus (Jałoszyński, S. Arai & K. Arai, 2004)"
"マルタマキノコムシモドキ","Clambus formosanus japonicus Endrödy-Younga, 1960"
"コキマダラコメツキ","Gamepenthes ornatus (Lewis, 1894)"
"イワキカクムネヨツメハネカクシ","Archaeoboreaphilus iwakisanensis (Y. Watanabe, 1988)"
"オオキイロマルノミハムシ","Argopus balyi Harold, 1878"
"アマミオオトゲアリヅカムシ","Lasinus amamianus Bekchiev, Hlaváč & Nomura, 2013"
"マヤサンオサムシ　養老山地亜種","Carabus (Ohomopterus) maiyasanus yoroensis Ishikawa & Kubota, 1994"
"キイツヤヒラタゴミムシ","Synuchus (Synuchus) yamashitai Morita, 2013"
"オオマルタマキノコムシ","Agathidium (Cyphoceble) subcostatum Portevin, 1905"
"ヘリウスハナカミキリ　屋久島亜種","Pyrrhona laeticolor takakuwai Kusama, 1971"
"アマミオオメコバネジョウカイ","Microichthyurus minutulus (Gestoro, 1906)"
"タテミゾムネスジハネカクシ","Hesperus (Hesperus) ornatus Sharp, 1889"
"クロスジハラハネカクシ","Autalia puncticollis Sharp, 1864"
"ツノコガネ","Liatongus minutus (Motschulsky, 1860)"
"リュウキュウマツクチブトゾウムシ","Nothomyllocerus pini Kojima & Morimoto, 2006"
"ヒレフトキクイゾウムシ","Phloeophagus japonicus Inoue, 2025"
"キュウシュウコバネメダカハネカクシ","Stenus kyushuensis Naomi & Puthz, 2006"
"ツヤコガネ","Anomala lucens Ballion, 1871"
"チュウジョウヒゲブトカツオブシムシ","Thaumaglossa chujoi N. Ohbayashi, 1982"
"キモンマルテントウダマシ","Bystodes flavoapicalis Sasaji, 1990"
"クモマハヤシメダカハネカクシ","Stenus kumoma Naomi, 1987"
"センノカミキリ　伊豆諸島亜種","Acalolepta luxuriosa kuro Makihara, 1977"
"サッポロツヤツチゾウムシ","Asphalmus miyatai Morimoto, 2015"
"タイワンツツキノコムシ","Cis taiwanus Chûjô, 1939"
"シュロゾウムシ","Derelomus uenoi Morimoto, 1959"
"イタヤクチブトキクイゾウムシ","Stenoscelis aceri Konishi, 1962"
"オオハキクイムシ","Ips duplicatus (C. R. Sahlberg, 1836)"
"フタオビチビオオキノコ","Tritoma (Tritoma) latifasciata (Lewis, 1887)"
"コハナコメツキ　北海道亜種","Paracardiophorus pullatus yasudai Ôhira, 1986"
"マサタカシリブトジョウカイ","Yukikoa masatakai Takahashi, 2003"
"アジサイカクムネトビハムシ","Neocrepidodera satoi Takizawa, 2002"
"ミゾナシコガシラミズムシ","Haliplus (Haliplus) morii Hayashi, Iwata & Yoshitomi, 2023"
"カワイヒラアシコメツキ","Ischiodontus kawaii Ôhira, 1967"
"ハギルリオトシブミ　基亜種","Euops (Parasynaptopsis) lespedezae lespedezae Sharp, 1889"
"リョウブモモブトヒメコバネカミキリ　八重山諸島亜種","Epania shikokensis maruokai Hayashi, 1968"
"オオキベリアオゴミムシ","Chlaenius (Epomis) nigricans Wiedemann, 1821"
"マダラアシゾウムシ","Ectatorhinus adamsii Pascoe, 1872"
"クロコキクイムシ","Eidophelus niger Johnson, 2020"
"ツヤズオチバメダカハネカクシ","Stenus cygnipenis Puthz, 2001"
"ヒゲシロアラゲカミキリ","Bonipogonius fujitai Kusama, 1973"
"ババオオタマキノコムシ","Leiodes babai Nakane, 1989"
"キュウシュウクロマルハナノミ","Odeles scapularis (Lewis, 1895)"
"フクエメクラチビゴミムシ　玉之浦亜種","Gotoblemus (Kamigotoblemus) fukueicus occidentalis Naitô, 2020"
"ヒメハバビロドロムシ","Dryopomorphus nakanei Nomura, 1958"
"ヒゲナガカレハハネカクシ","Neosilusa ceylonica (Kraatz, 1857)"
"ヨコズナシモフリコメツキ","Actenicerus (Acnitecerus) giganteus Kishii, 1975"
"クロハバビロオオキノコ","Neotriplax atrata Lewis, 1887"
"オオシママルヒラタドロムシ　基亜種","Eubrianax amamiensis amamiensis M. Satô, 1965"
"フトヒゲコメツキダマシ","Fryanus japonicus Hisamatsu, 1957"
"シラホシナガタマムシ","Agrilus decoloratus Kerremans, 1892"
"ハスモンヒメキノコハネカクシ","Sepedophilus pumilus (Sharp, 1874)"
"ニセクロマルケシキスイ","Cyllodes dubius (Reitter, 1877)"
"クチヒゲハネカクシ","Silusa (Silusa) lanuginosa Sharp, 1888"
"マダラキノコゴミムシ","Coptodera (Coptoderina) eluta Andrewes, 1923"
"キイロホソネスイ","Holocephala rufotestacea (Lewis, 1884)"
"タイワンヒメハナノミ　小笠原諸島亜種","Falsomordellistena (Falsomordellistena) formosana boninensis Nomura, 1975"
"コヤマトヒゲブトアリヅカムシ　西日本亜種","Diartiger fossulatus morimotoi Nomura, 1997"
"ミツモンシワアトキリゴミムシ","Velinda lirata Andrewes, 1921"
"モンキデオキスイ","Carpophilus (Myothorax) maculatus Murray, 1864"
"ウエダクチボソコメツキ　口永良部島亜種","Glyphonyx (Glyphonyx) uedai erabuanus Kishii, 1988"
"リュウキュウヒメカミキリ　基亜種","Ceresium fuscum fuscum Matsumura & Matsushita, 1932"
"イヨサビイロモンキハネカクシ","Protocypus iyonus (Naomi, 1992)"
"ウスグロヒメハナノミ","Pseudomordellistena nigrofusca (Nomura, 1951)"
"オサムネトゲアリヅカムシ","Batrisodes (Excavodes) caviceps (Sharp, 1883)"
"アラメクビボソトビハムシ　基亜種","Pseudoliprus nigritus nigritus (Jacoby, 1885)"
"ウズマキハムシ","Chrysomela lapponica Linnaeus, 1758"
"チャイロマメゲンゴロウ","Agabus (Acatodes) browni Kamiya, 1934"
"アカマツアトマルキクイムシ","Dryocoetes uniseriatus Eggers, 1926"
"コリスキクイムシ","Ambrosiophilus collis (Niijima, 1910)"
"コクロナガオサムシ　奥秩父亜種","Carabus (Leptocarabus) arboreus ogurai Ishikawa, 1969"
"コモンホソナガクチキ","Phloiotrya (Phloiotrya) trisignata Nomura, 1958"
"ヨツスジハナカミキリ　基亜種","Leptura ochraceofasciata ochraceofasciata (Motschulsky, 1861)"
"ツツケナガヒゲナガゾウムシ","Habrissus cylindricus (Sharp, 1891)"
"クロナガオサムシ　基亜種","Carabus (Leptocarabus) procerulus procerulus Chaudoir, 1862"
"ハマベヒメサビキコリ　徳之島亜種","Agrypnus miyamotoi ogatai Kishii, 1996"
"キタナガアリヅカムシ","Euplectus (?) rubicundus Kurbatov, 1988"
"カワリムジハムシ","Gonioctena (Brachyphytodecta) kidoi Takizawa & Daccordi, 1998"
"オオアトボシアオゴミムシ","Chlaenius (Achlaenius) micans (Fabricius, 1792)"
"チシマオサムシ　基亜種","Carabus (Aulonocarabus) kurilensis kurilensis (Lapouge, 1913)"
"コウテイマルタマキノコムシ","Agathidium (Neoceble) imperiale Angelini & De Marzo, 1990"
"コカブト　沖縄亜種","Eophileurus (Eophileurus) chinensis okinawanus Nomura, 1964"
"フタオビホソナガクチキ","Dircaea erotyloides Lewis, 1895"
"ゴトウチビハバビロハネカクシ","Proteinus gotoi Hayashi, 1986"
"キボシクロコミズギワゴミムシ","Tachyura (Tachyura) gradata (Bates, 1873)"
"オオマルガタゴミムシ","Amara (Curtonotus) gigantea (Motschulsky, 1844)"
"クロマルヒメドロムシ","Heterlimnius ater (Nomura, 1958)"
"ヒメキノコツヤケシハネカクシ","Pseudatheta hiraris (Sharp, 1888)"
"ニセマダラカレキゾウムシ","Acicnemis luteomaculata Morimoto & S. Miyakawa, 1995"
"イマサカオチバメダカハネカクシ","Stenus imasakai Naomi, 1989"
"ムナキヒメジョウカイ","Micropodabrus mucronata (Wittmer, 1979)"
"カマキリタマゴカツオブシムシ","Thaumaglossa rufocapillata Redtenbacher, 1868"
"カクムネヒメマキムシ","Latridius protensicollis Mannerheim, 1843"
"ハダニカブリケシハネカクシ","Holobus yasumatsui (Kistner, 1969)"
"カナクギノキキクイムシ","Indocryphalus pubipennis (Blandford, 1894)"
"ラウスナガケシゲンゴロウ","Hydroporus tristis (Paykull, 1798)"
"オモゴアバタコバネハネカクシ","Nazeris omogonis Ito, 1991"
"プミリオコナガアリヅカムシ","Leptoplectus pumilio Kurbatov, 1992"
"ミジンダルマガムシ","Limnebius kweichowensis Pu, 1951"
"ワタヌキナガツヤゴミムシ","Trichotichnus (Trichotichnus) watanukii N. Ito, 1996"
"トラノオトビハムシ","Lythraria salicariae (Paykull, 1800)"
"カルラハヤシメダカハネカクシ","Stenus carura Naomi, 1989"
"ヒゲブトムネトゲアリヅカムシ","Petaloscapus basicornis (Sharp, 1883)"
"オキナワクビボソジョウカイ　久米島亜種","Asiopodabrus (Asiopodabrus) ihai kumensis Takahashi, 2012"
"ホソアカガネオサムシ","Carabus (Carabus) vanvolxemi Putzeys, 1875"
"ウスキケシマキムシ","Corticaria japonica Reitter, 1877"
"ニセクロホシテントウゴミムシダマシ","Derispia japonicola Miyatake, 1961"
"クスアナアキゾウムシ","Pimelocerus hylobioides (Desbrochers des Logas, 1891)"
"サハリンヒメナガゴミムシ","Pterostichus (Cryobius) kurosawai Tanaka, 1958"
"クロソンナガゴミムシ","Pterostichus (Sphodroferonia) kurosonis Kasahara, 1994"
"ツマキトラカミキリ","Xylotrechus (Xylotrechus) clarinus Bates, 1884"
"ボサツスジツヤチビハネカクシ","Edaphus bosatsu Puthz, 2014"
"サキシマチビマメコメツキ","Quasimus (Quasimus) shouichii Kishii, 1979"
"ツガルハナムグリヨツメハネカクシ","Eusphalerum tsugaruense Y. Watanabe, 2003"
"ハチジョウチビコブカミキリ","Miccolamia (Isomiccolamia) inspinosa Takakuwa & N. Ohbayashi, 1995"
"アカエリクビボソハムシ","Oulema (Oulema) rufotincta (Clark, 1866)"
"アマミマルムネゴミムシダマシ","Asialassus amamiensis (Kaszab, 1964)"
"テントウノミハムシ","Argopistes biplagiatus Motschulsky, 1860"
"アシズリツチゾウムシ","Trachyphilus ashizurianus Morimoto, 2015"
"クワハムシ","Fleutiauxia armata (Baly, 1874)"
"イッシキキモンカミキリ","Glenea (Glenea) centroguttata Fairmaire, 1897"
"トサオサムシ　基亜種","Carabus (Ohomopterus) tosanus tosanus (Nakane, Iga & S. Uéno, 1953)"
"ウゴツヤミズギワコメツキ","Oedostethus ugo Kishii, 1992"
"マルチマルタマキノコムシ","Agathidium (Neoceble) multitodum Hoshina, 2000"
"ジュウサンホシテントウ","Hippodamia (Hemisphaerica) tredecimpunctata (Linnaeus, 1758)"
"クロホソクビボソジョウカイ","Asiopodabrus (Asiopodabrus) taoi (Takahashi, 1992)"
"ユミセミゾハネカクシ","Thinodromus (Thinodromus) sericatus (Sharp, 1889)"
"ヤクチャイロツヤハダコメツキ","Scutellathous yakuensis Nakane & Kishii, 1958"
"ウスバカミキリ　小笠原諸島亜種","Aegosoma sinicum savoryi (Kusui, 1973)"
"ミイデラゴミムシ","Pheropsophus (Stenaptinus) jessoensis Morawitz, 1862"
"クロモンゴマフカミキリ　基亜種","Pachyosa atronotata atronotata (Kusama & Irie, 1976)"
"アカアシアシブトコメツキ","Podeonius rufipes (Lewis, 1894)"
"ナガマメコメツキ　沖縄島亜種","Yukoana elongata okinawana Ôhira, 1971"
"ヨツスジトラカミキリ　基亜種","Humeromaculatus (Humeromaculatus) quinquefasciatus quinquefasciatus (Laporte & Gory, 1836)"
"カクチビキカワムシ","Trogocryptoides shintaroi Sasaji, 1988"
"ブナホソヒラタムシ","Silvanoprus fagi (Guérn-Méneville, 1844)"
"サタオビハナノミ","Glipa (Stenoglipa) azumai Nakane, 1950"
"ケマダラナガツツキノコムシ","Nipponocis magnus Nobuchi, 1955"
"クサビラハネカクシ","Plesiochara japonica (Sharp, 1874)"
"イトウブチヒゲハネカクシ","Anisolinus silvestris Naomi & Nomura, 2015"
"ナガダニヒメテントウ","Stethorus (Allostethorus) yezoensis Miyatake, 1966"
"ムニンミズギワゴミムシ","Tachyura (Tachyura) boninensis (Nakane, 1979)"
"ミウラメクラチビゴミムシ","Trechiama (Trechiama) terraenovae S. Uéno, 1988"
"アサマヤマキクイムシ","Scolytus ellipticus Murayama, 1958"
"ミズスマシ","Gyrinus (Gyrinus) japonicus Sharp, 1873"
"アッコチビゴミムシ","Trechus (Epaphius) acco S. Uéno, 1991"
"ルイスヒゲナガアリヅカムシ","Pselaphus lewisi Sharp, 1883"
"アマミニセメダカハネカクシ","Stenaesthetus lackneri Puthz, 2011"
"トルコカクムネチビヒラタムシ","Cryptolestes turcicus (Grouvelle, 1876)"
"センダンクビボソジョウカイ","Asiopodabrus (Asiopodabrus) sendan Takahashi, 2012"
"ツシマコケシマグソコガネ","Neomyrhessus hiroshii Ochi, Kawahara & Inagaki, 2025"
"ナンヨウチビコメツキ","Conoderus pallipes (Eschscholtz, 1829)"
"ヨツボシセマルケシキスイ","Cychramus variegatus (Herbst, 1792)"
"ヘラヅノキノコゴミムシダマシ","Platydema planicornis M. T. Chûjô, 1978"
"オガサワラキノコヒゲナガゾウムシ","Euparius boninensis Morimoto, 1978"
"オキナワチビヒサゴゴミムシダマシ","Laena hiranoi Masumoto & Akita, 2001"
"ギフスジツヤチビハネカクシ","Edaphus perillustris Puthz, 2014"
"マストミハナムグリヨツメハネカクシ","Eusphalerum kaiji Y. Watanabe, 1990"
"マルオカメクラチビゴミムシ","Trechiama (Trechiama) hiroyukii S. Uéno, 2001"
"クロケブカキクイムシ","Dryocoetiops moestus (Blandford, 1894)"
"シコククロチビジョウカイ","Malthodes (Maltharchus) masatakai N. Takahashi, 2003"
"ベントンモリヒラタゴミムシ","Negreum bentonis (Bates, 1883)"
"ハチジョウチビジョウカイ　トカラ亜種","Malthodes (Hiranous) hiranoi tokaranus N. Takahashi, 2001"
"コスジマグソコガネ","Aphodius (Pleuraphodius) lewisi C. O. Waterhouse, 1875"
"ババアカサルゾウムシ","Coeliodes babai Voss & Chûjô, 1960"
"ルリバネニセオオキバハネカクシ","Pseudoxyporus cyanipennis (Kirschenblatt, 1938)"
"シマゲンゴロウ","Hydaticus (Prodaticus) bowringii Clark, 1864"
"イッカクハヤシメダカハネカクシ","Stenus unicuspidatus Naomi & Nomura, 2015"
"クロサワドロムシ","Neoriohelmis kurosawai Nomura, 1958"
"アオオサムシ　粟島亜種","Carabus (Ohomopterus) insulicola awashimaensis Ishikawa & Ujiie, 2000"
"オナガミズスマシ　紀伊半島亜種","Orectochilus (Orectochilus) regimbarti odaiensis Kamiya, 1933"
"スジグロオオハムシ","Galeruca (Galeruca) spectabilis spectabilis (Faldermann, 1837)"
"ジュウニキボシカミキリ","Paramenesia theaphia (Bates, 1884)"
"マトバアカコメツキ　本州亜種","Ampedus (Ampedus) matobai yamayai Kishii, 1987"
"サカウチメクラチビゴミムシ","Trechiama (Trechiama) iwasakii S. Uéno, 1988"
"イワキヒメマルクビゴミムシ","Nebria (Falcinebria) reflexa Bates, 1883"
"オキナワマドボタル　久米島亜種","Pyrocoelia matsumurai kumejimensis (Chûjô & M. Satô, 1972)"
"タテスジドウボソカミキリ　八重山亜種","Pothyne formosana chocolatoides Breuning & K. Ohbayashi, 1966"
"セマルオオマグソコガネ","Aphodius (Teuchestes) brachysomus Solsky, 1874"
"ハヤチネトガリヤマゾウムシ","Acanthalophus shigematsui Morimoto, 2015"
"フタホシハスジゾウムシ","Atactogaster inducens (Walker, 1859)"
"ツルガイケハナムグリヨツメハネカクシ","Eusphalerum tsurugaikenum Y. Watanabe & Yoshida, 2018"
"ヒサゴホソカタムシ","Glyphocryptus brevicollis Sharp, 1885"
"ケブカトラカミキリ","Hirticlytus comosus (Matsushita, 1941)"
"トカラアカアシコハナコメツキ　徳之島亜種","Paracardiophorus tokara heianus Kishii, 1977"
"ケマンサルゾウムシ","Sirocalodes umbrinus (Hustache, 1916)"
"オオアシベメダカハネカクシ","Stenus aestivus Naomi, 1988"
"トサムカシゲンゴロウ","Phreatodytes sublimbatus S. Uéno, 1996"
"ヤクシマヒラタゴミムシ","Agonum (Achaetoprothrax) hirashimai Habu, 1954"
"キヨタキヒロムネヒメハネカクシ","Notothecta incola (Sawada, 1989)"
"シコクフタホシヒメテントウ","Nephus (Geminosipho) shikokensis Kitano, 2008"
"ナガオノヒゲアリヅカムシ","Bryaxis subseriatus (Weise, 1877)"
"オキナワズマルトラカミキリ","Xylotrechus (Xylotrechus) albolatifasciatus Makihara, 1979"
"ミフシタマキノコムシモドキ","Acalyptomerus asiaticus Crowson, 1979"
"ムネビロカクホソカタムシ","Cautomus hystriculus Sharp, 1885"
"クロオナガヒメハナノミ","Mordellochroa (Mordellochroa) hasegawai Nomura & Katô, 1959"
"チョウセンスジバネアリヅカムシ","Odontalgus coreanus Löbl, 1973"
"ミズギワヒメハネカクシ","Hydrosmecta longula (Heer, 1839)"
"マルクビヒメカミキリ","Curtomerus flavus (Fabricius, 1775)"
"ウスチャイソハネカクシ","Halorhadinus masakazui Ono & Maruyama, 2014"
"タニガワコバネナガハネカクシ","Lathrobium (Lathrobium) arakawai Y. Watanabe, 1992"
"ムネアカナガタマムシ","Agrilus imitans Lewis, 1893"
"ヤツクサメクラチビゴミムシ","Trechiama (Trechiama) intermedius S. Uéno, 1980"
"イクビルリハムシ","Cleorina aeneomicans (Baly, 1867)"
"ミヤマチビクビボソジョウカイ","Asiopodabrus (Asiopodabrus) tsuyukii (Takahashi, 1992)"
"ホソダキノコハネカクシ","Bobitobus imitator (Luze, 1901)"
"ホソガタチビシデムシ","Catops nipponensis Jeannel, 1936"
"リュウキュウハナゾウムシ","Anthonomus (Anthonomus) ryukyuensis Kojima & Morimoto, 1994"
"ハチジョウマルムネゴミムシダマシ","Nalassus (Nalassus) kawabatai (Akita & Masumoto, 2012)"
"イツホシヒメテントウ　基亜種","Sasajiscymnus quinquepunctatus quinquepunctatus (Weise, 1923)"
"ニセセスジエンマムシ","Onthophilus aonoi M. Ôhara & Nakane, 1986"
"ヒラタセスジハネカクシ","Anotylus japonicus (Cameron, 1930)"
"ツマグロスジナガハネカクシ","Pseudolathra (Pseudolathra) unicolor (Kraatz, 1859)"
"カワラゴミムシ","Omophron (Omophron) aequale aequale Morawitz, 1863"
"ヒロムネマルガタゴミムシ","Amara (Celia) saginata (Ménétriés, 1849)"
"カブトゴミムシダマシ","Parabolitophagus felix (Lewis, 1894)"
"ナガチビヒョウタンゴミムシ","Dyschirius (Dyschiriodes) cheloscelis Bates, 1873"
"ガイマイデオキスイ","Carpophilus (Myothorax) dimidiatus (Fabricius, 1792)"
"シロカレキゾウムシ","Karekizo impressicollis Morimoto, 1962"
"ズグロアカヒメハネカクシ","Atheta (Atheta) weisei Bernhauer, 1907"
"チャイロヒメコメツキモドキ","Anadastus rufobrunneus Chûjô, 1970"
"アミメキクイゾウムシ","Choerorhinus gronopiformis (Woollaston, 1873)"
"クロカクムネヨツメハネカクシ","Archaeoboreaphilus yasutoshii (Y. Watanabe, 1988)"
"オノコロメクラチビゴミムシ","Trechiama (Trechiama) onocoro S. Uéno, 1983"
"ムナグロミイデラゴミムシ","Pheropsophus (Stenaptinus) occipitalis (W. S. MacLeay, 1825)"
"オキナワシラホシサビカミキリ","Apomecyna (Apomecyna) okinawana Makihara, 1992"
"オカヤマツヤツチゾウムシ","Asphalmus okayamaensis Morimoto, 2015"
"ヨツボシキバネナガクチキ","Stolius vagepictus Lewis, 1895"
"オキナワメボソマルタマキノコムシ","Agathidium (Agathidium) okinawaense Hoshina, 1998"
"フトベニボタル　九州亜種","Lycostomus (Lycostomus) semiellipticus kumamotonis Nakane, 1969"
"ニホンタケナガシンクイ","Dinoderus (Dinoderastes) japonicus Lesne, 1895"
"ルイスオサムシ　伊豆半島亜種","Carabus (Ohomopterus) lewisianus odorico Imura & Matsunaga, 2017"
"ミゾトガリハネカクシ","Medon sulcifrons Bernhauer, 1907"
"ウスリーシギゾウムシ","Curculio (Curculio) ussuriensis (Heller, 1927)"
"ナカオメクラチビゴミムシ","Trechiama (Trechiama) nakaoi S. Uéno, 1972"
"アズマオオタマキノコムシ","Leiodes masatsugui Hoshina, 2012"
"ホソムネホソヒラタムシ","Silvanoprus angusticollis (Reitter, 1876)"
"オオテントウ","Synonycha grandis (Thunberg, 1781)"
"シワヒメマキムシ","Enicmus rugosus Herbst, 1793"
"ブンゴヒノモトタマキノコムシ","Hinomoto bungensis Hoshina, 2015"
"ヤクマルバネコブヒゲカミキリ","Rhodopina nasui J. Komiya & Kusama, 1973"
"ハネナシサビカミキリ　吐噶喇亜種","Neosybra hachijoensis tokaraensis (Makihara, 1977)"
"オオトラフコガネ　南九州亜種","Paratrichius doenitzi kyushuensis Y. Miyake, 1990"
"イヨメクラチビゴミムシ","Stygiotrechus iyonis S. Uéno & Ashida, 2003"
"ツクシハナムグリヨツメハネカクシ","Eusphalerum tsukushiense Y. Watanabe, 1990"
"オニグルミノキモンカミキリ","Menesia flavotecta Heyden, 1886"
"イイデドウガネナガハネカクシ","Platydomene iidesana Y. Watanabe, 2009"
"シンニセユミセミゾハネカクシ","Thinodromus (Thinodromus) eminens Sharp, 1889"
"シロモンチビゾウムシ","Nanophyes albovittatus Roelofs, 1874"
"サドクビボソジョウカイ　亜種2","Asiopodabrus (Asiopodabrus) bilineatus takaii (Nakane & Makino, 1990)"
"ハッカヒメゾウムシ","Baris menthae Kono, 1937"
"サドクビボソジョウカイ　亜種1","Asiopodabrus (Asiopodabrus) bilineatus oisoanus (Takahashi, 1992)"
"ホシボシゴミムシ","Anisodactylus (Pseudanisodactylus) punctatipennis Morawitz, 1862"
"ミョウケンメクラチビゴミムシ","Trechiama (Trechiama) okudai Ashida, 2007"
"チビヒラタガムシ","Enochrus (Methydrus) esuriens (Walker, 1858)"
"クビアカモモブトホソカミキリ　基亜種","Kurarua rhopalophoroides rhopalophoroides Hayashi, 1951"
"ヨッカイチヒメハネカクシ","Atheta (Philhygra) yokkaichiana Bernhauer, 1907"
"コウモリクビボソジョウカイ","Asiopodabrus (Asiopodabrus) komoriensis Takahashi, 2012"
"ヤマイモハムシ","Lema (Petauristes) honorata Baly, 1873"
"マトバチビマメコメツキ","Quasimus (Miquasus) convexipennis Kishii, 1982"
"コクロナガオサムシ　北上山地亜種","Carabus (Leptocarabus) arboreus kitakamisanus (Ishikawa, 1992)"
"リュウキュウダエンチビドロムシ","Pelochares ryukyuensis M. Satô, 1966"
"ルイスオサムシ　基亜種","Carabus (Ohomopterus) lewisianus lewisianus (Nakane, 1952)"
"アワクビボソムシ","Stereopalpus dentiventris M. Saitô & Young, 2016"
"トゲムネミヤマカミキリ","Trirachys orientalis Hope, 1843"
"ダイセンサビイロモンキハネカクシ","Protocypus hagai (Naomi, 1992)"
"エダモンマルケシキスイ","Cyllodes excellens (Reitter, 1884)"
"オンタケツヤムネハネカクシ","Quedius (Microsaurus) ontakesanus Y. Watanabe, 2000"
"ツヤクシヒゲアリヅカムシ","Poroderus medius (Sharp, 1874)"
"ハイイロカミキリモドキ　先島亜種","Eobia (Eobia) cinereipennis ishigakiana Kono, 1937"
"エチゴキバネハムシダマシ","Lagria (Lagria) nigricollis Hope, 1842"
"ウバタマムシ　奄美・沖縄亜種","Chalcophora japonica oshimana Schönfeldt, 1890"
"ダンダラチビタマムシ","Trachys variolaris E. Saunders, 1873"
"アワメクラゲンゴロウ","Morimotoa uenoi Yanagi & Nomura, 2021"
"チュウジョウミジンムシダマシ","Aphanocephalus chujoi John, 1955"
"シイノコキクイムシ","Xylosandrus compactus (Eichhoff, 1876)"
"ダイセンダルマガムシ","Hydraena (Hydraena) kadowakii Jäch & Díaz, 2012"
"ヒゲブトコツブゲンゴロウ","Noterus angustulus Zaitzev, 1953"
"アマミチビヒサゴゴミムシダマシ","Laena insularis Kaszab, 1964"
"ミナミシナノヒメハナノミ","Falsomordellistena (Falsomordellistena) aurosuturalis Nomura, 1967"
"クロツヤヒゲナガコバネカミキリ","Molorchus (Yamatoglaphyra) hattorii K. Ohbayashi, 1953"
"スジマダラチビコメツキ","Aeoloderma brachmana (Candeze, 1859)"
"クロアシヒメツツハムシ","Coenobius piceipes Gressitt, 1942"
"タイワンヨツモンテントウダマシ","Pseudindalmus longicornis Tomaszewska, 2001"
"ヤエヤマヒゲナガジョウカイ","Cephalomalthinus yayeyamanus (M. Satô, 1986)"
"イシヅチムナビロコケムシ","Cephennodes (Fusionodes) loebli (Kurbatov, 1995)"
"アマミホソジョウカイモドキ","Attalus (Attalus) trochantinus Wittmer, 1982"
"ダイコクアリヅカムシ","Rybaxis princeps (Sharp, 1874)"
"ビロウドホソナガクチキ","Phloiotrya (Phloiotrya) obscura (Lewis, 1895)"
"カギモンハネカクシダマシ　基亜種","Euryplatus uenoi uenoi (Sasaji, 1984)"
"シラハタクロツヤヒラタゴミムシ","Synuchus (Synuchus) crocatus (Bates, 1883)"
"ヒゲブトホソクビゴミムシ","Styphlomerus (Styphlomerinus) batesi Chaudoir, 1876"
"オキナワヒメナガハムシ","Cerophysa miyatakei (Kimoto & Gressitt, 1966)"
"ヨツボシクロヒメゲンゴロウ","Ilybius nakanei Nilsson, 1994"
"アルマンオノヒゲアリヅカムシ","Bryaxis harmandi Raffray, 1909"
"アサヒナコマルガムシ","Anacaena asahinai M. Satô, 1982"
"エチゴメクラチビゴミムシ","Trechiama (Trechiama) echigonis S. Uéno, 1972"
"ガムシ","Hydrophilus (Hydrophilus) acuminatus Motschulsky, 1854"
"カシルリオトシブミ","Euops (Parasynaptopsis) splendidus Voss, 1930"
"イリオモテエグリゴミムシダマシ","Uloma (Uloma) takarai M. T. Chûjô, 1983"
"サイトウナガゴミムシ","Pterostichus (Nialoe) masahiroi Kasahara, 1988"
"コガタノサビコメツキ　基亜種","Lacon parallelus parallelus (Lewis, 1894)"
"クリサビカミキリ","Pterolophia (Pterolophia) castaneivora Ohbayashi & Hayashi, 1962"
"ヘリグロベニカミキリ","Purpuricenus (Sternoplistes) spectabilis Motschulsky, 1858"
"ゴトウナガゴミムシ","Pterostichus (Sphodroferonia) gotoensis Kasahara & Matsumoto, 1990"
"ハネナシセスジナガキマワリ","Strongylium (Strongylium) marseuli Lewis, 1894"
"アマミキモンヒメクチキムシ","Mycetochara (Ernocharis) chihiroae Akita & Masumoto, 2014"
"コウツヒメコバネナガハネカクシ","Lathrobium (Lathrobium) kotsuzanum Y. Watanabe, 2016"
"ガロアオニアリヅカムシ","Batrisodes (Batrisodes) galloisi Jeannel, 1958"
"オトメクビアカハナカミキリ　南アルプス亜種","Gaurotes (Carilia) otome wakejimai Fujita, 2018"
"カギモンヒメゾウムシ","Anthinobaris shirozui (Morimoto, 1965)"
"カタベニツツケシキスイ","Pityophagus basalis Reitter, 1874"
"セアカホソクチゾウムシ","Miniapion sulcirostre (Sharp, 1891)"
"ムネアカアオジョウカイモドキ","Clanoptilus (Clanoptilus) okinawaensis (Nakane, 1985)"
"セスジジョウカイ","Lycocerus magnius (Ishida, 1986)"
"コクロナガオサムシ　下閉伊亜種","Carabus (Leptocarabus) arboreus shimoheiensis (Ishikawa, 1992)"
"スヴェトラーナヒメナガアリヅカムシ","Ramussia svetlanae Kurbatov, 2022"
"キイロカミキリモドキ　基亜種","Nacerdes (Xanthochroa) hilleri hilleri (Harold, 1878)"
"フジタナガゴミムシ","Pterostichus (Lyrothorax) fujitai Tanaka & Ishida, 1972"
"ハスオビキノコハネカクシ","Bobitobus irregularis (Weise, 1877)"
"イガクロツヤマグソコガネ","Aphodius (Acrossus) igai Nakane, 1956"
"クロズホナシゴミムシ","Perigona (Trechicus) nigriceps (Dejean, 1831)"
"ツヤケシゴミハネカクシ","Rhomphocallus princeps (Sharp, 1874)"
"アカビロウドコガネ","Maladera (Omaladera) castanea (Arrow, 1913)"
"ケンザンヨコミゾコブゴミムシダマシ","Usechus takumii M. Saitô, 2025"
"オオメツツシンクイ","Melittomma oculare (Nakane, 1963)"
"スベハダヒラタケシキスイ","Epuraea (Epuraea) silacea (Herbst, 1783)"
"ヒメクロセスジハネカクシ","Anotylus laticornis (Sharp, 1874)"
"フタホシヒメゾウムシ","Nespilobaris cynanchi Yoshihara, 2016"
"ムラサキヒメカネコメツキ","Limonius eximius Lewis, 1894"
"ヒメケシゲンゴロウ　北海道本州亜種","Hyphydrus laeviventris tsugaru Nakane, 1993"
"ダンジョマルムネゴミムシダマシ","Asialassus adachii (Akita & Masumoto, 2009)"
"ダウリアノミゾウムシ","Tachyerges dauricus Faust, 1882"
"ブレンデルオチバメダカハネカクシ","Stenus brendelli Naomi, 1997"
"ヒロアオヘリホソゴミムシ","Drypta (Drypta) lineola virgata Chaudoir, 1850"
"オンタケチビゴミムシ","Trechus (Epaphius) vicarius Bates, 1883"
"イマサカアラハダトビハムシ","Trachytetra imasakai (Takizawa, 1990)"
"コビトヒメハネカクシ","Atheta (Badura) nana (Kraatz, 1859)"
"ヨコミゾアカツブエンマムシ","Mullerister niponicus (Lewis, 1879)"
"ヒゲコガネ","Polyphylla (Gynexophylla) laticollis laticollis Lewis, 1887"
"ナナツザコメクラチビゴミムシ","Rakantrechus (Paratrechiama) truncaticollis S. Uéno, 1970"
"ルイスジンガサハムシ","Thlaspida lewisii (Baly, 1874)"
"アオチビツツハムシ","Melixanthus pumilio (Suffrian, 1854)"
"オニダナエテントウダマシ","Danae shibatai Nakane, 1958"
"タイチメクラチビゴミムシ","Ishikawatrechus taichii S. Uéno, 2008"
"イノウエチビゴモクムシ","Acupalpus (Acupalpus) inouyei Habu, 1980"
"ニセコナラシギゾウムシ","Curculio (Curculio) conjugalis (Faust, 1882)"
"ツヤナガアシドロムシ","Grouvellinus nitidus Nomura, 1963"
"オニヒラタシデムシ","Thanatophilus rugosus (Linnaeus, 1758)"
"クロナガセマルキスイ","Atomaria (Atomaria) atrata Reitter, 1875"
"ミヤマクロチビオオキノコ","Tritoma (Tritoma) toyoshimai Narukawa, 2010"
"ムネミゾヒラタゴミムシダマシ","Clamoris canalicollis (Lewis, 1894)"
"クメジマクロホシテントウゴミムシダマシ","Derispia akitai Masumoto, 1994"
"オオツヤメダカハネカクシ","Stenus sharpi Bernhauer & Schubert, 1911"
"コブバネサビカミキリ　九州-奄美諸島亜種","Pterolophia (Ale) gibbosipennis subcristipennis Breuning & K. Ohbyashi, 1964"
"カエデヒゲナガコバネカミキリ","Molorchus (Molorchus) ishiharai Ohbayashi, 1936"
"ウバタマムシ　トカラ宝島亜種","Chalcophora japonica takarajimana Y. Kurosawa, 1974"
"サワダヒメハネカクシ1","Atheta (Atheta) separata (Sawada, 1970)"
"ウミゴミハネカクシ","Oreuryalea watanabei Assing & Maruyama, 2002"
"ワタナベマツシバンムシ","Ernobius watanabei Sakai, 2002"
"サワダヒメハネカクシ2","Atheta (Tetropla) neolata Sawada, 1976"
"セイノオガサワラクチカクシゾウムシ","Buninus seinoi Morimoto, 1981"
"ホソツヤヒラタゴミムシ","Synuchus (Synuchus) atricolor (Bates, 1883)"
"ネブトクワガタ　石垣島亜種","Aegus laevicollis ishigakiensis Nomura, 1960"
"トカライソジョウカイモドキ","Laius miyamotoi Nakane, 1955"
"マルガタシマチビゲンゴロウ","Nectoporus sanmarki sanmarkii (C. R. Sahlberg, 1826)"
"アブクマチビオオキノコ","Tritoma (Tritoma) kubotai Narukawa, 1994"
"マスダクロホシタマムシ","Lamprodila (Palmar) vivata (Lewis, 1893)"
"ホソクビボソムシ","Stereopalpus nagayamai Nakane, 1983"
"ミヤママルガタゴミムシ","Amara (Armatoleirides) asymmetrica (Tanaka, 1957)"
"ホソコバネカミキリ","Necydalis (Necydalisca) pennata Lewis, 1879"
"ヤマトスジツヤチビハネカクシ","Edaphus perversus Puthz, 1994"
"クロヘリイクビチョッキリ","Caenorhinus (Flavodeporaus) ohdaisanus (Nakane, 1963)"
"バサラハヤシメダカハネカクシ","Stenus basara Naomi, 1988"
"カクムネムツボシタマムシ","Chrysobothris (Chrysobothris) chrysostigma yezostigma Y. Kurosawa, 1963"
"ミクラジマハナムグリヨツメハネカクシ","Eusphalerum mikurajimaense Y. Watanabe, 2015"
"ナガオシモフリコメツキ","Actenicerus (Acnitecerus) nagaoi Ôhira, 1967"
"アオグロアカハネムシ","Tydessa lewisi (Pic, 1937)"
"ホソゲスグリゾウムシ","Pseudocneorhinus longisetosus Morimoto, 2015"
"ヨナクチボソコメツキ","Glyphonyx (Glyphonyx) yona Kishii, 1996"
"マルミナガクチカクシゾウムシ","Rhadinomerus subovatus Morimoto, 1987"
"ミズイデメクラチビゴミムシ","Ryugadous (Ryugadous) mimus S. Uéno, 1965"
"ムシスジコガネ　八重山諸島亜種","Anomala edentula yaeyamana Nomura, 1965"
"コモンシジミガムシ","Laccobius (Microlaccobius) oscillans Sharp, 1884"
"ニッポンナギサハネカクシ","Bryothinusa japonica Liu, Ono & Maruyama, 2020"
"シバタヒゲナガコバネカミキリ　基亜種","Molorchus (Molorchus) shibatai shibatai Hayashi, 1961"
"タカダテオオズナガゴミムシ","Pterostichus (Smilodonialoe) takadateyamanus Sasakawa, 2009"
"アカバクビブトハネカクシ","Mimopinophilus rufipennis (Sharp, 1874)"
"ニセハネモンキノコハネカクシ","Lordithon (Lordithon) pallidiceps (Sharp, 1888)"
"クロツツヒラタムシ","Ancistria reitteri Lewis, 1893"
"オキナワホソヒメジョウカイモドキ","Attalus (Attalus) okinawanus Wittmer, 1960"
"ムネモンコナガクチキ","Mycetoma affine Nikitsky, 1985"
"キンモンナガタマムシ","Agrilus auropictus Kerremans, 1912"
"スオウナカグロヒメコメツキ","Dalopius suoh Kishii, 2004"
"タマクロヒメハナノミ","Pseudomordellina tamana (Tokeji, 1953)"
"ダルマコガネ","Paraphytus dentifrons Lewis, 1895"
"ミチノクオンセンミズギワゴミムシ","Bembidion (Ocydromus) ozakii Morita, 2010"
"フタボシチビゴミムシ","Blemus discus discus (Fabricius, 1792)"
"ツヤケシヒメゾウムシ","Pellobaris melancholica (Roelofs, 1875)"
"ハマベオオヒメサビキコリ","Agrypnus tsukamotoi (Kishii, 1956)"
"ヒメエンマムシ","Margarinotus (Ptomister) weymarni Wenzel, 1944"
"リュウキュウクロボシハムシ","Gonioctena (Sinomela) nagaii Nakane, 1963"
"ミヤマナガゴミムシ　富士山亜種","Pterostichus (Nialoe) rhanis angustistylis Tanaka, 1958"
"ハマベヒメサビキコリ　基亜種","Agrypnus miyamotoi miyamotoi (Nakane & Kishii, 1955)"
"クロズマルヒメハナムシ","Phalacrus punctatus Champion, 1925"
"イズモコブセスジダルマガムシ","Ochthebius (Ochthebius) hayashii Jäch & Delgado, 2014"
"サトウホソクシコメツキ　基亜種","Priopus satoi satoi (Nakane & Kishii, 1956)"
"ニセヒゲブトムネトゲアリヅカムシ","Petaloscapus shirokanensis Nomura, 2017"
"ニシカワナガメダカハネカクシ","Stenus nishikawai Naomi, 1988"
"オオシマオチバゾウムシ","Otibazo oshimaensis Morimoto & Miyakawa, 1985"
"キベリヒラタノミハムシ　基亜種","Hemipyxis cinctipennis cinctipennis (Weise, 1890)"
"ベニモンムクゲキスイ","Biphyllus suffusus (Wollaston, 1873)"
"レイガンジツヤツチゾウムシ","Asphalmus reiganjiensis Morimoto, 2015"
"クロツグハナケシキスイ","Amystrops nigripennis (Redtenbacher, 1868)"
"カタセマルタマキノコムシ","Agathidium (Cyphoceble) kataseae Hoshina, 2010"
"ゴマノミヒゲナガゾウムシ","Choragus cissoides Sharp, 1891"
"ズマルハムシダマシ","Casnonidea (Casunonidea) occipitalis (Borchmann, 1912)"
"オキナワマルヒラタドロムシ","Eubrianax loochooensis Nakane, 1952"
"ヤマトクロコメツキ","Ampedus (Ampedus) yamato Kishii, 1988"
"チビメナガヒゲナガゾウムシ","Phaulimia minor Shibata, 1980"
"キタキノコハネカクシ","Bryophacis rufus punctipennis (Thomson, 1861)"
"アカガネマルガタゴミムシ","Amara (Amara) ussuriensis Lutshnik, 1935"
"エチゴチビマメコメツキ","Quasimus (Quasimus) echigoanus Kishii, 1976"
"キバネニセリンゴカミキリ","Eumecocera anomala (Bates, 1884)"
"チビヒョウタンヒゲナガゾウムシ","Valenfriesia tomicoides (Sharp, 1891)"
"フタカドオチバメダカハネカクシ","Stenus inassuetus Puthz, 1993"
"トカラクロコガネ","Nigrotrichia tokara (Nakane, 1956)"
"サンノウクビボソジョウカイ","Asiopodabrus (Asiopodabrus) sannouanus (Nakane & Makino, 1989)"
"オオサカヒメナガゴミムシ","Pterostichus (Pledarus) lutschniki Jedlička, 1962"
"サワダナガアリヅカムシ","Euplectus (Euplectus) sawadaianus Nomura, 2001"
"ヤンバルビロウドコガネ","Maladera (?) imasakai Miyake & Yamaya, 1995"
"カラカネチビナカボソタマムシ","Nalanda ohbayashii Y. Kurosawa, 1957"
"シンシュウマルタマキノコムシ","Agathidium (Cyphoceble) subalatum Angelini & De Marzo, 1990"
"タブノナガキクイムシ","Platypus contaminatus (Blandford, 1894)"
"ヤエヤマビロウドコガネ","Maladera (?) yaeyamana Nomura, 1963"
"ニホンホソヒゲハネカクシ","Trichophya japonica Y. Watanabe & Shibata, 1962"
"スジグロボタル　奄美大島亜種","Pristolycus sagulatus amami Nakane, 1961"
"ザウターホソチョッキリ","Eugnamptobius (Cyaneugnamptus) sauteri (Voss, 1922)"
"ゴザイシアカコメツキ","Ampedus (Ampedus) gozaishi Kishii, 1990"
"クサアリセミゾハネカクシ","Falagrioma myrmecophila (Sharp, 1888)"
"ヨツモンチビオオキノコ","Pselaphandra cinnabarina (Reitter, 1879)"
"ムナグロチビキカワムシ","Lissodema munaguro Sasaji, 1988"
"ヒゴツヤハダコメツキ","Scutellathous seinoi Kishii, 2001"
"セグロササラクチカクシゾウムシ","Deretiosus albicaudatus Morimoto, 1988"
"ニセフタモンヒメミズギワヨツメハネカクシ","Lesteva persimilis Cameron, 1930"
"ヨツスジハナカミキリ　五島列島亜種","Leptura ochraceofasciata iijimai Fujita, 2018"
"シロスジコガネ","Polyphylla (Granida) albolineata (Motschulsky, 1861)"
"オタリツヤゴモクムシ","Trichotichnus (Trichotichnus) hirasawai Morita, 1997"
"クシヒゲチャイロコメツキダマシ","Hodocerus malaisiensis Bonvouloir, 1872"
"ニセキベリコバネジョウカイ","Trypherus (Trypherus) mutilatus (Kiesenwetter, 1879)"
"ホンシュウケシガムシ","Cercyon (Cercyon) unipustulatus Nakane, 1982"
"アマミクロハムシダマシ","Lagria (Lagria) notabilis Lewis, 1896"
"サツキハナムグリヨツメハネカクシ","Eusphalerum satsuki Y. Watanabe, 1990"
"ケナガスグリゾウムシ","Pseudocneorhinus setosus Roelofs, 1879"
"ヒダクビボソジョウカイ","Asiopodabrus (Asiopodabrus) hidaensis (Takahashi & Kiriyma, 2000)"
"ミサトザイノキクイムシ","Cyclorhipidion bodoanum (Reitter, 1913)"
"ヒメオサムシ　沖の島亜種","Carabus (Ohomopterus) japonicus okinoshimanus Imura Dejima & Mizusawa, 1993"
"キイロケナガトビハムシ","Orthaltica okinawana (Kimoto & Gressitt, 1966)"
"26): 5-7.","窪木幹夫, 1975. 日本産Pidonia属の覚え書(5)　小田深山のPidonia属. 甲虫ニュース, (25"
"モリモトモリヒラタゴミムシ","Diacanthostylus morimotoi (Habu, 1954)"
"ヨツボシホソオオキノコ","Dacne (Xenodacne) maculata Chûjô, 1940"
"チャムネハラホソハネカクシ","Atanygnathus terminalis (Erichson, 1839)"
"ヒシベニボタル","Dictyoptera gorhami (Kono, 1932)"
"ユーカリハムシ","Trachymela sloanei (Blackburn, 1896)"
"オキハナムグリヨツメハネカクシ","Eusphalerum insulare Y. Watanabe & Shimada, 2006"
"ハマベゾウムシ","Isonycholips gotoi Chûjô & Voss, 1960"
"チビヒョウタンゴミムシ","Dyschirius (Eudyschirius) ordinatus Bates, 1873"
"ワタナベダルマガムシ","Hydraena (Hydraena) watanabei Jäch & M. Satô, 1988"
"マダラノミゾウムシ","Orchestes (Orchestes) nomizo Kono, 1930"
"ハギホソクチゾウムシ","Stenopterapion meliloti (Kirby, 1808)"
"オカダノコギリゾウムシ","Ixalma okadai Kono, 1937"
"ニシコルリクワガタ　九州亜種","Platycerus viridicuprus kanadai K. Kubota, N. Kubota & Otobe, 2008"
"サビカッコウムシ","Thaneroclerus buquet (Lefebvre, 1835)"
"ハラトゲナガゴミムシ　富士山亜種","Pterostichus (Nialoe) spiculifer ikutanii Tanaka, 1961"
"エモトホソヒラタハネカクシ","Siagonium emotoi Naomi, 2006"
"マメゾウガタチビヒゲナガゾウムシ","Uncifer bruchoides (Sharp, 1891)"
"シマケシガムシ","Cercyon (Clinocercyon) lineolatus (Motschulsky, 1863)"
"キボシマメゴモクムシ","Stenolophus (Egadroma) smaragdulus (Fabricius, 1798)"
"ムネビロスナゴミムシダマシ　基亜種","Gonocephalum (Gonocephalum) japanum japanum Motschulsky, 1861"
"ナオミイクビキノコハネカクシ","Bryoporus friebi Scheerpeltz, 1959"
"ニセハマベエンマムシ","Hypocaccus (Hypocaccus) sinae (Marseul, 1862)"
"クロボシホソミツギリゾウムシ","Mesoderes bimaculatus Morimoto & Tsuji, 2017"
"タイワンタマヌキオニゾウムシ","Gasterocercus onizo Kono, 1932"
"オオカンショコガネ　基亜種","Apogonia major major C. O. Waterhouse, 1875"
"アマミクチキムシダマシ","Elacatis atrithorax (Pic, 1920)"
"ツヤケシガムシ","Asiacyon placidus (Sharp, 1884)"
"カスリドウボソカミキリ　沖縄亜種","Pothyne variegata ryukyuana Yokoyama, 1974"
"マルバネツチゾウムシ","Tokara rotundipennis Morimoto, 2015"
"サガノセキメクラチビゴミムシ","Rakantrechus (Pilosotrechiama) fretensis S. Uéno, 2008"
"エラブミナミチビコメツキ","Nanseia erabuensis (Kishii, 1966)"
"サンゴウシオハネカクシ","Heterota arenaria Cameron, 1920"
"マルセルエグリゴミムシダマシ　基亜種","Uloma (Uloma) marseuli marseuli Nakane, 1956"
"ナガサキクビナガゴミムシ","Eucolliuris litura (Schmidt-Göbel, 1846)"
"ヨシモトケブカハムシ","Pyrrhalta yoshimotoi Kimoto & Gressitt, 1966"
"ヒラズゲンセイ","Synhoria maxillosa (Fabricius, 1801)"
"コアオアトキリゴミムシ","Taicona aurata Bates, 1873"
"ホソガタヒメカミキリ 先島亜種","Ceresium elongatum tsuchiyai Fujita, 2018"
"オトヒメハナノミ","Pseudomordellistena otohime (Nomura & Katô, 1957)"
"ツシマモリヒラタゴミムシ","Agonum (Glaucagonum) tsushimanum Habu & Baba, 1959"
"オオキバネナガハネカクシ","Megalinus japonicus (Sharp, 1874)"
"ナガクチブトノミゾウムシ","Imachra maetai (Morimoto, 1964)"
"オオマルクビゴミムシ　亜種","Nebria (Paranebria) macrogona shirahatai Habu, 1947"
"シマシマクビボソジョウカイ","Asiopodabrus (Asiopodabrus) shimashimanus (Nakane & Makino, 1989)"
"オオヒラタホソカタムシ","Colobicus hiranoi Narukawa, 2021"
"アカムネハナカミキリ","Macropidonia ruficollis Pic, 1901"
"イシズチコケホソハネカクシ","Leptusa (Eospisalia) ishizuchiensis Pace, 1982"
"ホソキボシアオゴミムシ","Chlaenius (Lissauchenius) rufifemoratus (MacLeay, 1825)"
"ツヤハネブトメダカハネカクシ","Stenus currax Sharp, 1874"
"ルイスデオキスイ","Carpophilus (Myothorax) lewisi Reitter, 1884"
"ヨコネクビボソジョウカイ","Asiopodabrus (Asiopodabrus) yokonensis (Takahashi, 2002)"
"ヤマトアバタコバネハネカクシ","Nazeris yasuakii T. Ito, 2002"
"チャイロヒメコメツキ","Sericus (Sericus) brunneus sachalinensis (Miwa, 1928)"
"ニイシマキクイムシ","Sueus niisimai (Eggers, 1926)"
"キマダラカミキリ　基亜種","Aeolesthes (Pseudaeolesthes) chrysothrix chrysothrix (Bates, 1873)"
"アシグロヨツボシゴミムシ","Adischissus notulatus (Fabricius, 1801)"
"サビニセナガコケムシ","Eutheia rufa Jałoszyński, 2004"
"オオウシオヒメハネカクシ","Adota maritima (Mannerheim, 1843)"
"ヤクシマウスイロクチキムシ","Borboresthes yakushimana (Akita & Masumoto, 2015)"
"ミナミホソゴミムシダマシ","Corticeus (Stenophloeus) analis (Gebien, 1914)"
"ツシマヒメハナノミ","Pseudomordellistena tsushimana Tsuru, 2021"
"ムネコブゴマフカミキリ","Pachyosa cervinopicta (Fairmaire, 1897)"
"リュウキュウクサビラタマキノコムシ","Pseudcolenis (Pseudcolenis) picea (Hisamatsu, 1964)"
"ヘリビロホソカタムシ","Phormesa lunaris Pascoe, 1863"
"ホソキカワムシ","Hemipeplus miyamotoi H. Kamiya, 1961"
"キバライクビチョッキリ","Caenorhinus (Flavodeporaus) vossi (Y. Sawada, 1993)"
"イシズチヒメハナカミキリ　九州亜種","Pseudopidonia shikokensis amanoi (Hayashi, 1969)"
"オキナワクビマルキコメツキ","Hemiops ireii Ôhira & Makihara, 2007"
"ヤエヤママルバネクワガタ　与那国島亜種","Neolucanus insulicola donan Mizunuma, 1985"
"イワワキオサムシ　紀伊半島亜種","Carabus (Ohomopterus) iwawakianus kiiensis (Nakane & Iga, 1953)"
"ヒメマダラカツオブシムシ","Trogoderma inclusum LeConte, 1854"
"キイロアトキリゴミムシ","Philorhizus optimus (Bates, 1873)"
"ヤクシマミドリカミキリ　基亜種","Chloridolum (Chloridolum) kurosawae kurosawae Hayashi, 1956"
"ヒメホソクビゴミムシ","Brachinus (?) incomptus Bates, 1873"
"グイマツアトマルキクイムシ","Dryocoetes baikalicus Reitter, 1899"
"カンゼオンスジツヤチビハネカクシ","Edaphus kanzeon Puthz, 2014"
"バラルリツツハムシ","Cryptocephalus (Cryptocephalus) approximatus Baly, 1873"
"クロサワツツヒラタムシ","Ancistria kurosawai Sasaji, 1993"
"アイヌアカコメツキ　基亜種","Ampedus (Ampedus) ainu ainu (Lewis, 1894)"
"ダイトウヒメヒラアシコメツキ","Ischiodontus daitoensis Ôhira, 1969"
"リュウキュウヒメテントウ","Sasajiscymnus kurohime (Miyatake, 1959)"
"ズグロメダカハネカクシ 基亜種","Stenus flavidulus flavidulus Sharp, 1889"
"ヤマトシリホソハネカクシ","Tachyporus (Tachyporus) japonicus Schülke, 1998"
"オビモンニセクビボソムシ","Syzeton quadrimaculatus (Marseul, 1876)"
"ホソアシチビイッカク","Mecynotarsus tenuipes Champion, 1891"
"コッホヒゲブトハネカクシ","Paraleochara kochi (Bernhauer, 1941)"
"キビノオビハナノミ","Glipa (Macroglipa) kibiana Takakuwa, 2007"
"フタオビチビカツオブシムシ","Orphinus (Orphinus) fasciatus (Matsumura & Yokoyama, 1928)"
"エンマハバビロガムシ","Sphaeridium scarabaeoides (Linnaeus, 1758)"
"ツマグロアカキノコハネカクシ","Bobitobus elegantulus (L. -Z. Li & Sakai, 1996)"
"キクイオオハナノミ","Micropelecotoides japonicus Pic, 1910"
"ニホンヒゲボソケシキスイ","Kateretes japonicus Hisamatsu, 1985"
"コゲチャナガコケムシ","Paraneseuthia holzneri (Franz, 1976)"
"ニセセマルヒョウホンムシ","Gibbium aequinoctiale Boieldieu, 1854"
"2): 7-10.","Habu, A., 1977. Occurrence of Harpalus (Pseudoophonus) horni Jedlička in Honshu, Japan (Coleoptera, Carabidae). Entomological Review of Japan, 30(1"
"オオゴボウゾウムシ","Larinus (Phyllonomeus) meleagris Petri, 1907"
"ニセノコギリマルタマキノコムシ","Agathidium (Neoceble) dubium Portevin, 1908"
"フタイロカミキリモドキ　基亜種","Oedemera (Oedemera) sexualis sexualis Marseul, 1877"
"コゲチャクチキハネカクシ","Tachyusida velox Sharp, 1888"
"タンゴメクラチビゴミムシ","Trechiama (Trechiama) tangonis S. Uéno, 1985"
"ヤクシマコクヨウツツキノコムシ","Hyalocis yakushimensis Kawanabe, 1993"
"クモマハナムグリヨツメハネカクシ","Eusphalerum kumoma Y. Watanabe, 1990"
"ワイフキクイムシ","Phloeosinus kumamotoensis Murayama, 1955"
"ツマキレオナガミズスマシ","Orectochilus (Orectochilus) agilis Sharp, 1884"
"ハスオビチビゾウムシ","Nanophyes proles Heller, 1915"
"トサヤマツヤムネハネカクシ","Quedius (Microsaurus) kawasawai S. Uéno & Y. Watanabe, 1970"
"アマミヒラタコガシラハネカクシ","Philonthus (Philonthus) amamiensis Hayashi, 1993"
"オキナワオニニセチビシデムシ","Ptomaphaginus okinawaensis Hoshina & Sugaya, 2003"
"メシマチビヒサゴゴミムシダマシ","Laena ezimai Masumoto & Akita, 2001"
"オキナワツヤヒラタゴミムシ","Synuchus (Synuchus) inadai Morita & K. Arai, 2003"
"ナナオメクラチビゴミムシ","Trechiama (Trechiama) tener S. Uéno, 1989"
"チビヒメクビボソハネカクシ","Scopaeus (Scopaeus) virilis Sharp, 1874"
"カリンテントウダマシ","Mycetina karin Sasaji, 1995"
"ムネスジウスバカミキリ 奄美沖縄亜種","Nortia carinicollis pruinicollis Gressitt, 1965"
"スミヨウオチバゾウムシ","Otibazo nakamurai Yoshitake, 2021"
"イシガキスジツヤチビハネカクシ","Edaphus ishigakiensis Puthz, 2010"
"サクラダニニセヒゲブトハネカクシ","Pseudoplandria sakuradanii Sawada, 1990"
"アカミジンムシ","Arthrolips rufula (Matthews, 1899)"
"カドコブデオネスイ","Monotoma brevicollis brevicollis Aubé, 1837"
"フタオビミドリトラカミキリ　男女群島亜種","Humeromaculatus (Humeromaculatus) muscosus adachii Fujita, 2023"
"ホッカイジョウカイ","Cantharis (Cyrtomoptila) plagiata Heyden, 1889"
"コツヤエンマムシ","Atholus duodecimstriatus quatuordecimstriatus (Gyllenhal, 1808)"
"オオミギワハネカクシ","Myllaena torrentum Cameron, 1933"
"ジョウネンサシゲマルトゲムシ","Curimopsis (Curimopsis) japonica Nakane, 1964"
"スギノミドリサルハムシ","Colaspoides suginoi Y. Komiya, 1988"
"ヤマトオニオノヒゲアリヅカムシ","Tychobythinus japonicus Löbl & Kurbatov, 1996"
"レーベルタマキノコムシモドキ","Clambus loebli Endrödy-Younga, 1986"
"ヤマヒサゴトビハムシ","Chaetocnema (Chaetocnema) hortensis (Geoffroy, 1785)"
"トカラマンマルコガネ","Madrasostes kazumai Ochi, Johki & Nakata, 1990"
"ツヅミキクイムシ","Xylosandrus amputatus (Blandford, 1894)"
"ヒメジョウカイモドキ","Nepachys japonicus (Kiesenwetter, 1874)"
"ムネスジウスバカミキリ　吐噶喇亜種","Nortia carinicollis kobayashii Fujita, 2018"
"オガサワラコバネカミキリ　基亜種","Psephactus scabripennis scabripennis Kusama, 1973"
"シコクホソチビマルハナノミ","Nyholmia ohbayashii (Yoshitomi, 2005)"
"フタホシアトキリゴミムシ","Lebia (Poecilothais) bifenestrata Morawitz, 1862"
"アオグロカミキリモドキ","Ischnomera nigrocyanea (Lewis, 1895)"
"ムコヒメハネカクシ","Acrotona pseudotenera (Cameron, 1933)"
"オオマダラヒゲナガゾウムシ","Sympaector rugirostris (Sharp, 1891)"
"クロヒメコメツキ","Sericus (Sericus) fujisanus (Lewis, 1894)"
"センダツキクイムシ","Euwallacea praevius (Blandford, 1894)"
"コクロニンフジョウカイ","Asiopodabrus (Nakanepodabrus) kadowakii (Nakane & Makino, 1989)"
"コナスビトビハムシ","Lythraria komiyamai (Ohno, 1960)"
"ハナタニジョウカイ","Lycocerus hanatanii (Okushima, 1996)"
"ジョウシュウカマヒゲアリヅカムシ","Bythoxenites frontalis Löbl & Kurbatov, 1996"
"コマルハダニカブリケシハネカクシ","Holobus kurama (Nakane, 1963)"
"ミヤマツヤムネハネカクシ","Quedius (Microsaurus) abnormalis Sharp, 1889"
"アラカワシロヘリトラカミキリ　基亜種","Anaglyptus (Anaglyptus) arakawae arakawae (Kano, 1933)"
"ヒメツヤヒラタゴミムシ","Synuchus (Synuchus) dulcigradus (Bates, 1873)"
"キソマルクビゴミムシ","Nebria (Sadonebria) kiso K. Sasakawa, 2009"
"ナナカマドノコキクイムシ","Eidophelus takahashii (Nobuchi, 1975)"
"タマヒゲチビゴミムシダマシ","Tyrtaeus ishigakiensis Akita & Masumoto, 2013"
"ヒメクロトラカミキリ　奄美亜種","Rhaphuma diminuta nitens Hayashi, 1962"
"フタオビアラゲカミキリ","Arhopaloscelis nipponensis (Pic, 1932)"
"ムツボシシロカミキリ","Olenecamptus taiwanus L. S. Dillon & E. S. Dillon, 1948"
"トガリシロオビサビカミキリ　男女群島亜種","Pterolophia (Pterolophia) caudata curtipennis Makihara, 1980"
"テングゾウムシ","Peribleptus similaris Voss, 1939"
"トゲカタマルバネクチブトゾウムシ","Allaeoptochus nipponensis Kojima & Morimoto, 2006"
"キクチセスジチビハネカクシ","Micropeplus kikuchii Y. Watanabe, 1975"
"ニッコウルリハムシ","Chrysolina (Hypericia) nikkoensis (Jacoby, 1885)"
"アシナガアカツヤヒラタゴミムシ","Synuchus (Synuchus) longipes Lindroth, 1956"
"オキナワアバタコバネハネカクシ　徳之島亜種","Nazeris okinawanus amamianus Ito, 1994"
"チビクロセスジハネカクシ","Anotylus latiusculus (Kraatz, 1859)"
"ナミツヤムネハネカクシ","Quedius (Microsaurus) simulans Sharp, 1874"
"カイセマルタマキノコムシ","Cyrtoplastus hiranoi Hoshina, 1996"
"コルリエンマムシ","Saprinus (Saprinus) cyaneus auricollis Marseul, 1855"
"タオハヤシメダカハネカクシ","Stenus taoi Naomi, 1989"
"トカラコブヒゲカミキリ　口永良部島亜種","Rhodopina tokarensis orientalis Yokoyama, 1971"
"ウスグロヒラタガムシ","Enochrus (Methydrus) uniformis (Sharp, 1884)"
"チャイロマルバネクワガタ","Neolucanus insularis Miwa, 1929"
"カシワギキクイムシ","Xyleborus muticus Blandford, 1894"
"キマダラツツコメツキ","Subprotelater bakeri Fleutiaux, 1916"
"ナナサワクビボソジョウカイ","Asiopodabrus (Asiopodabrus) nanasawaensis (Takahashi, 1992)"
"オンタケダンダラコメツキ","Diacanthous ontakeanus (Kishii, 1969)"
"クロイワボタル","Luciola (Luciola) kuroiwae Matsumura, 1918"
"コウベナガメダカハネカクシ","Stenus kobensis Cameron, 1930"
"ホウオウツヤゴモクムシ","Trichotichnus (Trichotichnus) hosodai N. Itô, 2005"
"チャバネクビアカツヤゴモクムシ","Trichotichnus (Trichotichnus) kantoonus Habu, 1961"
"フタバキノコツヤハネカクシ","Gyrophaena (Gyrophaena) biseriata Cameron, 1933"
"ナオミナガタマムシ","Agrilus naomii Tôyama, 1988"
"ヤンバルアトモンチビカミキリ　宮古亜種","Sybra (Sybra) maculiclunis hisaoi Fujita, 2023"
"シマバラチビマメコメツキ","Quasimus (Quasimus) shimabarensis Kishii, 1979"
"ヒメオオメツヤムネハネカクシ","Quedius (Raphirus) boops Gravenhorst, 1802"
"オガサワラホソチビキカワムシ","Ocholissa hiroyukii (Masumoto & Akita, 2007)"
"ダイセンビロウドコガネ","Nipponoserica daisensis (Sawada, 1937)"
"トケジヒメナガクチキ","Hallomenus (Xeuxes) tokejii Nomura & Katô, 1958"
"ヤクツヤゴミムシダマシ","Scaphidema aikoae M. T. Chûjô, 1983"
"オオツマキミジンムシ","Arthrolips major Paulian, 1962"
"ハンノキハムシ","Agelastica coerulea Baly, 1874"
"イハニセクチブトコメツキ","Lanecarus ihai Ôhira, 1962"
"ヒラタヒメキノコハネカクシ","Sepedophilus planipennis Nakane, 1963"
"ツヤナシキクイムシ","Xyleborus pfeilii (Ratzeburg, 1837)"
"マルバネチビヒラタケシキスイ","Epuraea (Epuraea) rotundipennis S.-T. Hisamatsu & Kirejtshuk, 2013"
"タイワンヒサゴトビハムシ","Chaetocnema (Udorpes) bella (Baly, 1876)"
"リュウキュウオオカミキリモドキ","Eobia (Eobia) magna Chûjô & M. Satô, 1972"
"アマミノコギリクワガタ　徳之島亜種","Prosopocoilus dissimilis makinoi Ichikawa & Fujita, 1985"
"アカマダラケシキスイ","Lasiodites picta (MacLeay, 1825)"
"マルヒラタコクヌスト","Ancyrona higonia (Lewis, 1894)"
"チビシギゾウムシ","Balanobius (Balanobius) chibi (Kono, 1930)"
"ハイイロツツクビカミキリ","Cylindilla grisescens Bates, 1884"
"アマミアカミナミボタル","Drilaster bicolor M. Satô, 1968"
"ヤマトトゲバカミキリ","Rondibilis (Rondibilis) japonica Hayashi, 1968"
"タイワンチビカッコウムシ","Isoclerus (Isoclerus) disinlei Kolibac, 1992"
"オゼアバタコバネハネカクシ　基亜種","Nazeris hasegawai hasegawai Nakane & Sawada, 1954"
"スゴモリハネカクシ","Hylota ochracea Casey, 1906"
"サトヤマシモフリコメツキ","Actenicerus (Acnitecerus) kidonoi Ôhira, 2006"
"オガサワラヒメテントウ","Nephus (Nephus) boninensis Sasaji, 1982"
"ヒメセミゾハネカクシ","Falagrioma simplex (Sharp, 1874)"
"ニセサムライマルタマキノコムシ","Agathidium (Agathidium) pseudosamurai Angelini & De Marzo, 1990"
"ナガスネエンマコガネ","Onthophagus (Matashia) ohbayashii Nomura, 1939"
"サトウセスジチビハネカクシ","Micropeplus satoi Y. Watanabe, 1975"
"クビアカジョウカイ","Lycocerus oedemeroides (Kiesenwetter, 1874)"
"オキツヤヒサゴゴミムシダマシ","Misolampidius okiensis Nakane, 1983"
"クロサビイロマルズオオハネカクシ","Ocypus (Pseudocypus) lewisius Sharp, 1874"
"ヘコズクチブトキクイゾウムシ","Stenoscelis cavirostris Inoue, 2025"
"ツルギヤマナガゴミムシ","Pterostichus (Nialoe) tsurugiyamanus Habu, 1959"
"キタアリヤドリ","Thiasophila aynumosir Maruyama & Zerche, 2014"
"ヒメアバタコバネハネカクシ","Nazeris optatus (Sharp, 1889)"
"ジョウネンケシガムシ","Cercyon (Cercyon) jonensis Nakane, 1965"
"ワサビルリイロサルゾウムシ","Ceutorhynchus wasabi Yoshitake, 2011"
"ミクニクビボソジョウカイ","Asiopodabrus (Asiopodabrus) mikunisanus (Takahashi, 1992)"
"イヨヒメハナカミキリ　九州・西中国亜種","Cryptopidonia hylophila affinis (Kuboki, 1982)"
"タラダケオノヒゲアリヅカムシ","Bryaxis taradakensis Löbl, Kurbatov & Nomura, 1998"
"ニセクチブトコメツキ","Lanecarus palustris (Lewis, 1894)"
"サクラギメクラチビゴミムシ","Trechiama (Trechiama) sakuragii S. Uéno, 2009"
"トゲアシクチブトゾウムシ","Anosimus decoratus Roelofs, 1873"
"マサトコバネナガハネカクシ","Lathrobium (Lathrobium) masatoi Y. Watanabe, 2010"
"ヒメカツオゾウムシ","Lixus (Phillixus) subtilis Boheman, 1835"
"ヒゲブトナガクチキ","Dircaeomorpha elegans Sasaji, 1974"
"サツナンマメアリヅカムシ","Morana angustata Arai, 2003"
"ナカノツノキノコゴミムシダマシ","Basides katsuyai (Akita & Masumoto, 2023)"
"シナノアカコメツキ","Ampedus (Ampedus) masatoi Kishii, 2002"
"オオクロヒラタコメツキ　基亜種","Pseudanostirus dilatatus dilatatus (Miwa, 1928)"
"タケトラカミキリ","Chlorophorus annularis (Fabricius, 1787)"
"ムネアカナガミドリサルハムシ","Massiea costata (S.-H. Chen & Wang, 1976)"
"ヒラタコミズギワゴミムシ","Tachyura (Amaurotachys) exarata (Bates, 1873)"
"キンリョクヒゲナガハムシ","Theopea aureoviridis Chûjô, 1935"
"タイヘイビロウドコガネ","Maladera (Maladera) taiheii Kobayashi, 2016"
"イシガキチビヒゲナガハナノミ","Ectopria tachikawai (M. Satô, 1968)"
"エゾヒメゲンゴロウ","Rhantus (Rhantus) yessoensis Sharp, 1891"
"チョウセンナギサハネカクシ","Bryothinusa koreana Ahn & Jeon, 2004"
"ヤマトヒメメダカカッコウムシ","Neohydnus hozumii Nakane, 1981"
"モンヒラタハネカクシ","Siagonium vittatum Fauvel, 1875"
"ビロウドカミキリ　熊毛亜種","Acalolepta fraudatrix yakushimana Yokoyama, 1971"
"ニセウスチャナギサハネカクシ","Bryothinusa itsuroi Liu, Ono & Maruyama, 2021"
"ササメクラチビゴミムシ","Ishikawatrechus squamosus S. Uéno, 1997"
"クビアカトビハムシ","Luperomorpha pryeri (Baly, 1874)"
"シコクグミトビハムシ","Zipanginia tosana Ohno, 1964"
"ミヤザキハナボタル","Plateros atsushii (Nakane, 1995)"
"クヌギナガタマムシ","Agrilus friebi Obenberger, 1922"
"クロフナガタハナノミ","Anaspis (Anaspis) marseuli Csiki, 1915"
"オオバヤシクビボソジョウカイ","Asiopodabrus (Asiopodabrus) ohbayashii Takahashi, 2012"
"リュウノイワヤツヤムネハネカクシ","Quedius (Microsaurus) kiuchii Y. Watanabe & Yoshida, 1970"
"ハビロキンヘリタマムシ","Lamprodila (Lamprodila) nipponensis (Y. Kurosawa, 1953)"
"アカマルバネクワガタ","Neolucanus swinhoei Bates, 1866"
"ワモンマルケシキスイ","Cyllodes nakanei Hisamatsu, 1961"
"ヨツボシシロオビゴマフカミキリ","Mesosa (Mesosa) mediofasciata Breuning, 1942"
"マルヒラタケシキスイ","Parametopia x-rubrum Reitter, 1884"
"ツヤマルバネキクイゾウムシ","Isodryotribus squamosus Konishi, 1962"
"ホシガタキクイムシ","Pityogenes chalcographus (Linnaeus, 1760)"
"ヒメハマベエンマムシ","Hypocacculus (Nessus) asticus (Lewis, 1911)"
"ヒョウゴクビボソジョウカイ","Asiopodabrus (Asiopodabrus) hyogoensis (Nakane & Makino, 1989)"
"マルクビクシコメツキ2　基亜種","Melanotus (Melanotus) fortnumi fortnumi Candèze, 1878"
"4): 115.","Miyateke, M., 1970. Clerid-beetles unrecorded from Shikoku, III (Coleoptera). Transactions of the Shikoku Entomological Society, 10(3"
"チビミズアトキリゴミムシ","Apristus cuprascens Bates, 1873"
"イノウエナガゴミムシ","Pterostichus (Nialoe) hekosanensis Sasakawa, 2021"
"ウスクロズヒメハナノミ","Glipostenoda fusciceps Nomura, 1967"
"カミオカクビボソジョウカイ　基亜種","Asiopodabrus (Japanopodabrus) longilaterophyses longilaterophyses (Takahashi & Kiriyama, 2000)"
"シコクモリヒラタゴミムシ　基亜種","Hikosanoagonum mutsuomiyatakei mutsuomiyatakei (Habu, 1974)"
"シラタケメクラチビゴミムシ","Allotrechiama (Allotrechiama) dentifer S. Uéno, 1978"
"ニシカワチビゴミムシ","Epaphiopsis (Epaphiama) nishikawai S. Uéno, 1987"
"ヒメツツマグソコガネ","Saprosites narae Lewis, 1895"
"ワタデオゾウムシ","Amorphoidea lata Motschulsky, 1858"
"ムツモンコミズギワゴミムシ","Tachys (Paratachys) plagiatus shimosae Tanaka, 1956"
"コウズアリガタハネカクシ","Paederus (?) kozuensis Cameron, 1930"
"ニイサトムネトゲアリヅカムシ","Petaloscapus niisatoi Nomura, 2017"
"オオミネヒメハナカミキリ","Pseudopidonia ohminesana (Mizuno, 1987)"
"ウエノコミズギワゴミムシ","Tachys (Paratachys) uenoianus (Habu, 1974)"
"モモコブアリヅカムシ","Physomerinus pedator (Sharp, 1883)"
"コクシヒゲツヤムネハネカクシ","Quedius (Velleius) setosus (Sharp, 1889)"
"アキヨシヒメハネカクシ","Atheta (Microdota) uncinata (Sawada, 1971)"
"ナガトビハムシ","Liprus punctatostriatus Motschulsky, 1861"
"ミナミキバナガミズギワゴミムシ","Bembidion (Desarmatocillenus) seticorne Lindroth, 1980"
"ハネグロツヤゴモクムシ","Trichotichnus (Iridessus) lucidus (Morawitz, 1863)"
"キヌツヤエグリタマムシ","Kubaniellus opacipennis opacipennis (Y. Kurosawa, 1985)"
"シャープマメゾウムシ","Kytorhinus senilis Solsky, 1869"
"ヒラズイソアリヅカムシ","Physoplectus reikoae (Sawada, 1992)"
"チョウセンマルタマキノコムシ","Agathidium (Agathidium) merkli Angelini, 1992"
"オオクロチビゾウムシ","Nanophyes plumbeus Motschulsky, 1866"
"クロホソジョウカイ","Lycocerus aegrotus (Kiesenwetter, 1874)"
"ホソヒメクビボソハネカクシ","Scopaeus (Scopaeus) filiformis Wollaston, 1867"
"オキナワフトカミキリ　伊平屋島亜種","Peblephaeus okinawanus doii Fujita, 2002"
"ヨツモンナガオオキノコ","Neothallis xanthosticta philippinensis Delkesamp, 1961"
"クロノミゾウムシ","Tachyerges stigma (Germar, 1821)"
"フタスジヒメマキムシ","Stephostethus alternans (Mannerheim, 1844)"
"イヨアバタコバネハネカクシ","Nazeris hisamatsui Ito, 1991"
"ニセナガカッコウムシ","Xenorthrius procerus Gerstmeier & Eberle, 2010"
"ヒゲナガホソハナカミキリ","Pygostrangalia longicornis (Gressitt, 1935)"
"カタビロハムシ","Temnaspis japonica Baly, 1873"
"キシベメダカハネカクシ","Stenus pubescens fraternus Casey, 1884"
"クノムライドケシゲンゴロウ","Dimitshydrus kunomurafluvialis Yanagi & Akita, 2025"
"アオモリホソチビマルハナノミ","Nyholmia aomoriensis (Yoshitomi, 2005)"
"コホソトビミズギワゴミムシ","Bembidion (Odontium) aeneipes Bates, 1883"
"ミドリオオメツヤムネハネカクシ","Quedius (Raphirus) multipunctatus Sharp, 1889"
"セダカキスイ","Cryptophagus grouvellei Bruce, 1938"
"シマダヒメミズギワヨツメハネカクシ","Lesteva shimadai Y. Watanabe, 2004"
"シバタチビマメコメツキ　奄美徳之島亜種","Quasimus (Quasimus) shibatai matobai Kishii, 1974"
"クロサワビロウドコガネ","Serica rosinae kurosawai (Nomura, 1959)"
"テンゲンダイトガリヤマゾウムシ","Acanthalophus saitoi Morimoto, 2015"
"シコクカマヒゲアリヅカムシ","Bythoxenites brevicornis Löbl & Kurbatov, 1996"
"アマミクロコガネ","Nigrotrichia amamiana (Nomura, 1964)"
"オキナワクワゾウムシ","Episomus mori Kono, 1928"
"ケブカオノヒゲアリヅカムシ","Bryaxis trichosus Jeannel, 1958"
"ホソガタヒメクチキムシ","Mycetochara (Ernocharis) elongata Miyatake, 1985"
"ヒメスナゴミムシダマシ","Gonocephalum (Gonocephalum) persimile (Lewis, 1894)"
"スネビロオオキノコ","Pseudamblyopus palmipes (Lewis, 1889)"
"キタミズギワヨツメハネカクシ","Geodromicus (Geodromicus) kirschenblati Tikhomirova, 1973"
"イトウムクゲヒメキノコハネカクシ","Sepedophilus satoshii Naomi & Maruyama, 1998"
"アブクマナガチビゴミムシ","Trechiama (Trechiama) abucuma S. Uéno, 1992"
"シャカキモンツツナガハネカクシ","Lobrathium (Lobrathium) imasakai T. Ito, 2018"
"トウゲンメクラチビゴミムシ","Awatrechus pilosus S. Uéno, 1957"
"ヒゲナガモモブトカミキリ","Acanthocinus orientalis K. Ohbayashi, 1939"
"オオシマゲンゴロウ","Hydaticus (Hydaticus) aruspex Clark, 1864"
"ブドウトラカミキリ","Xylotrechus (Igneotrechus) pyrrhoderus pyrrhoderus Bates, 1873"
"シリグロハネカクシ","Astenus (Astenus) angulatus (Sharp, 1874)"
"アカモンナガクチキ","Melandrya (Emmesa) rufonotata Nomura, 1958"
"サトウハナボタル","Plateros satoi Matsuda, 2007"
"ニノセクビボソジョウカイ","Asiopodabrus (Asiopodabrus) ninoseanus (Nakane & Makino, 1990)"
"アキヤマオオタマキノコムシ","Leiodes akiyamai Hoshina, 2012"
"2): 1-31.","Kono, H., 1930e. Langrüssler aus dem japanischen Reich (Schluss). Insecta matsumurana, 5(1"
"セトウチツヤヒサゴゴミムシダマシ","Misolampidius sanoi Akita & Masumoto, 2016"
"ルリハムシ　基亜種","Plagiosterna aenea aenea (Linnaeus, 1758)"
"シラネヒメハナカミキリ　中部山岳西域亜種","Pseudopidonia obscurior hakusana (K. Ohbayashi & Hayashi, 1960)"
"タカハシマルドロムシ","Georissus (Neogeorissus) takahashii Yasuda & Yoshitomi, 2022"
"チビマツアナアキゾウムシ","Hylobius (Callirus) pinastri (Gyllenhal, 1813)"
"マダラクワガタ　基亜種","Aesalus asiaticus asiaticus Lewis, 1883"
"マツチャイロキクイゾウムシ","Ochronanus pallidus Marshall, 1958"
"オオシマクシコメツキ","Melanotus (Melanotus) oshimanus Ôhira, 1967"
"オキナワマメアリヅカムシ","Morana deigo Arai, 2003"
"オトヒメテントウ","Scymnus (Neopullus) otohime H. Kamiya, 1961"
"オオオサムシ　基亜種","Carabus (Ohomopterus) dehaanii dehaanii Chaudoir, 1848"
"スジカミナリハムシ　基亜種","Altica latericosta latericosta (Jacoby, 1885)"
"サキブトホソクチゾウムシ","Alocentron (Bulborhinopion) pachyrrhynchum (Gemminger, 1871)"
"ケチビヒョウタンヒゲナガゾウムシ","Valenfriesia wollastoni (Sharp, 1891)"
"ポンポンメクラチビゴミムシ","Trechiama (Trechiama) parvus S. Uéno, 1980"
"テントウゴミムシダマシ","Leiochrinus satzumae Lewis, 1894"
"ヒメヘリトゲヨツメハネカクシ","Acruliopsis nipponica Y. Watanabe, 1980"
"ヒゲナガマルクビハネカクシ","Nitidotachinus exellens excellens (Bernhauer, 1938)"
"ナガマルホソカタムシ","Mychocerus orientalis (Sasaji, 1983)"
"サクラデオキノコムシ","Scaphidium sakura Hoshina, 2001"
"ヤマトマンゲツガムシ","Psalitrus yamatensis Hoshina & M. Satô, 2005"
"クロサワクチカクシゾウムシ","Camptorhinus kurosawai Morimoto, 1986"
"ホソチャイロコガネ","Sericania elongata Nomura, 1976"
"ムナグロナガセスジホソカタムシ","Bitoma sulcata (LeConte, 1858)"
"キイロヒメテントウ","Scymnus (Pullus) syoitii Sasaji, 1971"
"チビアナアキゾウムシ","Nipponiphades foveolatus (Hustache, 1920)"
"アカガネカミキリ　基亜種","Plectrura (Phlyctidola) metallica metallica (Bates, 1884)"
"ハバビロクチブトゾウムシ","Konomycterus yonagunianus Kojima & Morimoto, 2006"
"ダイセツマルクビゴミムシ","Nebria (Boreonebria) daisetsuzana S. Uéno, 1952"
"イケザキアカヒラタゴミムシ","Jujiroa ikezakii Nakane, 1989"
"マサルヒメコバネナガハネカクシ","Lathrobium (Lathrobium) masarui Y. Watanabe, 2014"
"ニセコバネメダカハネカクシ","Stenus inimitabilis Puthz, 1993"
"アマミオビアカサルゾウムシ","Coeliodes amamianus Yoshitake, 1999"
"ホソエンマムシ","Niponius impressicollis Lewis, 1885"
"カンザキメクラチビゴミムシ","Trechiama (Trechiama) obliquus S. Uéno, 1985"
"シラケトラカミキリ","Clytus melaenus Bates, 1884"
"キョクトウノミゾウムシ","Rhynchaenus (Rhynchaenus) pacificus (Faust, 1887)"
"シロウズミジンムシダマシ","Aphanocephalus shirozui John, 1958"
"アカモンヒラタハネカクシ","Siagonium haroldi Weise, 1879"
"オオミドリサルハムシ　沖永良部島亜種","Platycorynus japonicus umebayashii Kimoto, 1974"
"キイロヒメハナムシ","Phaenocephalus kobensis (Champion, 1925)"
"アカガネサルハムシ　沖縄亜種","Acrothinium gaschkevitchii okinawense Nakane, 1985"
"ジュウシホシテントウ","Coccinula quatuordecimpustulata (Linnaeus, 1758)"
"ウスアヤカミキリ　八重山亜種","Bumetopia oscitans ishigaki Hayashi, 1966"
"キンモリヒラタゴミムシ　佐渡島亜種","Agonum (Glaucagonum) sylphis sadoense (Habu, 1975)"
"エゾセスジガムシ","Helophorus (Rhopalohelophorus) matsumurai Nakane, 1965"
"ホタルツツカッコウムシ","Tenerus formosanus Schenkling, 1912"
"オオシマナガキマワリ","Strongylium (Strongylium) oshimanum Fairmaire, 1897"
"オキナワチビツチゾウムシ","Trachyphloeosoma ryukyuensis Morimoto, 2015"
"アヤモンチビカミキリ　吐噶喇亜種","Sybra (Sybra) ordinata tokara Hayashi, 1972"
"オオダナエテントウダマシ","Danae denticornis (Gorham, 1873)"
"ベニモンゴマフカミキリ　基亜種","Pachyosa itoi itoi (Ohbayashi, 1985)"
"スキバジンガサハムシ","Aspidimorpha (Aspidimorpha) transparipennis (Motschulsky, 1860)"
"オニアカハネムシ","Pseudopyrochroa japonica (Heyden, 1879)"
"クワガタツツキノコムシ","Cis capricornis Kawanabe, 1997"
"ミヤマハンミョウ　亜種","Cicindela (Cicindela) sachalinensis nihozana Bates, 1883"
"アワニセナガコケムシ","Eutheia yoshidai Hoshina, 2007"
"クロボシトビハムシ","Longitarsus (Longitarsus) bimaculatus (Baly, 1874)"
"クロモンキノコハネカクシ","Bobitobus semirufus (Sharp, 1888)"
"オキナワフトナガコメツキ　基亜種","Orthostethus babai babai (Kishii, 1987)"
"ケンザンミズギワゴミムシ","Bembidion (Sinechostictus) arnosti Nakane, 1978"
"アマミフサヒゲホソカッコウムシ","Diplopherusa shibatai (Miyatake, 1965)"
"オオカワメクラチビゴミムシ","Kurasawatrechus ohkawai S. Uéno, 1988"
"ムツバハバビロハネカクシ","Megarthrus parallelus Sharp, 1874"
"スジシロカミキリ　基亜種","Glenea (Glenea) lineata lineata Gahan, 1897"
"セボシジョウカイ","Lycocerus vitellinus (Kiesenwetter, 1874)"
"ヒメヒゲナガカミキリ　熊毛亜種","Monochamus (Monochamus) subfasciatus kumageinsularis Hayashi, 1962"
"カミタカラクビボソジョウカイ","Asiopodabrus (Asiopodabrus) kamitakaranus (Takahashi & Kiriyama, 2000)"
"ツヤハネゴミムシ","Harpalomimetes shibatai (Habu, 1969)"
"オニツノゴミムシダマシ","Toxicum funginum Lewis, 1894"
"ジャクチマルクビゴミムシ","Nebria (Sadonebria) jakuchisana K. Sasakawa, 2009"
"チョウシュウヒメクチキムシ","Mycetochara (Ernocharis) tanakai Akita & Masumoto, 2016"
"ヤクシマハナボタル","Pseudoaplatopterus (Eropterus) yakushimaensis (Ohbayashi, 1954)"
"アラメヒメコブスジコガネ","Glyptotrox inadai (Ochi, Kawahara & Inagaki, 2008)"
"ニッコウヒメハナカミキリ　紀伊・四国亜種","Pseudopidonia limbaticollis stephani (Hayashi, 1982)"
"ヤマナラシノモモブトカミキリ","Aegomorphus clavipes (Schrank, 1781)"
"チビヒラタヨツメハネカクシ","Nipponophloeostiba verrucifera Y. Watanabe, 1962"
"ツヤヒラタコメツキ","Aganohypoganus mirabilis (Miwa, 1934)"
"イチハシツチゾウムシ","Trachyphilus ichihashii Morimoto, 2015"
"ニホンヒメミゾコメツキダマシ","Dromaeolus nipponensis Fleutiaux, 1923"
"ハヤトクビボソジョウカイ","Asiopodabrus (Asiopodabrus) hayato (Nakane, 1989)"
"ナカムラヒメクチキムシ","Mycetochara (Ernocharis) nakamurai Akita & Masumoto, 2014"
"ハコダテゴモクムシ","Nipponoharpalus discrepans (Morawitz, 1862)"
"エゾハンミョウモドキ","Elaphrus (Neoelaphrus) sibiricus Motschulsky, 1844"
"オオオサムシ　大隅半島亜種","Carabus (Ohomopterus) dehaanii nakagomei Kubota, 2010"
"ニセオオマグソコガネ","Aphodius (Colobopterus) propraetor Balthasar, 1932"
"オキナワツツナガハネカクシ","Lobrathium (Lobrathium) yasuhikoi T. Ito, 2025"
"キイロイトヒゲカミキリ","Praolia mizutanii Niisato, 1989"
"ヤホシテントウ","Harmonia octomaculata (Fabricius, 1781)"
"オキナワウスゲガムシ","Oosternum okinawaense Hoshina, 2011"
"ネオオオズナガゴミムシ","Pterostichus (Smilodonialoe) yorikoae Sugimura, 2007"
"クロズムネチャシリホソハネカクシ","Tachyporus (Tachyporus) dispar (Paykull, 1789)"
"ナカアカヒゲブトハネカクシ","Aleochara (Aleochara) curtula (Goeze, 1777)"
"クロヨコモンヒメハナカミキリ","Cryptopidonia hayashii (Koike, 1971)"
"ニセセミゾハネカクシ","Drusilla (Drusilla) aino Nakane, 1963"
"ハスジオオキノコ","Aulacochilus luniferus decoratus Reitter, 1879"
"クロヒメヒラタタマムシ　本州中部亜種","Anthaxia (Melanthaxia) reticulata shinano Y. Kurosawa, 1963"
"イシガキトサカシバンムシ","Trichodesma (Trichodesma) uruma Sakai, 1985"
"スジナシホラアナヒラタゴミムシ","Jujiroa estriata Sasakawa, 2006"
"チシマオサムシ　利尻島亜種","Carabus (Aulonocarabus) kurilensis rishiriensis Nakane, 1957"
"オオメキバネハムシダマシ","Lagria (Lagria) rufipennis Marseul, 1876"
"ヒサゴアナアキゾウムシ","Kyliparus lewisii (Roelofs, 1873)"
"ヤンバルキモンヒメクチキムシ","Mycetochara (Ernocharis) nakanoi Akita & Masumoto, 2017"
"ヘリウスハナカミキリ　基亜種","Pyrrhona laeticolor laeticolor Bates, 1884"
"ナミヒラタケシキスイ","Epuraea (Epuraea) biguttata (Thunberg, 1784)"
"ニホンキマワリ　伊豆諸島北部亜種","Plesiophthalmus (Plesiophthalmus) nigrocyaneus oyamai Nakane, 1956"
"フチグロチャイロコガネ","Sericania marginata Nomura, 1973"
"キベリゴモクムシ","Loxoncus circumcinctus (Motschulsky, 1858)"
"クロシデムシ","Nicrophorus concolor Kraatz, 1877"
"アサヒナカミキリモドキ","Nacerdes (Xanthochroa) asahinai (Nakane, 1958)"
"エチゴチビケシキスイ","Sagittogethes astacus (Easton, 1957)"
"カノシマチビゲンゴロウ","Oreodytes kanoi (Kamiya, 1938)"
"マルメサルゾウムシ","Pelenomus roelofsi (Hustache, 1916)"
"オオツヤセスジハネカクシ","Anotylus marginatus (Weise, 1877)"
"タノウチメクラチビゴミムシ","Ishikawatrechus obliquatus S. Uéno, 1997"
"フジムクゲアリヅカムシ","Tainochus bastarchus Kurbatov, 2011"
"ヒコサンミズギワゴミムシ","Bembidion (Peryphanes) hikosanum (Habu & S. Uéno, 1955)"
"ホソカクムネトビハムシ","Neocrepidodera interpunctata (Motschulsky, 1859)"
"ニセセスジツツハムシ","Cryptocephalus (Cryptocephalus) janthinus Germar, 1824"
"オオオビハナノミ","Glipa (Macroglipa) shirozui Nakane, 1949"
"エチゴビロウドコガネ","Serica echigoana (Nakane & Baba, 1960)"
"リュウキュウズビロキマワリモドキ　基亜種","Gnesis purpurascens purpurascens (Nakane, 1968)"
"ホラアナホソヒラタゴミムシ","Trephionus subcavicola S. Uéno, 1955"
"クナシリズナガホソクビハネカクシ","Zeteotomus dilatipennis (Kirshenblat, 1948)"
"フタモンアメイロカミキリ　母島亜種","Pseudiphra bicolor nigripennis Takakuwa, 1984"
"ウバタマムシ　久米島亜種","Chalcophora japonica kumejimanan Y. Kurosawa, 1974"
"クサイチゴトビハムシ","Chaetocnema (Tlanoma) granulosa (Baly, 1874)"
"キイコバネメダカハネカクシ","Stenus fugu Hromádka, 1979"
"ヨコゼキコバネナガハネカクシ","Lathrobium (Lathrobium) yokozekii Y. Watanabe, 2005"
"カタモンクビナガハムシ","Lilioceris (Lilioceris) scapularis (Baly, 1859)"
"ミカゲツツキノコムシ","Cis mikagensis Nobuchi and Wada, 1955"
"クロスジヒメコメツキ","Dalopius patagiatus Lewis, 1894"
"クロクシコメツキ　屋久島亜種","Melanotus (Melanotus) senilis yakuinsulanus Kishii, 1986"
"アマミオオキノコ","Aulacochilus episcaphoides Gorham, 1883"
"エバウエルコマルガムシ","Crenitis (Acrenitis) nakanei Hebauer, 1994"
"クロバチビオオキノコ","Pseudamblyopus similis (Lewis, 1887)"
"イクビモリヒラタゴミムシ","Agonum (Nymphagonum) modestior (Bates, 1873)"
"クシコメツキ　伊豆諸島亜種","Melanotus (Melanotus) legatus masakianus Kishii, 1977"
"イシガキビロウドカミキリ","Acalolepta iwahashii Makihara, 1992"
"カタシロゴマフカミキリ　基亜種","Mesosa (Perimesosa) hirsuta hirsuta Bates, 1884"
"ムネアカテングベニボタル","Konoplatycis otome (Kono, 1932)"
"マルチビヒラタエンマムシ","Cryptomalus montivagus (Lewis, 1892)"
"クロチビアリモドキ　基亜種","Anthicomorphus niponicus niponicus Lewis, 1895"
"ツガルツヤヒメコケムシ","Euconnus (Euconnus) tsugaruensis Hoshina & Arai, 2003"
"チビカミナリハムシ　亜種","Zipanginia picipes katoi Ohno, 1962"
"キバネキバナガミズギワゴミムシ","Bembidion (Desarmatocillenus) aestuarii (S. Uéno & Habu, 1955)"
"ムナビロネスイ","Rhizophagus (Rhizophagus) nobilis Lewis, 1884"
"オオバヤシチビシデムシ","Catops ohbayashii Jeannel, 1954"
"ヤエヤママメデオキノコムシ","Baeocera takizawai Löbl, 1984"
"ニッコウヒメハナカミキリ　基亜種","Pseudopidonia limbaticollis limbaticollis (Pic, 1902)"
"イアナメクラチビゴミムシ","Stygiotrechus pachys S. Uéno, 1970"
"クリコマトガリヤマゾウムシ","Acanthalophus ozakii Morimoto, 2015"
"キマダラヒメミヤマカミキリ","Dymasius (Elydnus) hirayamai Matsushita, 1941"
"ヤマトモリヒラタゴミムシ","Oncostylus yamatonis (Habu, 1975)"
"ツシマフトツツマグソコガネ","Setylaides tsujii Kakizoe, Kawahara & Ochi, 2021"
"コブヒメハネカクシ","Neodinaraea tuberculata (Bernhauer, 1907)"
"ババクチブトコメツキ","Silesis sauteri babai Kishii, 1985"
"シナノドウナガヒメハネカクシ","Aloconota (Aloconota) punctifoveata (Sawada, 1970)"
"ヤクオビモンヒョウタンゾウムシ","Amystax yakushimanus Nakamura & Morimoto, 2015"
"ハヤマツヤケシヒゲブトハネカクシ","Aleochara (Emplenota) hayamai Yamamoto & Maruyama, 2012"
"ヨナクニヒラタハナムグリ","Nipponovalgus yonakuniensis Sawada, 1941"
"マエグロシリブトジョウカイ","Yukikoa nishimotoi Nakamura, 2023"
"ミヤコチビマメコメツキ","Quasimus (Quasimus) miyakonis Kishii, 1976"
"チビドウガネツツガタハネカクシ","Aulacocypus parvulus (Sharp, 1874)"
"オオシマトラフコガネ　基亜種","Paratrichius duplicatus duplicatus Lewis, 1895"
"コガタカクムネベニボタル　基亜種","Lyponia (Poniella) nigroscutellaris nigroscutellaris (Ohbayashi, 1956)"
"ヨツボシチビアトキリゴミムシ","Syntomus quadripunctatus (Schmidt-Göbel, 1846)"
"ホソヒョウタンゾウムシ","Sympiezomias cribricollis Kono, 1930"
"オオツナオオアリガタハネカクシ","Paederus (Megalopaederus) bucculentus Assing, 2015"
"ウスグロヒゲボソコキノコムシ","Eulagius lewisi (Reitter, 1889)"
"タイリクフタホシサビカミキリ","Ropica dorsalis Schwarzer, 1925"
"エゾコガムシ","Hydrochara libera (Sharp, 1884)"
"ヤチダモノキクイムシ","Hylesinus laticollis Blandford, 1894"
"アカイクビキノコハネカクシ","Bryoporus gracilis (Sharp, 1888)"
"コジマドウガネナガハネカクシ","Platydomene kojimai Y. Watanabe, 2008"
"ヒメゴミハネカクシ","Oxypoda (?) laeta Weise, 1877"
"シナハナムグリ　朝鮮半島亜種","Protaetia (Potosia) famelica scheini Mikšić, 1959"
"ウスイロシマゲンゴロウ","Hydaticus (Prodaticus) rhantoides Sharp, 1882"
"サトユミアシゴミムシダマシ　基亜種","Promethis valgipes valgipes (Marseul, 1876)"
"アオオサムシ　房総半島南部亜種","Carabus (Ohomopterus) insulicola nishikawai (Ishikawa, 1966)"
"ムツボシツヤコツブゲンゴロウ","Canthydrus politus (Sharp, 1873)"
"アリアケキイロヒラタガムシ","Enochrus (Lumetus) bicolor (Fabricius, 1792)"
"キソナガゴミムシ","Pterostichus (Nialoe) uchiyamai Morita, 1987"
"フチケケシキスイ","Nitidula carnaria (Schaller, 1783)"
"アカガネサルハムシ　吐噶喇亜種","Acrothinium gaschkevitchii tokaraense Nakane, 1956"
"モミノコキクイムシ","Cryphalus asperatus (Gyllenhal, 1813)"
"ヨナグニチビコメツキ","Babadrasterius urabensis Ôhira, 1994"
"ツヤチビコガシラハネカクシ","Gabronthus pygmaeus (Kraatz, 1859)"
"カントウヤマツチゾウムシ","Trachyphilus kantomontanus Morimoto, 2015"
"キモトツツハムシ","Cryptocephalus (Burlinius) kimotoi Nakane, 1963"
"ストランドコガシラハネカクシ","Philonthus (Philonthus) strandi Smetana, 1959"
"オモゴハラクボアリヅカムシ","Batriscenellus (Batriscenellus) omogensis Nomura, 1991"
"ハシバミハムシ","Galerucella (Neogalerucella) lineola lineola (Fabricius, 1781)"
"オオヒラタコメツキ　屋久島亜種","Paraphotistus (Paraphotistus) notabilis yagii Kishii, 1982"
"ホソメナガヒゲナガゾウムシ","Phaulimia angusta Morimoto, 1981"
"キアシミズギワコメツキ","Fleutiauxellus (Migiwa) tutus (Lewis, 1894)"
"キアシホソチョッキリ","Eugnamptobius (Eugnamptobius) flavipes (Sharp, 1889)"
"ヤスモリメクラチビゴミムシ","Yamautidius (Yamautidius) flabellatus S. Uéno, 1982"
"キンキオチバメダカハネカクシ","Stenus warabi Naomi & Nomura, 1990"
"ムモンチャイロホソバネカミキリ　沖縄本島亜種","Thranius rufescens matsumurai Fujita, 2023"
"アシグロゴモクムシ","Harpalus (Pseudoophonus) davidi Tschitschérine, 1897"
"クメジマハナボタル　基亜種","Plateros teruhisai teruhisai Matsuda, 2007"
"エゾヒサゴコメツキ　本州亜種","Ligmargus aeneoniger emishi Kishii, 2004"
"チビゲンゴロウ","Hydroglyphus japonicus (Sharp, 1873)"
"オオモモトビイロクチキムシ","Borboresthes ohmomoi Akita & Masumoto, 2008"
"ニセオオズヒメゴモクムシ","Bradycellus (Tachycellus) koltzei Reitter, 1900"
"オキナワチャボハナカミキリ","Pseudalosterna aritai K. Ohbayashi & N. Ohbayashi, 1965"
"タケダウスゲガムシ","Oosternum takedai Hoshina & M. Satô, 2005"
"ユーシンクビボソジョウカイ","Asiopodabrus (Asiopodabrus) yushinensis (Takahashi, 1992)"
"ニッコウホソヒラタゴミムシ","Trephionus nikkoensis Bates, 1883"
"ニセマルマメエンマムシ","Gnathoncus communis (Marseul, 1862)"
"キンモリヒラタゴミムシ　基亜種","Agonum (Glaucagonum) sylphis sylphis (Bates, 1873)"
"キョウトヒメジョウカイモドキ","Hypebaeus (Hypebaeus) kiotoensis Pic, 1954"
"コヤシキスイ","Cryptophagus saginatus Sturm, 1845"
"ホソトビミズギワゴミムシ","Bembidion (Odontium) chloropus Bates, 1883"
"ウンゼンチビゴミムシ","Epaphiopsis (Pseudepaphius) unzenensis (Jeannel, 1930)"
"アイヌコメツキダマシ","Farsus ainu Fleutiaux, 1923"
"ツツミウチナガタマムシ","Agrilus tsutsumiuchii Ohmomo, 2006"
"クロヒメジョウカイ","Rhagonycha (Rhagonycha) latiuscula Sahlberg, 1885"
"キムネマルハナノミ","Sacodes protecta Harold, 1881"
"ハコネツヤムネハネカクシ","Quedius (?) imbecillis Sharp, 1889"
"ビロウドノミヒゲナガゾウムシ","Choragus velutinus Johraku, 1953"
"シコクムクゲアリヅカムシ","Tainochus minutus Nomura, 1996"
"ツヤケシヒゲブトハネカクシ","Aleochara (Emplenota) fucicola Sharp, 1874"
"トカラビロウドコガネ","Maladera (Omaladera) satoi Nomura, 1961"
"ネギオオアラメハムシ","Galeruca (Galeruca) extensa (Motschulsky, 1862)"
"ダイボサツヒサゴアリヅカムシ　亜種1","Arthromelodes daibosatsuanus fujimontanus Nomura, 1991"
"オオクワガタ","Dorcus hopei binodulosus Waterhouse, 1874"
"ダイボサツヒサゴアリヅカムシ　亜種2","Arthromelodes daibosatsuanus shiranemontanus Nomura, 1991"
"ミノクビボソムシ","Stereopalpus kentaroi M. Saitô, 2017"
"ワサビオチバメダカハネカクシ","Stenus wasabi Hromádka, 1982"
"ナガアリヅカムシ上族","Supertribe EUPLECTITAE Streubel, 1839"
"オオサビコメツキ　伊豆諸島亜種","Lacon maeklinii maenamii (Ôhira, 1969)"
"クロモンヒメヒラタホソカタムシ","Synchita nivea (Sharp, 1885)"
"チョウセンキコガネ","Pseudocymmachia impressifrons (Fairmaire, 1887)"
"オンダマルガタゴミムシ","Amara (Bradytus) ondai Morita, 1995"
"クロホシタマムシ","Lamprodila (Palmar) virgata (Motschulsky, 1859)"
"ヒラタホソナガクチキ","Phloiotrya (Phloiotrya) planiuscula Nomura & Katô, 1959"
"ツヤゴミハネカクシ","Oxypoda (Oxypoda) luridipennis Sharp, 1888"
"チビコマルガムシ","Crenitis (Acrenitis) satoi Hebauer, 1994"
"ツブノミハムシ","Aphthona perminuta Baly, 1875"
"ミヤケヒメナガクチキ　奄美沖縄亜種","Symphora brunnea amamiana Nomura, 1962"
"トウカイニンフジョウカイ","Asiopodabrus (Imasakapodabrus) tokaiensis Imasaka & Takahashi, 2010"
"ネブトクワガタ　伊平屋島亜種","Aegus laevicollis doii Fujita, 2002"
"キイロチビヒラタケシキスイ","Epuraea (Haptoncus) luteola Erichson, 1843"
"ケバネヒメマキムシ","Dienerella (Dienerella) pilifera (Reitter, 1875)"
"ヤククロホソキコメツキ","Agaripenthes yakuensis Arimoto, 2012"
"ガロアケシデオキノコムシ","Scaphisoma galloisi Achard, 1923"
"ヤマヒメハナカミキリ","Pseudopidonia modesta (Kuboki, 1997)"
"ツノヒゲゴミムシ","Loricera (Loricera) pilicornis pilicornis (Fabricius, 1775)"
"カワリホテイケシデオキノコムシ","Scaphobaeocera variabilis Löbl, 1981"
"コケシガムシ","Cercyon (Cercyon) aptus Sharp, 1873"
"ヒメボタル","Luciola (Hotaria) parvula (Kiesenwetter, 1874)"
"オオチビマルハナノミ","Yoshitomia beattyi (Pic, 1918)"
"クシヒゲアリヅカムシ","Ctenistes (Ctenistes) oculatus Sharp, 1874"
"ハベルカコガシラハネカクシ","Philonthus (Philonthus) havelkai R. Dvořák, 1958"
"クニヨシシロオビゾウムシ","Cryptoderma kuniyoshii Morimoto, 1978"
"オモトスジツヤチビハネカクシ","Edaphus omotomontis Puthz, 2010"
"クモガタテントウ","Psyllobora (Psyllobora) vigintimaculata (Say, 1824)"
"シズオカヒメハナノミ","Glipostenoda shizuokana (Kono, 1935)"
"フタマタオオズナガゴミムシ","Pterostichus (Sphodroferonia) bilobatus N. Ito, 2011"
"ヒメミギワハネカクシ","Myllaena rufotestacea Cameron, 1933"
"シャカケナガクビボソムシ","Neostereopalpus kidoi Nakane, 1988"
"ウシヅノエンマコガネ　沖縄亜種","Onthophagus (Gibbonthophagus) amamiensis matsumurai Ochi, Kawahara & Masumoto, 2019"
"クロシマヒョウタンキマワリ","Eucrossoscelis aokii Akita & Masumoto, 2017"
"ヨナグニコガネ","Mimela yonaguniensis Nomura, 1965"
"エサキクロモリヒラタゴミムシ","Platyagonum esakii (Habu, 1954)"
"オキナワヒョウタンキマワリ","Eucrossoscelis michioi M. T. Chûjô, 1978"
"クロモリヒラタゴミムシ","Gyrochaetostylus atricomes (Bates, 1873)"
"ハタヤマクチブトコメツキ　基亜種","Silesis hatayamai hatayamai Kishii, 1975"
"イヨヒメハナカミキリ　基亜種","Cryptopidonia hylophila hylophila (Kuboki, 1977)"
"クロマドボタル","Pyrocoelia fumosa (Gorham, 1883)"
"ホソナガハナノミダマシ","Eurypogon ocularis Sakai, 1982"
"ヤナギホシハムシ　千島亜種","Gonioctena (Gonioctena) honshuensis chujoi Medvedev, 1966"
"ダイトウチビキマワリモドキ","Steneucyrtus reoi (Akita & Masumoto, 2019)"
"キアシキスジノミハムシ","Phyllotreta ochripes (Curtis, 1837)"
"アリモトトビイロクチキムシ","Borboresthes arimotoi Akita & Masumoto, 2015"
"テツイロハナカミキリ","Encyclops olivacea Bates, 1884"
"ゴトウミゾドロムシ","Ordobrevia gotoi Nomura, 1959"
"ニッポンテントウマルハナノミ","Exochomoscirtes nipponicus Ruta & Yoshitomi, 2010"
"ムネクリイロボタル","Cyphonocerus ruficollis Kiesenwetter, 1879"
"ババツチゾウムシ","Trachyphilus babai Morimoto, 2015"
"ヤエヤマクロスジホソハナカミキリ","Parastrangalis ishigakiensis Hayashi, 1971"
"クワヤマトラカミキリ","Xylotrechus (Rusticoclytus) rusticus (Linnaeus, 1758)"
"クロツヤマグソコガネ","Aphodius (Acrossus) atratus Waterhouse, 1875"
"イシガキコガネ","Mimela confucius ishigakiensis (Sawada, 1950)"
"アカアシコバネメダカハネカクシ","Stenus autumnalis Naomi, 1997"
"ハバビロドロムシ","Dryopomorphus extraneus Hinton, 1936"
"ヨツモンキバケシキスイ","Prometopia quadrimaculata Motschulsky, 1863"
"タカオヒゲナガアリヅカムシ","Pselaphogenius katsuyukii Nomura, 2001"
"ムネアカマルカッコウムシ","Allochotes dichrous (Lewis, 1891)"
"ウエノケムネチビゴミムシ","Epaphiopsis (Pseudepaphius) uenoi Morita, Yoshida & Itô, 2021"
"ヒメリンゴカミキリ","Oberea (Oberea) hebescens Bates, 1873"
"ケナガエゾキクイムシ","Hylurgops longipillus Reitter, 1895"
"ニセシナノクロフカミキリ","Asaperda kani Hayashi, 1976"
"キボシカミキリ　沖縄亜種","Psacothea hilaris teneburosa Matsushita, 1933"
"オオタキメクラチビゴミムシ　金比羅亜種","Stygiotrechus satoui compira S. Uéno, 1980"
"シリグロオオケシキスイ","Psilopyga lewisi (Reitter, 1884)"
"ヨツモンツヤゴミムシダマシ","Diaclina plagiata (Marseul, 1876)"
"ホソクロナガタマムシ","Agrilus kawarai Y. Kurosawa, 1963"
"フクイハヤシメダカハネカクシ","Stenus fukuimontium Puthz, 1993"
"ヤクキスジクロコメツキ　基亜種","Ampedus (Ampedus) yaku yaku Kishii, 1969"
"オオダルマクチカクシゾウムシ","Aphanerostethus magnus Lewis & Kojima, 2024"
"ヒゲブトマルクビハネカクシ","Tachinus (Tachinus) nakanei Ullrich, 1975"
"エゾガムシ","Hydrophilus (Hydrophilus) dauricus Mannerheim, 1852"
"チョウカイミヤママルクビゴミムシ","Nippononebria (Nippononebria) horioi Nakane, 1960"
"トカラマルタマキノコムシ","Agathidium (Microceble) nomurai Hoshina, 1998"
"ミズギワアトキリゴミムシ","Demetrias marginicollis Bates, 1883"
"メシマトゲヒサゴゴミムシダマシ","Misolampidius kazuoi Akita & Masumoto, 2016"
"リツリンメクラチビゴミムシ　坂出亜種","Trechiama (Trechiama) exilis cordatus S. Uéno, 1990"
"ニセクロオオコガシラハネカクシ","Philonthus (Philonthus) oberti Eppelsheim, 1889"
"ミヤマチビコブカミキリ　佐渡亜種","Miccolamia (Isomiccolamia) glabricula sadoensis M. Hasegawa & N. Ohbayashi, 2001"
"カデサホソキコメツキ","Procraerus varirgatus (Candèze, 1878)"
"アオハナカミキリ","Lepturobosca virens (Linnaeus, 1758)"
"ミヤコハナムグリ","Protaetia (Liocola) miyakoensis (Niijima & Kinoshita, 1923)"
"ヒメキムネマルハナノミ","Sacodes minima (Klausnitzer, 1973)"
"アカアシマルガタゴモクムシ　琉球亜種","Harpalus (Zangoharpalus) tinctulus luteicornoides Breit, 1913"
"エゾヒメゾウムシ","Baris ezoana Kono, 1940"
"サクラヤママルムネコケムシ","Stenichnus (Stenichnus) sakurayamanus Jałoszyński & K. Arai, 2009"
"コバンモチヒラタチビタマムシ","Habroloma (Parahabroloma) elaeocarpusi Kato & Kawakita, 2023"
"ウスフタモンサビカミキリ　吐噶喇亜種","Ropica japonica tokarana Takakuwa, 1984"
"トカシキヒラタチビコメツキ","Heteroderes amphicollis (Gyllenhal, 1817)"
"オオサビイロモンキハネカクシ","Protocypus scutiger (Sharp, 1889)"
"カイオオアカコメツキ","Ampedus (Ampedus) kai Kishii, 1986"
"キバネホソコメツキ","Dolerosomus gracilis (Candèze, 1873)"
"ケブカオガサワラカミキリ","Boninella takakuwai Hasegawa & N. Ohbayashi, 2009"
"アメイロカミキリ　琉球亜種","Stenodryas clavigera insularis Yokoyama, 1966"
"チャイロヒラタカメノコハムシ","Notosacantha loochooana Chûjô, 1961"
"クロヘリウスチャハムシ","Xanthogaleruca nigromarginata (Jakoby, 1885)"
"トガリデオキスイ","Carpophilus (Carpophilus) obsoletus Erichson, 1843"
"コモンチビヒゲナガゾウムシ","Unciferina persimilis Morimoto, 1981"
"イナリヒメハネカクシ","Atheta (Microdota) inari Sawada, 1978"
"ヒメナカボソタマムシ　基亜種","Coraebus iriei iriei Y. Kurosawa, 1985"
"クロキオビジョウカイモドキ","Intybia niponicus (Lewis, 1895)"
"ショウドシマナガチビゴミムシ","Trechiama (Trechiama) advena S. Uéno, 1983"
"クロカワベメダカハネカクシ","Stenus aquilonalis Naomi & Puthz, 1997"
"クメジマチビジョウカイ","Malthodes (Hiranous) brevicauda N. Takahashi, 2001"
"ニセクロミジンムシダマシ","Aphanocephalus nigriventris John, 1955"
"フトナミゲムクゲキスイ","Biphyllus complexus Sasaji, 1983"
"ハサミメクラチビゴミムシ","Stygiotrechus lampros Naitô, 2017"
"ヒメコメツキガタナガクチキ","Synchroa melanotoides Lewis, 1895"
"オキノシマツチゾウムシ","Trachyphilus okinoshimanus Morimoto, 2015"
"ニッコウマルハナノミダマシ","Eucilodes nikkon (Vit, 1977)"
"キクビアオアトキリゴミムシ","Lachnolebia cribricollis (Morawitz, 1862)"
"ツノマルタマキノコムシ","Agathidium (Neoceble) cornutum Portevin, 1927"
"2): 1-28.","Habu, A., 1975a. On the species of the sylphis-group of Platynus, mainly on the sylphis complex, of Japan (Coleoptera, Carabidae). Entomological Review of Japan, 28(1"
"ブンゴフサヒゲアリヅカムシ","Trisinus subtilis (Nomura, 1991)"
"セダカコブヤハズカミキリ　四国讃岐亜種","Parechthistatus (Parechthistatus) gibber nakanei Miyake, 1980"
"ヒメチビシデムシ","Nemadus (Nemadus) japanus Coiffait & S. Uéno, 1955"
"ムネアカヒメクチキムシ","Mycetochara (Ernocharis) scutellaris (Lewis, 1895)"
"ケハラゴマフカミキリ","Pachyosa hirtiventris (Gressitt, 1937)"
"アイヌニンフジョウカイ","Asiopodabrus (Asiopodabrus) ainu ainu (Nakane & Makio, 1990)"
"カズオアカハネムシ","Pseudopyrochroa kazuoi Ohbayashi, 1968"
"エダヒゲナガハナノミ　八重山亜種","Epilichas flavellatus tamaii M. Satô, 1964"
"オニツノキイロチビゴミムシダマシ","Enanea chujoi Ando & M. T. Chûjô, 2005"
"オオシマサビカミキリ","Pterolophia (Pseudale) oshimana Breuning, 1955"
"シミズヌレチゴミムシ","Apenetretus dilatatus (Bates, 1883)"
"エヒメアリヅカムシ","Himepion cyathicornis Nomura & Hlaváč, 2003"
"アマミマルケシゲンゴロウ","Hydrovatus seminarius Motschulsky, 1859"
"アカシナナガゴミムシ","Pterostichus (Nialoe) ishizukai Kasahara, 1995"
"カタモンビロウドカミキリ","Acalolepta sublusca boehmeriavora Makihara, 1992"
"ハスオビクチブトゾウムシ","Corymacronus costulatus (Motschulsky, 1860)"
"エラブホソケシマグソコガネ","Trichiorhyssemus hatakei Ochi, Kawahara & Inagaki, 2019"
"クメクシコメツキ","Melanotus (Melanotus) masamichii Kishii, 2004"
"クリイロツヤハダコメツキ","Elathous brunneus (Lewis, 1894)"
"ミハルムナビロコケムシ","Cephennodes (Cephennodes) miharu Hoshina, 2019"
"カサハラミドリサルハムシ","Colaspoides kasaharai Y. Komiya, 1991"
"ババナガチビゴミムシ","Trechiama (Trechiama) babai S. Uéno, 1994"
"キイロチビヒラタムシ","Placonotus fenestratus (Reitter, 1889)"
"ヒメナガニジゴミムシダマシ","Ceropria induta induta (Wiedemann, 1819)"
"アイヌノヒメテントウ","Scymnus (Didion) pirikamenoko H. Kamiya, 1961"
"ムシクソハムシ","Chlamisus spilotus (Baly, 1873)"
"キバナガミズギワゴミムシ","Bembidion (Desarmatocillenus) yokohamae (Bates, 1883)"
"ドウガネブイブイ","Anomala cuprea (Hope, 1839)"
"マルガタテントウダマシ","Bystodes orbicularis (Gorham, 1887)"
"エダヒゲナガハナノミ　奄美亜種","Epilichas flavellatus amamianus Nakane, 1963"
"チョウセンハナボタル","Plateros planatus planatus Waterhouse, 1879"
"ルリクワガタ　雲仙亜種","Platycerus delicatulus unzendakensis Fujita & Ichikawa, 1982"
"ホソクシヒゲコメツキ","Tetrigus fujitai Ôhira, 1978"
"ルリバネナガハムシ","Liroetis coeruleipennis Weise, 1889"
"オオスナゴミムシダマシ","Gonocephalum (Gonocephalum) pubens (Marseul, 1876)"
"シバタコツツシバンムシ","Falsogastrallus taichii Sakai, 2008"
"アオガシマゴモクムシ","Harpalus (Pseudoophonus) aogashimensis (Habu, 1957)"
"ホソウミセミゾハネカクシ","Myrmecopora (Lamproxenusa) reticulata Assing, 1997"
"フタゲナガゴミムシ　亜種","Pterostichus (Nialoe) bisetosus iwawakianus Ishida, 1958"
"トラフホソバネカミキリ　基亜種","Thranius variegatus variegatus Bates, 1873"
"シジミガムシ","Laccobius (Laccobius) bedeli Sharp, 1884"
"ミヤマヒカゲタマキノコムシ","Cyrtusa stewarti Daffner, 1989"
"アサヒヒメマルクビゴミムシ","Nebria (Falcinebria) sagittata Sasakawa, 2020"
"シズオカオサムシ　基亜種","Carabus (Ohomopterus) esakii esakii Csiki, 1927"
"アカホシテントウ","Chilocorus rubidus Hope, 1831"
"イシガキアカマルミジンムシ","Catoptyx ishigakiensis Furukawa, 2010"
"オガサワラキイロトラカミキリ　父島亜種","Chlorophorus kobayashii kagaorum Fujita, 2023"
"アマミモリヒラタゴミムシ","Habragonum amamioshimense (Habu, 1955)"
"ヤクシマヒメキノコハネカクシ","Sepedophilus simulans Nakane & Sawada, 1960"
"ヒメミスジホソカタムシ","Leptoglyphus sasaokai Narukawa, 2019"
"ガンショキクイムシ","Cyclorhipidion distinguendum (Eggers, 1930)"
"アキマドボタル","Pyrocoelia rufa Oliver, 1886"
"クチキマグソコガネ","Aphodius (Stenotothorax) hibernalis hibernalis (Nakane & Tsukamoto, 1956)"
"キオビオオキノコ　基亜種","Episcapha (Episcapha) flavofasciata flavofasciata (Reitter, 1879)"
"スゲヌマクビボソジョウカイ","Asiopodabrus (Asiopodabrus) sugenumaensis Takahashi, 2012"
"カムチャツカツヤムネハネカクシ","Quedius (Distichalius) kamchaticus Smetana, 1976"
"ヨナハナガタマムシ","Agrilus yonahaensis Tôyama, 1985"
"ホンドチビヒサゴゴミムシダマシ","Laena rotundicollis Marseul, 1876"
"ナゴハラビロコケムシ","Cephennomicrus nagoanus Jałoszyński, 2009"
"マルムネアリヤドリ","Aspidobactrus claviger Sharp, 1888"
"ホソミスジホソカタムシ","Leptoglyphus kubotai Aoki, 2012"
"ダイコンサルゾウムシ","Ceutorhynchus albosuturalis (Roelofs, 1875)"
"オオマルクビヒラタカミキリ","Asemum striatum (Linnaeus, 1758)"
"5): 18-20.","Nakane, T., 1963a. New or little known Coleoptera from Japan and its adjacent regions. XVI. Fragmenta Coleopterologica, (4"
"キラホシハナノミ","Hoshihananomia kirai Nakane & Nomura, 1950"
"クロズセスジハネカクシ","Oxytelus (Oxytelus) nigriceps Kraatz, 1859"
"アオキムクゲテントウダマシ","Stenotarsus aokii Chûjô, 1942"
"マルニセケシハネカクシ","Pseudoligota antennata (Bernhauer, 1907)"
"シャカオチバメダカハネカクシ","Stenus syaca Naomi, 1989"
"ホソマメムシ","Thorictodes heydeni Reitter, 1875"
"アラメコケシマグソコガネ","Neomyrhessus nishinoi (Ochi, Kawahara & Inagaki, 2012)"
"アカアシコハナコメツキ　基亜種","Paracardiophorus sequens sequens (Candèze, 1873)"
"マトバチビゾウムシ","Zherikhinia matobai Yasukawa, 2023"
"オオクロツヤマグソコガネ","Aphodius (Acrossus) japonicus Nomura & Nakane, 1951"
"アトボシハムシ","Paridea (Paridea) angulicollis (Motschulsky, 1854)"
"ハイイロヒョウタンゾウムシ　亜種4","Catapionus nobulosus obscurus Sharp, 1896"
"ハイイロヒョウタンゾウムシ　亜種5","Catapionus nobulosus tappiensis Morimoto, 2015"
"ツクバネヤマキクイムシ","Microperus perparvus (Sampson, 1922)"
"ナカニシツマキジョウカイ","Malthinus (Malthinus) nakanishii Takahashi, 2006"
"オバコカバイロコメツキ","Ectinus obakoae Kishii, 1979"
"ノノボリクビボソジョウカイ","Asiopodabrus (Japanopodabrus) nonoboriensis Takahashi, 2012"
"ヤツモントゲミツギリゾウムシ","Orychodes octoguttatus (Nakane, 1963)"
"オガサワラゴマフカミキリ","Mesosa (Mesosa) rufa (Breuning, 1935)"
"ユフオオコバネナガハネカクシ","Lathrobium (Lathrobium) yufuense Sato & Maruyama, 2023"
"ハイイロヒョウタンゾウムシ　亜種2","Catapionus nobulosus nishitsugarensis Morimoto, 2015"
"ムネアカフトジョウカイ","Cantharis (Cyrtomoptila) curtata Kiesenwetter, 1874"
"ハイイロヒョウタンゾウムシ　亜種3","Catapionus nobulosus oblongus Kono, 1930"
"ハイイロヒョウタンゾウムシ　亜種1","Catapionus nobulosus chokaisanus Morimoto, 2015"
"コブクチブトサルゾウムシ","Cyphauleutes alternans (Voss, 1958)"
"アマミホソチャコメツキ","Amamipenthes matobai Kishii, 1973"
"カバイクビチョッキリ","Deporaus (Deporaus) betulae (Linnaeus, 1758)"
"ヌクミトウゲツチゾウムシ","Trachyphilus nukumitogeanus Morimoto, 2015"
"ノッポロヒメハネカクシ","Atheta (Microdota) nopporensis Sawada, 1974"
"クロミケシデオキノコムシ","Scaphisoma adnexum Löbl, 1972"
"クマツヤムネハネカクシ","Quedius (Microsaurus) iriei S. Uéno & Y. Watanabe, 1970"
"ドウガネサルハムシ","Heteraspis lewisii (Baly, 1874)"
"キュウシュウムネミゾミズギワゴミムシ","Bembidion (Sinechostictus) kyushuense Habu, 1957"
"ツツオニケシキスイ","Glischrochilus (Librodor) subcylindricus (Reitter, 1884)"
"オワセコバネナガハネカクシ","Lathrobium (Lathrobium) owaseanum Y. Watanabe, 2005"
"トビイロデオネスイ","Monotoma picipes Herbst, 1793"
"アマミミドリヒメコメツキ　基亜種","Vuilletus amamiensis amamiensis Ôhira, 1967"
"シラハタキスジノミハムシ","Phyllotreta shirahatai Madar, 1959"
"ナガキノカワゴミムシ","Leistus (Pogonophorus) prolongatus Bates, 1883"
"ヤマザキカギアシゾウムシ","Bagous (Bagous) yamazakii O'Brien & Morimoto, 1995"
"マエグロチビオオキノコ","Tritoma (Tritoma) centralis (Lewis, 1887)"
"カタキカタビロハナカミキリ","Prorhagium lamed sasakii (Fujita, 2018)"
"2): 23-32.","村山醸造, 1961a. 新潟県の穿孔虫類. Akitu, Kyoto, 10(1"
"アヤモンチビカミキリ　基亜種","Sybra (Sybra) ordinata ordinata Bates, 1873"
"イシガキチビマメコメツキ","Quasimus (Quasimus) ishigakianus Kishii, 1976"
"エゾマツオオキクイムシ","Dendroctonus micans (Kugelann, 1794)"
"ハリゲカシワクチブトゾウムシ","Nothomyllocerus illitus (Reitter, 1915)"
"サシゲマルタマキノコムシ","Agathidium (Microceble) ciliatum Portevin, 1908"
"オオアオコメツキ","Campsosternus auratus (Drury, 1773)"
"キベリマルクビゴミムシ","Nebria (Epinebriola) livida angulata Bänninger, 1949"
"ワタリビロウドコガネ","Nipponoserica peregrina (Chapin, 1938)"
"オダヒゲナガコバネカミキリ","Molorchus (Molorchus) gracilis Hayashi, 1949"
"チョウカイオオズナガゴミムシ","Pterostichus (Smilodonialoe) chokaisanus Sasakawa, 2009"
"シラホシヒゲナガコバネカミキリ　北海道亜種","Caenoptera minor fuscus (Hayashi, 1955)"
"ペックオノヒゲアリヅカムシ","Bryaxis peckorum Löbl, Kurbatov & Nomura, 1998"
"ルリボシカミキリ","Rosalia (Rosalia) batesi Harold, 1877"
"ヒメムクゲオオキノコ","Cryptophilus propinquus Reitter, 1874"
"クナシリクロチビジョウカイ　本州亜種","Malthodes (Maltharchus) kerzhneri morishimai Takahashi, 2002"
"ダイミョウキクイムシ","Scolytoplatypus daimio Blandford, 1893"
"ワキツヤツチゾウムシ","Asphalmus wakiensis Morimoto, 2015"
"キイノミハナカミキリ","Omphalodera nakabayashii (Kuboki, 2014)"
"ミヤマアオハムシダマシ","Arthromacra kinodai Nakane, 1997"
"オガタツヤヒラタガムシ","Agraphydrus ogatai Minoshima, 2016"
"ハナコブチビゾウムシ","Alonsiellus pubescens (Roelofs, 1874)"
"シバンガタノミヒゲナガゾウムシ","Choragus anobioides Sharp, 1891"
"ヤククロハナボタル","Plateros yaku Nakane, 1969"
"カラカネマルズハネカクシ","Domene (Macromene) stilicoides (Sharp, 1874)"
"チュウジョウヒラタゴミムシ","Agonum (Platynomicrus) fallax (A. Morawitz, 1862)"
"アカヒメクビボソハネカクシ","Scopaeus (Scopaeus) testaceus Motschulsky, 1858"
"イトウコバネメダカハネカクシ","Stenus tateoi Naomi, 2006"
"クロツヤシデムシ","Pteroloma koebelei Van Dyke, 1928"
"シガツヤゴモクムシ","Trichotichnus (Trichotichnus) armiger Morita, 1997"
"ホソウスバツツハネカクシ","Eleusis humilis (Erichson, 1840)"
"イワキオオズナガゴミムシ","Pterostichus (Smilodonialoe) orionis Jedlička, 1962"
"カズラアトモンチビカミキリ　奄美亜種","Sybra (Sybra) nishinoi fukidai Fujita & Hirayama, 2017"
"イシズチツヤゴモクムシ","Trichotichnus (Trichotichnus) uenorum Kasahara & Y. Itô, 1995"
"クロテングホラアナヒラタゴミムシ","Jujiroa yorikoae Morita & Inagaki, 2023"
"ミヤマヒサゴコメツキ　基亜種","Homotechnes motschulskyi motschulskyi (Fleutiaux, 1902)"
"ウスモンミズギワゴミムシ","Bembidion (Ocydromus) cnemidotum Bates, 1883"
"アラメナガゴミムシ","Pterostichus (Lenapterus) marginatus subrugosus Straneo, 1955"
"オオナガニジゴミムシダマシ","Ceropria sulcifrons Harold, 1878"
"フジワラメクラチビゴミムシ","Trechiama (Trechiama) fujiwaraorum S. Uéno, 1981"
"ミイロトラカミキリ","Xylotrechus (Xylotrechus) takakuwai Kusama, 1977"
"オオトラカミキリ","Xyloclytus (Ootora) villioni (Villard, 1892)"
"カグヤヒメゾウムシ","Lepidomyctides nagaii Yoshihara & Morimoto, 1994"
"カナガワヒメハネカクシ","Atheta (Ceritaxa) kanagawaensis Scheerpeltz, 1960"
"キバナガオニミツギリゾウムシ","Cobalocephalus mizobei Morimoto, 2009"
"ヨツオビハレギカミキリ","Acrocyrtidus elegantulus longicornis Hayashi, 1962"
"ニセヒメジョウカイ","Lycocerus lineatipennis (Wittmer, 1953)"
"ウエノキクイサビゾウムシ","Dexipeus uenoi Morimoto, 1978"
"ゲンカイツヤツチゾウムシ","Asphalmus genkaiensis Morimoto, 2015"
"イシズチナガゴミムシ","Pterostichus (Sphodroferonia) ishizuchiensis Kasahara, 1985"
"ヒメヤマトケシマグソコガネ","Platytomus yadai (Ochi, Kawahara & Inagaki, 2006)"
"ヨシダツツナガハネカクシ　基亜種","Lobrathium (Lobrathium) yoshidai yoshidai (Adachi, 1955)"
"カミヤビロウドコガネ","Maladera (?) kamiyai (Sawada, 1937)"
"ヤマアオカミキリモドキ","Nacerdes (Xanthochroa) bicostata (Lewis, 1895)"
"ムナビロアオゴミムシ","Chlaenius (Achlaenius) sericimicans Chaudoir, 1876"
"ニセケブカネスイ","Rhizophagoides kojimai Nakane & Hisamatsu, 1963"
"ヤエヤマコブマルエンマコガネ","Onthophagus (Gibbonthophagus) apicetinctus d'Orbigny, 1898"
"ツシマヒサゴゴミムシダマシ","Misolampidius tsushimanus Nakane, 1968"
"キアシツヤヒラタゴミムシ　東北亜種","Synuchus (Synuchus) callitheres towadensis (Habu, 1955)"
"シラハタミズギワコメツキ","Fleutiauxellus (Migiwa) shirahatai (Kishii, 1976)"
"タイワンオオエンマムシ","Pachylister chinensis (Quensel, 1806)"
"ホソダコクロコメツキ","Ampedus (Ampedus) hosodai Kishii, 1990"
"オオズミズギワゴミムシ","Bembidion (Limnaeoperyphus) quadriimpressum (Motschulsky, 1860)"
"サヤカヒメコケムシ","Euconnus (Euconnus) sayaka Hoshina, 2019"
"オオクチキムシダマシ","Elacatis kraatzi Reitter, 1879"
"コマルケシゲンゴロウ","Hydrovatus acuminatus Motschulsky, 1859"
"カクスナゴミムシダマシ","Gonocephalum (Gonocephalum) recticolle Motschulsky, 1866"
"ヤツサビイロモンキハネカクシ","Protocypus izayoi (Naomi, 1992)"
"ヒメオサムシ　壱岐亜種","Carabus (Ohomopterus) japonicus ikiensis (Nakane, 1968)"
"ホソヒメクロオサムシ　東北地方南西部亜種","Carabus (Pentacarabus) harmandi adatarasanus (Ishikawa, 1966)"
"チュウジョウチビエンマムシ","Baconia chujoi (Cooman, 1941)"
"コヒゲナガハナノミ","Ptilodactyla chujoi Nakane, 1991"
"トサメクラゲンゴロウ","Morimotoa morimotoi S. Uéno, 1996"
"ケージーメダカハネカクシ","Stenus veselovae Ryvkin, 1987"
"クロアシマルガタゴミムシ","Amara (Amara) ovata (Fabricius, 1792)"
"オビアカサルゾウムシ","Coeliodes nakanoensis Hustache, 1916"
"アザミオオハムシ","Galeruca (Galeruca) dahlii vicina Solsky, 1872"
"ヒゴヒゲブトムネトゲアリヅカムシ　基亜種","Petaloscapus fissifrons fissifrons (Sharp, 1883)"
"トビイロヒメテントウ","Scymnus (Scymnus) paganus (Lewis, 1896)"
"スネミゾオオズナガゴミムシ","Pterostichus (Sphodroferonia) sulcatus N. Ito, 2011"
"アマミナガゴミムシ","Pterostichus (Sphodroferonia) plesiomorphus Nemoto, 1989"
"テングフトヒラタコメツキ","Liotrichus (Acteniceromorphus) tengu (Miwa, 1934)"
"ママエフヒメフトコメツキダマシ","Bioxylus personatus Mamaev, 1976"
"アカヒゲアオカミキリ","Chelidonium testaceicorne Pic, 1946"
"ムネマダラトラカミキリ　基亜種","Xylotrechus (Xylotrechus) grayii grayii (White, 1855)"
"ヒメアバタウミベハネカクシ","Cafius (Pseudoremus) algarum (Sharp, 1874)"
"クロクビクチカクシゾウムシ","Sybulus nigricollis (Roelofs, 1879)"
"シャープキノコハネカクシ","Lordithon (Lordithon) sharpianus (Scheerpeltz, 1933)"
"ツツサルハムシ","Abirus fortunei (Baly, 1861)"
"チャグロヒラタコメツキ","Calambus mundulus (Lewis, 1879)"
"オオニセヒゲブトハネカクシ","Hoplandria convexa Weise, 1877"
"コミヤアシナガトビハムシ","Longitarsus (Longitarsus) komiyai Ohno, 1968"
"オオルリオサムシ　渡島半島亜種","Carabus (Acoptolabrus) gehinii munakatai (Ishikawa, 1968)"
"ヒダカミズギワゴミムシ","Bembidion (Nipponobembidion) yasudai Morita, 2019"
"タイショウメクラチビゴミムシ","Ryugadous (Yuadorgus) pravus S. Uéno, 1979"
"オモゴコバネナガハネカクシ","Lathrobium (Lathrobium) omogoense Y. Watanabe, 1991"
"チョウセンヒゲブトチビシデムシ","Colon (Myloechus) shini Park and Hoshina, 2005"
"コヒメキノコツヤケシハネカクシ","Pseudatheta elegans Cameron, 1920"
"キノコゴミムシ","Lioptera erotyloides Bates, 1883"
"ホホジロアシナガゾウムシ","Merus (Merus) erro (Pascoe, 1871)"
"クロテントウ","Telsimia nigra (Weise, 1879)"
"シバタツヤヒラタゴミムシ","Synuchus (Synuchus) shibatai Habu, 1978"
"アマミコバネオチバハネカクシ","Brachida brachyptera Kishimoto, 2000"
"ミシマクロチビジョウカイ","Malthodes (Hiranous) bifurcicauda N. Takahashi, 2001"
"カナブン","Pseudotorynorrhina japonica (Hope, 1841)"
"オオナガクチキ","Melandrya (Paramelandrya) dubia (Schaller, 1783)"
"ホルンナガタマムシ","Agrilus hornianus Kerremans, 1913"
"ハモンドヒメヒラタハネカクシ","Siagonium hammondi Naomi, 1994"
"チビコクヌスト","Ancyrona japonica (Reitter, 1889)"
"コジマヒゲナガコバネカミキリ","Molorchus (Molorchus) kojimai Matsushita, 1939"
"マルガタカクケシキスイ","Hebasculinus japonus (Reitter, 1877)"
"オオタヒメテントウ","Scymnus (Neopullus) ohtai Sasaji, 1971"
"コクロツブエンマムシ","Chaetabraeus (Chaetabraeus) orientalis (Lewis, 1898)"
"ファイロホソコガシラハネカクシ","Gabrius philo Smetana, 1984"
"コモリヒラタゴミムシ","Nipponagonum amphinomum (Bates, 1883)"
"チビクチボソヒゲナガゾウムシ","Enedreytes gotoi Shibata, 1969"
"オガサワラコバネカミキリ　父島亜種","Psephactus scabripennis chichijimensis Kusama, 1973"
"イケダメクラチビゴミムシ","Awatrechus occidentalis S. Uéno, 2003"
"リンゴコフキハムシ","Fidia atra (Motschulsky, 1861)"
"タマヒゲオニアリヅカムシ","Batrisodes (Pubimodes) globulifer Jeannel, 1958"
"オオクビボソハネカクシ","Stilicoderus signatus Sharp, 1889"
"オオツヤシデムシ","Necrophilus nomurai (Shibata, 1969)"
"ニドアゲチビコバネナガハネカクシ","Lathrobium (Lathrobium) nidoagense Y. Watanabe, 2001"
"フトヒゲアメイロカミキリ　奄美亜種","Obrium takahashii fukidai Fujita, 2023"
"ホウキトホシハムシ","Gonioctena (Gonioctena) hoki Takizawa, 2007"
"ケブカマルクビカミキリ","Atimia okayamensis Hayashi, 1972"
"ナガタチゲメダカハネカクシ","Stenus cirriformis Naomi, 1988"
"キオビヒラセクモゾウムシ","Metialma nigrosetosa Hirano, Yoshitake & Fujisawa, 2020"
"ムナビロオオキスイ","Helota fulviventris Kolbe, 1886"
"ニシイヤツチゾウムシ","Trachyphilus nishiiyanus Morimoto, 2015"
"キムネタマキスイ","Cybocephalus (Cybocephalus) nipponicus Endrödy-Younga, 1971"
"コモンマダラヒゲナガゾウムシ","Litocerus multiguttatus (Nakane, 1963)"
"コツヤホソゴミムシダマシ","Menephilus lucens Marseul, 1876"
"タカラミゾアシノミハムシ","Hemipyxis takarai Kimoto & Gressitt, 1966"
"タチバナチビチョッキリ","Temnocerus morimotoi (Sawada, 1997)"
"ヒゲナガズマルヒメハナムシ","Phalacrus tenuicornis Champion, 1925"
"キボシルリハムシ","Smaragdina aurita nigrocyanea (Motschulsky, 1866)"
"ドウイロナガキマワリ","Strongylium (Strongylium) amamianum Nomura, 1963"
"ムナクボメナガヒゲナガゾウムシ","Ulorhinus saitoi Senoh, 2003"
"サワダコバネメダカハネカクシ","Stenus sawadai Hromádka, 1979"
"ヤマトマルクビハネカクシ","Tachinus (Tachinus) japonicus Sharp, 1888"
"ヤマトホソナガゴミムシ","Pterostichus (Pseudomaseus) basipunctatus Straneo, 1955"
"ゴマフサビカミキリ　基亜種","Ropica loochooana loochooana (Matsushita, 1933)"
"サツシンヒメメダカハネカクシ","Stenus satushin Naomi & Puthz, 1994"
"ゴンベエオニニセチビシデムシ","Ptomaphaginus gonbe M. Nishikawa & Y. Hayashi, 2016"
"ヨツモンシガニセクビボソムシ","Shigaderus nakagawayui M. Saitô & Young, 2015"
"ニッコウハネスジキノコハネカクシ","Carphacis nikkoensis Schülke, 1995"
"アオドウガネ　基亜種","Anomala albopilosa albopilosa (Hope, 1839)"
"ハハジマクチカクシゾウムシ","Buninus hahajimaensis Morimoto, 1981"
"サトウマメコメツキ　奄美亜種","Quasimus (Quasimus) satoi ogatai Kishii, 1985"
"マキハラアカハナボタル","Plateros makiharai Matsuda, 2008"
"ヒロオビナガタマムシ","Agrilus sudai Y. Kurosawa, 1985"
"クロモンニセキノコハネカクシ","Bolitobius okamotoi L. -Z. Li & Sakai, 1998"
"トビイロヒメハナムシ","Olibrus consanguineus Flach, 1889"
"ミヤコアラハダチャイロコメツキ","Reitterelater miyako (Kishii, 1969)"
"ヒメホソエンマムシ","Niponius osorioceps Lewis, 1885"
"クロスジコガシラハネカクシ","Philonthus (Philonthus) virgatus Sharp, 1889"
"カスミオオコバネナガハネカクシ","Lathrobium (Lathrobium) kasumiense Y. Watanabe, 2002"
"オクヨシノメクラチビゴミムシ","Kusumia rotundata S. Uéno & Naitô, 2005"
"ヒトヒサヒラタケシキスイ","Epuraea (Epuraea) foramina S.-T. Hisamatsu, 2016"
"ゴウヤメクラチビゴミムシ","Stygiotrechus miyoshiorum S. Uéno, 1969"
"ヒミコヒメハナカミキリ　西九州亜種","Pseudopidonia neglecta hizena (Imasaka & Amano, 2001)"
"ヒメカクスナゴミムシダマシ","Gonocephalum (Gonocephalum) terminale Reichardt, 1936"
"バンナクロベニボタル","Cautires bannanus Nakane, 1969"
"ワタラセツブゲンゴロウ","Laccophilus dikinohaseus Kamite, Hikida & M. Satô, 2005"
"シラカワクビボソジョウカイ","Asiopodabrus (Asiopodabrus) shirakawanus (Takahashi & Kiriyama, 2000)"
"オキナワアナアキゾウムシ","Seleuca impressicollis Morimoto, 1982"
"ブチヒゲケブカハムシ","Pyrrhalta annulicornis (Baly, 1874)"
"ムネブトツツキノコムシ","Lipopterocis simplex Miyatake, 1954"
"ダンジョクロコガネ","Nigrotrichia danjoensis (Y. Miyake & Imasaka, 1982)"
"ヤマテングアリヅカムシ","Tenguobythus yama Arai & Nomura, 2007"
"ショウドシマヒメマルトゲムシ","Horiella shodoshimaensis Pütz, 2002"
"ハギツツハムシ","Pachybrachis (Pachybrachis) eruditus Baly, 1873"
"サビイロニセハナノミ","Orchesia (Clinocara) fusiformis Solsky, 1871"
"シコクシモフリコメツキ","Actenicerus (Acnitecerus) naomii Kishii, 1996"
"ヒダカハナムグリヨツメハネカクシ","Eusphalerum hidakanum Y. Watanabe, 1990"
"アベクビボソジョウカイ","Hatchiana abei (Nakane & Makino, 1981)"
"ウスチャスゲヒメゾウムシ","Limnobaris ochraceosquama Yoshihara, 2016"
"ノブオケシカミキリ　基亜種","Exocentrus nobuoi nobuoi Breuning & K. Ohbayashi, 1964"
"コシマゲンゴロウ","Hydaticus (Prodaticus) grammicus (Germar, 1827)"
"アトモンヒョウタンゾウムシ","Amystax satanus Nakane, 1963"
"クロソンヒゲボソゾウムシ","Phyllobius (Phyllobius) kurosonensis Mormoto & Miyakawa, 2006"
"カメノコチビヒゲナガゾウムシ","Uncifer discrepans Shibata, 1981"
"ホソカワツツナガハネカクシ","Lobrathium (Lobrathium) hosokawai T. Ito, 2015"
"ススキハネナシチビカミキリ","Sybra (Sybra) miscanthivola Makihara, 1977"
"ヒラタハナムグリ　吐噶喇列島亜種","Nipponovalgus angusticollis maedai Nakane, 1956"
"アカバカタホソヨツメハネカクシ","Philydrodes (Philydrodes) rubidus Nakane & Sawada, 1956"
"ゴホンダイコクコガネ","Copris (Copris) acutidens Motschulsky, 1860"
"ヌスビトハギチビタマムシ","Trachys tokyoensis Obenberger, 1940"
"クメジマデオキノコムシ","Scaphidium kumejimaense Hoshina & Maruyama, 1999"
"イイデツヤゴモクムシ","Trichotichnus (Trichotichnus) iidesanus N. Ito, 2005"
"キソヤマゾウムシ　基亜種","Byrsopages kiso kiso Nakane, 1963"
"ワルトンクチブトサルゾウムシ","Pelenomus waltoni (Boheman, 1843)"
"オオシマホソハナカミキリ　沖縄本島亜種","Strangalia gracilis matsumurai Fujita, 2018"
"イオウジマゴモクムシ","Stenolophus (Egadroma) kusamai Habu, 1977"
"ツシマヒメサビキコリ　基亜種","Agrypnus tsushimensis tsushimensis Ôhira, 1986"
"スジダカサビカミキリ","Pterolophia (Pterolophia) bigibbera (Newman, 1842)"
"ミヤマオオヒラタハネカクシ","Siagonium monticola (Naomi, 1995)"
"マツノカバイロキクイムシ","Hylurgops glabratus (Zetterstedt, 1828)"
"ヤスヒコメクラチビゴミムシ","Kusumia hayashii Ashida, 2025"
"スモンオオズナガゴミムシ","Pterostichus (Smilodonialoe) sumondakensis Sasakawa, 2005"
"イブシツヤムネハネカクシ","Quedius (Quedionuchus) samuraicus Bernhauer & Schubert, 1916"
"アスワメクラチビゴミムシ","Trechiama (Trechiama) sasajii S. Uéno, 1980"
"ムナキヒメジョウカイモドキ","Attalus (Attalus) niponensis Pic, 1907"
"フタモンハナモグリゾウムシ","Ellescus bipunctatus (Linnaeus, 1758)"
"ヒゲコメツキ　屋久島亜種","Pectocera hige yakuana Kishii, 1993"
"ホソチビゴモクムシ","Acupalpus (Setacupalpus) sobosanus Habu, 1954"
"オキナワカタアカハナボタル","Pseudoaplatopterus (Eropterus) ogatai (Matsuda, 2009)"
"サツマホソゴミムシダマシ","Corticeus (Pogonophloeus) exiguus Bremer, 1998"
"タツミクロコメツキ","Ampedus (Ampedus) tatsumii Ôhira, 1992"
"スジバネヒメハネカクシ","Tropimenelytron unicum (Bernhauer, 1907)"
"クロスジカメノコハムシ","Cassida lineola Creutzer, 1799"
"オオエヤマヌレチゴミムシ","Apatrobus odanakai Kasahara, 1995"
"ハンノナガコキクイムシ","Cryphalus longus (Eggers, 1926)"
"ヒラノアナズアリヅカムシ","Batrisceniola hiranoi Nomura, 1991"
"ホンドクロオオクチキムシ","Upinella (Upinella) fuliginosa (Mäklin, 1875)"
"ナガサキタネノキクイムシ","Coccotrypes perditor Blandford, 1894"
"セマルハバビロハネカクシ","Megarthrus convexus Sharp, 1874"
"カントウシリグロハネカクシ","Astenus (?) japonicus Zhao & Sakai, 1999"
"シリアカマメゾウムシ","Bruchidius urbanus (Sharp, 1886)"
"トゲカタビロサルゾウムシ","Augustinus longipes (Korotyaev, 1981)"
"オカダケムネチビゴミムシ","Epaphiopsis (Epaphiopsis) okadai S. Uéno, 1962"
"テンガンメクラチビゴミムシ","Trechiama (Trechiama) yoshiakii S. Uéno, 1978"
"ハヤチネヌレチゴミムシ","Apenetretus hayachinensis (Nakane, 1968)"
"ウルマクロハムシダマシ","Lagria (Lagria) okinawana Chûjô, 1972"
"カワナベハネスジキノコハネカクシ","Carphacis kawanabei L. -Z. Li & Ohbayashi, 1998"
"ヒウラシラホシゾウムシ","Shirahoshizo hiurai Morimoto, 1962"
"オオネクイハムシ　亜種","Plateumaris constricticollis toyamensis Tominaga & Katsura, 1984"
"フサヒゲルリカミキリ","Agapanthia (Epoptes) japonica Kano, 1933"
"ヒレルミジンムシダマシ","Aphanocephalus hilleri John, 1971"
"クニガミハケスネアリヅカムシ","Batriscenaulax kunigamensis Nomura, 1991"
"ヒラクラコバネナガハネカクシ","Lathrobium (Lathrobium) hirakuranum Y. Watanabe, 2005"
"ピリカチビゴミムシ","Trechus (Epaphius) pirica S. Uéno, 1992"
"ワニメクラチビゴミムシ","Kusumia crocodilus S. Uéno & Naitô, 2005"
"ネオケムネチビゴミムシ","Epaphiopsis (Epaphiopsis) matsudai S. Uéno, 1962"
"シガクロナガゴミムシ","Pterostichus (Eosteropus) kimioi Morita, 2011"
"トウカイコルリクワガタ　基亜種","Platycerus takakuwai takakuwai Fujita, 1987"
"アラメヒメマキムシモドキ","Derodontus tuberosus Hisamatsu & Sakai, 1986"
"アオキコガシラハネカクシ","Philonthus (Onychophilonthus) aokii R. Dvořák, 1958"
"スジアオゴミムシ","Chlaenius (Haplochlaenius) costiger costiger Chaudoir, 1856"
"ジョウヤマツチゾウムシ","Trachyphilus johyamanus Morimoto, 2015"
"フチケマグソコガネ","Aphodius (Aganocrossus) postpilosus Reitter, 1895"
"チビヒメヒラタホソカタムシ","Synchita minima (Sharp, 1885)"
"モモアカクビボソムシ","Stereopalpus femoralis Lewis, 1895"
"モンアシブトゾウムシ","Ochyromera japonica (Roelofs, 1875)"
"ミカワオサムシ　岐阜県南部亜種","Carabus (Ohomopterus) arrowianus minoensis Ishikawa & Kubota, 1994"
"クナシリフトヒシベニボタル","Pyropterus insularis Kazantsev, 1995"
"アシガラクビボソジョウカイ","Asiopodabrus (Asiopodabrus) ashigara Takahashi, 2012"
"モンキウリハムシモドキ","Atrachya flavomaculata (Chûjô, 1935)"
"キンケビロウドカミキリ　八重山諸島亜種","Acalolepta permutans paucipunctata (Gressitt, 1938)"
"コモンミズギワコメツキ","Fleutiauxellus (Neomigiwa) jyakuchianus Kishii, 2004"
"フキヒョウタンゾウムシ","Catapionus modestus Roelofs, 1873"
"シャリキクイムシ","Polygraphus shariensis Niijima, 1941"
"セアカオサムシ","Carabus (Hemicarabus) tuberculosus Dejean, 1829"
"キイチビマメコメツキ","Quasimus (Quasimus) kiiensis Kishii, 1976"
"ゲロオオズナガゴミムシ","Pterostichus (Smilodonialoe) shojii Sugimura, 2006"
"チビドロムシ","Limnichus lewisi Nakane, 1963"
"クモソウメクラチビゴミムシ","Trechiama (Trechiama) yoshidai S. Uéno, 1983"
"コビキアカコメツキ","Ampedus (Ampedus) kobiki Kishii, 2002"
"クロイソハネカクシ","Halorhadinus aequalis Sawada, 1971"
"クロガネトガリオオズハネカクシ","Platydracus (Platydracus) inornatus (Sharp, 1874)"
"ヒメマルクビヒラタカミキリ","Asemum punctulatum Blessig, 1872"
"サツマコバネナガハネカクシ","Lathrobium (Lathrobium) satsumanum Y. Watanabe, 2018"
"マルコガタノゲンゴロウ","Cybister (Cybister) lewisianus Sharp, 1873"
"ガロアチャイロコガネ","Sericania galloisi Niijima & Kinoshita, 1927"
"ヤクシマヒサゴコメツキ","Homotechnes ogatai (Kishii, 1983)"
"コガシラミズムシ","Peltodytes intermedius (Sharp, 1873)"
"ミクニヤマキクイムシ","Taphrorychus mikuniyamensis (Murayama, 1957)"
"マダラニセクビボソムシ　本土亜種","Phytobaenus amabilis scapularis (Marseul, 1876)"
"4): 215-220.","Matsui, E., 1994a. Three new species of the genus Enochrus from Japan and Taiwan (Coleoptera: Hydrophilidae). Transactions of the Shikoku Entomological Society, 20(3"
"オノヒゲアリヅカムシ上族","Supertribe GONIACERITAE Reitter, 1882"
"アマミマメコメツキ","Yukoana amamiensis Ôhira, 1967"
"ツブデオキノコムシ","Pseudobironium lewisi Achard, 1923"
"タテスジカネコメツキ","Gambrinus vittatus (Candèze, 1873)"
"クロヒメゴモクムシ","Bradycellus (Tachycellus) anchomenoides (Bates, 1873)"
"トウカイコルリクワガタ　四国亜種","Platycerus takakuwai namedai Fujita, 1987"
"スジバネキノコシバンムシ","Stagetus uenoi Sakai, 1995"
"コボケヒメマルトゲムシ","Horiella matsunoi Kitano & Sakai, 2009"
"ツヤマンゲツガムシ","Psalitrus masatakai Hoshina, 2007"
"チャボヒゲナガカミキリ","Xenicotela pardalina (Bates, 1884)"
"ツクバホソナガゴミムシ","Pterostichus (Melanius) tsukubasanus Kasahara, 1988"
"コクロナガタマムシ","Agrilus yamawakii Y. Kurosawa, 1957"
"カミジョウヒラタヨツメハネカクシ","Phloeostiba kamijoi Y. Watanabe, 2009"
"オオヨツボシミズギワゴミムシ","Bembidion (Peryphus) pseudosiebkei Kirschenhofer, 1984"
"シェンクリングモモブトアリヅカムシ","Physomerinus schenklingi Raffray, 1912"
"ヤクノメクラチビゴミムシ","Trechiama (Trechiama) foliolatus Ashida, 2002"
"9/7","日本産甲虫の科別属種数　2026"
"カヤツリグサヒメゾウムシ","Limnobaris kumei (Yoshihara & Morimoto, 1997)"
"サトウクシコメツキ　基亜種","Melanotus (Melanotus) satoi satoi Ôhira, 1967"
"ルリサルハムシ","Basilepta modesta (Jacoby, 1885)"
"キタマルクビハネカクシ","Tachinus (Tachinus) rishirianus Y. Watanabe & Y. Shibata, 1965"
"キタアリガタハネカクシ","Paederus (?) jessoensis Bernhauer, 1935"
"トゲオクロクチカクシゾウムシ","Odosyllis subcostata (Nakane, 1963)"
"ヒゲブトセスジハネカクシ","Anotylus crassicornis (Sharp, 1874)"
"ホソオオクチキムシ","Upinella (Tibinella) cryptomeriae (Lewis, 1895)"
"ナツグミシギゾウムシ","Curculio (Curculio) elaeagni Morimoto, 1962"
"ベニモンムネビロオオキノコ","Microsternus perforatus (Lewis, 1883)"
"ヨツモンミズギワコメツキ","Fleutiauxellus (Neomigiwa) quadrillum (Candèze, 1873)"
"ハサミツチゾウムシ","Trachyphilus hasamianus Morimoto, 2015"
"オオシマアオハナムグリ　沖縄島亜種","Protaetia (Niponoprotaetia) exasperata satoi Nakane, 1956"
"エグリヒゲブトコマルトビハムシ","Clavicornaltica nakanoi Suenaga, 2023"
"オクヒダコガシラハネカクシ","Philonthus (Philonthus) jurgans toyoshimai Y. Hayashi, 2018"
"オガサワラヒメトゲムシ","Nosodendron (Dendrodipnis) ogasawaraense Yoshitomi, Kishimoto & Lee, 2015"
"チビキバネサルハムシ","Pagria ingibbosa Pic, 1929"
"リュウキュウクモガタケシカミキリ","Exocentrus takakuwai Makihara, 1982"
"アカモンカクケシキスイ","Pocadites chujoi Hisamatsu, 1959"
"ズングリハネカクシ","Protinodes puncticollis Sharp, 1888"
"スジスナゴミムシダマシ","Gonocephalum (Gonocephalum) bilineatum (Walker, 1858)"
"カワラマメアリヅカムシ","Morana puella Tanabe & Nakane, 1990"
"ヒョウタンホソヒラタムシ","Airaphilus abei Yoshida, Halstead & Hirowatari, 2019"
"ダイセンゲンクロヒメジョウカイ","Rhagonycha (Rhagonycha) daisengenensis Takahashi, 2021"
"ホソハナノミダマシ","Scraptia angustior Pic, 1944"
"ヨナグニアシナガミゾドロムシ","Stenelmis aritai M. Satô, 1964"
"トサカクシヒゲベニボタル","Macrolycus (Cerceros) submontanus Nakane, 1994"
"ヤセガタメクラチビゴミムシ","Rakantrechus (Paratrechiama) macer S. Uéno, 1987"
"ヒガオメクラチビゴミムシ","Awatrechus sancticaveae S. Uéno, 2003"
"ナカネナギサハネカクシ","Bryothinusa nakanei (Sawada, 1955)"
"キマダラオオヒゲナガゾウムシ","Peribathys shinonagai Senoh, 1982"
"リュウキュウモンハナノミ","Tomoxia ryukyuana Takakuwa, 1985"
"クロバトゲヒメハナノミ","Mordellochroa (Tolidostena) atripennis (Nakane, 1956)"
"チシマオサムシ　大雪山亜種","Carabus (Aulonocarabus) kurilensis daisetsuzanus Kono, 1936"
"オキナワクシヒゲベニボタル","Macrolycus (Cerceros) okinawanus M. Satô & N. Ohbayashi, 1968"
"オオズコナガアリヅカムシ","Leptoplectus uttu Jałoszyński, 2025"
"ヤマトトックリゴミムシ","Oodes (Lachnocrepis) japonica (Bates, 1873)"
"チビササラゾウムシ","Demimaea minuta Voss, 1937"
"ナガマルハナノミ","Nipponocyphon nakanei Lawrence & Yoshitomi, 2007"
"ミノオナガゴミムシ","Pterostichus (Daisenialoe) yamashitai Morita, 2019"
"トマムハネカクシ","Gymnusa miyashitai Naomi, 1994"
"ハセガワドロムシ","Helichus ussuriensis Lafer, 1980"
"スジヒゲコメツキダマシ","Proxylobius helleri Fleutiaux, 1900"
"クロトサカシバンムシ","Trichodesma (Trichodesma) japonica Pic, 1906"
"ネジロカミキリ","Pogonocherus seminiveus Bates, 1873"
"ヤエヤマアシナガミゾドロムシ","Stenelmis ishiharai M. Satô, 1964"
"ツシマメナシチビシデムシ","Sciaphyes kawaharai Hoshina & Perreau, 2008"
"サンゴジュヒメゾウムシ","Nespilobaris viburni Yoshihara, 2016"
"トゲムネツツナガクチキ","Hypulus acutangulus Lewis, 1895"
"シベツサシゲマルトゲムシ","Curimopsis (Curimopsis) yoshitomii Pütz, 2004"
"ウスモンケナガマルキスイ","Toramus uenoi Sasaji, 1989"
"ミヤマチャバネコメツキ","Ampedus (Ampedus) amakazaricola Kishii & Ôhira, 1956"
"オチバツツキノコムシ","Cis morikawai Miyatake, 1954"
"ハラトゲヒメハネカクシ","Atheta (Microdota) spiniventris Bernhauer, 1907"
"イコクヒゲブトハネカクシ","Aleochara (Xenochara) peregrina Sharp, 1874"
"チャバラマメゾウムシ","Borowiecius ademptus (Sharp, 1886)"
"クビアカクビボソハムシ","Oulema (Oulema) melanopus (Linnaeus, 1758)"
"マダラヒメスジマグソコガネ","Aphodius (Carinaulus) madara Nakane, 1960"
"メダカヒメカタゾウムシ　基亜種","Ogasawarazo (Ogasawarazo) hahajimaensis hahajimaensis Morimoto, 1981"
"シビツコバネメダカハネカクシ","Stenus subserratus Naomi, 2006"
"マダラオオメコクヌスト","Anacypta higonia (Lewis, 1888)"
"クジュウキカワヨツメハネカクシ","Xylodromus kujuensis Y. Watanabe & Miyake, 2014"
"クロアシコメツキモドキ","Languriomorpha nigritarsis (Waterhouse, 1873)"
"キュウシュウコケシマグソコガネ","Neomyrhessus mimurai (Ochi, Kawahara, 2024)"
"クチキゴミムシ","Morion (Neomorion) japonicus Bates, 1883"
"コクロナガオサムシ　渡島半島北部亜種","Carabus (Leptocarabus) arboreus karibanus (Ishikawa, 1992)"
"ナギソツチゾウムシ","Trachyphilus nagisoanus Morimoto, 2015"
"アイノクロヒメハナノミ","Pseudomordellina ainonia (Chûjô, 1957)"
"オウシュウドロムシ","Dryops nitidulus (Heer, 1841)"
"コマルキマワリ","Amarygmus (Amarygmus) curvus Marseul, 1876"
"ミヤマイクビチョッキリ","Deporaus (Roelofsideporaus) nidificus Y. Sawada & Lee, 1986"
"ホソヒメクロオサムシ　奥羽山脈亜種","Carabus (Pentacarabus) harmandi yudanus Nakane, 1977"
"マルツヤニジゴミムシダマシ","Tetraphyllus scatebrae (Lewis, 1894)"
"リュウキュウツヤヒラタガムシ","Agraphydrus coomani (d’Orchymont, 1927)"
"オオメズカクシナガクチキ","Anisoxiella ocularis (Nomura & Katô, 1959)"
"カクホソカタムシ","Cerylon sharpi Nakane, 1963"
"マルヒメキノコムシ","Aspidiphorus japonicus (Reitter, 1879)"
"アキオサムシ　小豆島亜種","Carabus (Ohomopterus) chugokuensis seizaburoi Imura, Dejima & Mizusawa, 1993"
"トゲウスバカミキリ　八丈島トカラ亜種","Spinimegopis nipponica hachijoana (Fujita, 1980)"
"アマミカワベナガエハネカクシ","Ochthephilum harusawai Ito, 1996"
"クロヒゲヒメキノコハネカクシ","Sepedophilus longipennis (Cameron, 1930)"
"ケヤキナガタマムシ","Agrilus spinipennis Lewis, 1893"
"トケジホソトビハムシ","Luperomorpha tokejii Chûjô & Ohno, 1965"
"サトツヤツツキノコムシ","Octotemnus assimilis Kobayashi & Sota, 2019"
"ホソスナゴミムシダマシ","Gonocephalum (Gonocephalum) sexuale (Marseul, 1876)"
"トサカトゲアリヅカムシ","Batrisodes cristatus (Jeannel, 1958)"
"タムラクチボソコメツキ　沖縄島亜種","Glyphonyx (Glyphonyx) tamurai yamayai Kishii, 1986"
"セダカキバネケシガムシ","Cercyon (Cercyon) verus Shatrovskiy, 1898"
"オオカツオゾウムシ","Lixus (Eulixus) divaricatus Motschulsky, 1861"
"コハナモグリゾウムシ","Ellescus infirmus (Herbst, 1795)"
"サイトウシロホシテントウ","Vibidia saitoi Kitano, 2019"
"アトボシアオゴミムシ","Chlaenius (Lissauchenius) naeviger Morawitz, 1862"
"クリイロナガゴミムシ","Pterostichus (Georgeballius) hoplites (Bates, 1883)"
"ムネダカアカコメツキ","Ampedus (Ampedus) convexicollis (Lewis, 1894)"
"ヒラノコギリホソヒラタムシ","Silvanopsis simoni Grouvelle, 1892"
"アカヒラタヨツメハネカクシ","Microedus subtilis (Sharp, 1889)"
"トホシハナカミキリ 本州亜種","Brachyta danilevskyi hanabusa Hirayama, 2018"
"オガタナガタマムシ","Agrilus ogatai Ohmomo, 2002"
"ギフクビボソジョウカイ","Asiopodabrus (Asiopodabrus) gifuensis (Takahashi & Kiriyama, 2000)"
"カタモンチビオオキノコ","Spondotriplax horioi Nakane & Nobuchi, 1955"
"リュウトウヒメマルクビゴミムシ","Nebria (Falcinebria) dracocephala Sasakawa, 2025"
"シロオビシギゾウムシ","Curculio (Curculio) nagaoi Morimoto, 1981"
"イナナガチビゴミムシ","Trechiama (Trechiama) kimurai S. Uéno, 1959"
"マエアカクロベニボタル　紀伊半島亜種","Cautires zahradniki ohdaisanus Nakane, 1969"
"テラニシセスジゲンゴロウ","Copelatus teranishii Kamiya, 1938"
"オオキイロコガネ","Pollaplonyx flavidus Waterhouse, 1875"
"ヒラサンヒメハナノミ","Falsomordellistena (Falsomordellistenoda) hirasana Shiyake, 1996"
"クライヤマナガゴミムシ","Pterostichus (Nialoe) ryoheii Morita, 2012"
"トダイオオナガゴミムシ","Pterostichus (Sphodroferonia) kosakai Morita, 1998"
"スリカミメクラチビゴミムシ","Trechiama (Trechiama) oopterus S. Uéno, 1995"
"オキナワムツボシタマムシ　基亜種","Chrysobothris (Chrysobothris) saliaris saliaris Y. Kurosawa, 1948"
"ヘリトゲコブスジコガネ","Glyptotrox mandli (Balthasar, 1931)"
"チャイロマルハナノミダマシ","Eucinetus rufus Portevin, 1908"
"アカイロナガハムシ","Zeugophora varipes (Jacoby, 1885)"
"キョウトマメゾウムシ","Acanthoscelides griseolus (Fall, 1910)"
"オオズイクビチョッキリ","Deporaus (Caenorhinus) eumegacephalus (Y. Sawada, 1993)"
"ヤセアトキリゴミムシ","Mochtherus luctuosus Putzeys, 1875"
"サキシマムナビロサビキコリ　基亜種","Agrypnus sakishimanus sakishimanus Ôhira, 1967"
"オオヒゲブトハネカクシ","Aleochara (Aleochara) postica Walker, 1858"
"キリシマヒラタゴミムシ","Anchomenus (Anchomenus) yukihikoi (Habu, 1962)"
"ヒノキノコキクイムシ","Cryphalus chamaecipariae Niijima, 1910"
"2): 1-10.","Habu, A., 1974a. On the species of Atranodes, a subgenus of Platynus, mainly on P. (A.) kyushuensis (Habu) and its geographical variation (Coleoptera, Carabidae). Entomological Review of Japan, 26(1"
"ハイノキサルゾウムシ","Hainokisaruzo infuscatus Yoshitake & Colonnelli, 2005"
"クロゲンゴロウ","Cybister (Melanectes) brevis Aubé, 1838"
"2): 75-81.","Habu, A., 1980b. Notes and descriptions of some Harpalini from Japan (Coleotpera, Carabidae). Entomological Review of Japan, 34(1"
"チビシジミガムシ","Laccobius (Microlaccobius) roseiceps Régimbart, 1903"
"コメツキガタナガクチキ","Enchodes crepusculus (Lewis, 1895)"
"イシハラナガハネカクシ","Lathrobium (Lathrobium) ishiharai Hayashi, 1994"
"コアカビロウドコガネ","Maladera (Omaladera) hiekei (Frey, 1972)"
"トケジクロヒメハナノミ","Mordellistena tokeji Nomura, 1951"
"クニミメクラチビゴミムシ","Kusumia septentrionalis S. Uéno & Okuda, 2002"
"キタチャイロチビマルハナノミ","Contacyphon kongsbergensis (Munster, 1924)"
"オオツヤベニボタル","Calochromus nagaii Nakane, 1961"
"マキハラノミヒゲナガゾウムシ","Melanopsacus makiharai Morimoto, 1978"
"モトヨツコブエグリゴミムシダマシ","Uloma (Uloma) bonzica Marseul, 1876"
"マルカブトゴミムシダマシ","Bolitophagiella pannosa (Lewis, 1894)"
"ホソキイロチビゴミムシダマシ","Enanea yakushimana Nakane, 1984"
"ツチイロビロウドムシ","Dendroides lesnei Blair, 1914"
"クボタヤマトヒゲブトアリヅカムシ","Diartiger kubotai Nomura, 1997"
"ズグロアカハムシ","Gallerucida flavipennis (Solsky, 1872)"
"クロニセコガシラハネカクシ","Bisnius sordidus (Gravenhorst, 1802)"
"コヒメコクヌストモドキ","Palorus subdepressus (Wollaston, 1864)"
"ニセツマアカヒメテントウ","Scymnus (Pullus) rectoides Sasaji, 1971"
"ハラボソヒメコケムシ","Euconnus (Euconnus) oscillans Sharp, 1886"
"ナシハナゾウムシ","Anthonomus (Anthonomus) pomorum (Linnaeus, 1758)"
"キイロカタホソヨツメハネカクシ","Philydrodes (Minyphilydrodes) flavidus Y. Watanabe, 1990"
"ヒゲナガクビボソムシ","Macratria antennalis Lewis, 1895"
"シコククロサワドロムシ","Neoriohelmis kuwatai M. Satô, 1963"
"ゴトウヒゲブトムネトゲアリヅカムシ","Petaloscapus morimotoi Nomura, 2022"
"ハネグロホソアリモドキ","Omonadus formicarius (Goeze, 1777)"
"クロナガミゾコメツキダマシ","Microrhagus nigrinus (Hisamatsu, 1960)"
"オチバヒメタマキノコムシ","Dermatohomoeus terrenus (Hisamatsu, 1985)"
"ナラルリオトシブミ","Euops (Parasynatops) konoi Sawada & Morimoto, 1985"
"エレガントキスイ","Cryptophagus elegans Grouvelle, 1919"
"コツヤメダカハネカクシ","Stenus sexualis Sharp, 1874"
"ヒラメオオズナガゴミムシ","Pterostichus (Sphodroferonia) platyocularis N. Ito, 2011"
"マルムネチビクチブトゾウムシ","Viticis aeratus (Morimoto, 1983)"
"セダカヒメテントウ","Scymnus (Pullus) vencoxus H. Kamiya, 1965"
"フトアオゾウムシ","Chlorophanus major Morimoto, 2015"
"シロヒゲアリノスハネカクシ","Zyras (Zyras) particornis (Sharp, 1888)"
"ハラスジオチバメダカハネカクシ","Stenus intermixtus Puthz, 1993"
"コハンミョウモドキ","Elaphrus (Elaphroterus) punctatus Motschulsky, 1844"
"クロスジキイロホソテントウ","Diomus akonis (Ohta, 1929)"
"ホオノキコミヤトビハムシ","Zipanginia iwatensis (Takizawa, 2009)"
"オキナワキクイサビゾウムシ","Stenommatus ocularis (Konishi, 1963)"
"アオキツツムネウミハネカクシ","Diaulota aokii Sawada, 1971"
"ベニモンチビカツオブシムシ","Orphinus (Orphinus) japonicus Arrow, 1915"
"ホソナカグロヒメコメツキ","Dalopius tamui Kishii, 1957"
"アサヒナルリナガタマムシ","Agrilus asahinai Y. Kurosawa, 1956"
"ジュウジエグリゴミムシ","Eustra crucifera S. Uéno, 1964"
"イシガキトゲウスバカミキリ","Spinimegopis ishigakiana (Yoshinaga & Nakayama, 1972)"
"フナガタナガチビゴミムシ","Trechiama (Trechiama) tokui S. Uéno, 1989"
"ヒゲナガゴマフカミキリ","Palimna liturata liturata (Bates, 1884)"
"ハラアカモリヒラタゴミムシ","Agonum (Eucolpodes) japonicum japonicum (Motschulsky, 1860)"
"マルヤマクロコメツキ","Ampedus (Ampedus) maruyamanus Ôhira, 1992"
"アマミアオジョウカイ　沖縄島亜種","Themus (Themus) kazuoi azumai Kinoda & Nakane, 1988"
"アマミビロウドコガネ","Maladera (?) amamiana Nomura, 1959"
"チビデオゾウムシ","Acalyptus carpini (Fabricius, 1792)"
"オキナワサビカミキリ","Zotalemimon costatum (Matsushita, 1933)"
"ヒメツヤムネハネカクシ","Pseudorientis shinobuae Y. Watanabe, 1970"
"タイワンホソカッコウムシ","Cladiscus pallidicornis Corporaal & van der Wiel, 1949"
"カブトムシ　本土亜種","Trypoxylus dichotomus septentrionalis Kono, 1931"
"ミヤタケヒメハナノミ","Asiatolida miyatakei Shiyake, 2000"
"ナミアオハムシダマシ","Arthromacra viridissima Lewis, 1895"
"クロチャバネハバビロハネカクシ","Megarthrus incubifer Cuccodoro, 1996"
"ニホンヒメミズギワヨツメハネカクシ","Lesteva nipponica Y. Watanabe, 1990"
"イセテントウ","Chujochilus isensis (H. Kamiya, 1966)"
"アイヌハンミョウ","Cicindela (Cicindela) gemmata aino Lewis, 1891"
"キリシマクビボソジョウカイ","Asiopodabrus (Asiopodabrus) kirishima Takahashi, 2012"
"ヒメキマワリモドキ","Plamius yaeyamensis Nakane, 1968"
"キベリクロヒメゲンゴロウ","Ilybius apicalis Sharp, 1873"
"リンゴアナアキゾウムシ","Pimelocerus shikokuensis (Kono, 1934)"
"ナガハコベタコゾウムシ","Hypera (Boreohypera) graeseri (Faust, 1887)"
"オゼアバタコバネハネカクシ　出羽亜種","Nazeris hasegawai dewanus Ito, 1992"
"ヒゴノムネビロオオキノコ","Microsternus higonius Lewis, 1887"
"イムラツヤゴモクムシ","Trichotichnus (Trichotichnus) imurai Morita, 1997"
"ヨツボシチビヒラタカミキリ","Poecilium quadrimaculatus (Gressitt, 1935)"
"ドウガネアナバケハネカクシ","Syntomium japonicum Y. Watanabe & Shibata, 1960"
"ホソヒメクロオサムシ　丹沢亜種","Carabus (Pentacarabus) harmandi tanzawaensis (Ishikawa, 1986)"
"エゾニセケシガムシ","Peltocercyon shigehisai Hoshiuna, 2018"
"ヘラツノツヤヒメツツキノコムシ","Ceracis laminicollis Miyatake, 1982"
"ギフツヤツチゾウムシ","Asphalmus izawai Morimoto, 2015"
"アシゲクチブトゾウムシ","Cyrtozemia pilipes Morimoto, 2015"
"ノムラクビブトメダカハネカクシ","Stenus nomurai Naomi, 1988"
"オキナワオオハナコメツキ","Platynychus (Platynychus) loochooensis (Kishii, 1979)"
"イリオモテクチボソコメツキ","Glyphonyx (Glyphonyx) iriomotensis Miwa, 1934"
"マルムネデオキスイ","Carpophilus (Carpophilus) subcalvus Kirejtshuk, 1984"
"マメゴモクムシ","Stenolophus (Astenolophus) fulvicornis Bates, 1873"
"オガサワラモリヒラタゴミムシ","Metacolpodes laetus (Erichson, 1834)"
"ヒロムネナガゴミムシ","Pterostichus (Argutor) dulcis (Bates, 1883)"
"ナルミナガチビゴミムシ","Trechiama (Trechiama) cantantimaris S. Uéno, 2002"
"ヤマトタマムシ　対馬亜種","Chrysochroa fulgidissima coeruleocephala Motschulsky, 1861"
"フタモンヒメナガクチキ","Microtonus dimidiatus (Marseul, 1876)"
"コナガクロコメツキ","Ampedus (Ampedus) nanus Silfverberg, 1977"
"ジユウヒメハネカクシ","Atheta (Paradota) liberta Sawada, 1989"
"トケジナガドロムシ","Augyles (Augyles) tokeji (Nomura, 1958)"
"ヒメマルクビメダカハネカクシ","Stenus plagiocephalus Benick, 1940"
"トゲヒラタハナムグリ","Dasyvalgus tuberculatus (Lewis, 1887)"
"チャバネヒメハネカクシ","Atheta (Atheta) brunneipennis (Thomson, 1852)"
"ムネアカチビケシキスイ","Meligethes (Odonthogethes) flavicollis Reitter, 1873"
"ウラジロカシノキクイムシ","Cyclorhipidion pelliculosum (Eichhoff, 1878)"
"キボシツツハムシ　宮古島亜種","Cryptocephalus (Cryptocephalus) perelegans miyakoensis Kimotio, 1974"
"キンケノミゾウムシ","Orchestes (Alyctus) jozanus Kono, 1930"
"プーツヒメハネカクシ","Atheta (Microdota) puthzi Sawada, 1974"
"クシヒゲジョウカイ","Laemoglyptus pectinatus (Lewis, 1895)"
"アシブトケシキスイ","Physoronia (Lordyrodes) latipes (Reitter, 1884)"
"マルモリオオズゴナガゴミムシ","Pterostichus (Smilodonialoe) monolineatus Sasakawa, Mitsuduka & Itô, 2020"
"カイモチキクイムシ","Polygraphus kaimochii (Nobuchi, 1981)"
"サビイロモンキハネカクシ","Protocypus dorsalis (Sharp, 1889)"
"フタフシエンマアリヅカムシ","Trissemus (Trissemus) mundus (Sharp, 1874)"
"ウスオビコミズギワゴミムシ","Tachys (Paratachys) sericans Bates, 1873"
"サシゲチビタマムシ","Trachys robustus E. Saunders, 1873"
"オオシロオビゾウムシ","Cryptoderma fortunei (Waterhouse, 1853)"
"オキナワチビマメコメツキ","Quasimus (Quasimus) okinawensis Ôhira, 1998"
"ミヤマシギゾウムシ","Curculio (Curculio) koreanus (Heller, 1927)"
"モリヒメハネカクシ","Atheta (Microdota) silvatica Bernhauer, 1907"
"オオマルコミズギワゴミムシ","Elaphropus haliploides Bates, 1892"
"オオアカフナガタハナノミ","Anaspis (Anaspis) infuscata Motschulsky, 1860"
"サンボウグラナガチビゴミムシ","Trechiama (Trechiama) tripraecipitis S. Uéno, 2002"
"バンナダケスジツヤチビハネカクシ","Edaphus bannadakemontis Puthz, 2010"
"ハトマヒメテントウ","Scymnus (Pullus) hatomensis H. Kamiya, 1965"
"ミカンカメノコハムシ","Cassida obtusata Boheman, 1854"
"ヤクオオオバボタル","Lucidina yakushimensis Kawashima, 2021"
"チュウゼンジツノアリヅカムシ","Basitrodes vestitus (Sharp, 1883)"
"ヨツボシナガツツハムシ","Clytra (Clytra) arida Weise, 1889"
"ツヤカタモンチビコメツキ","Zorochros (Zorochros) suzukii Ôhira, 1995"
"キソオチバメダカハネカクシ","Stenus masaakii Naomi & Nomura, 2015"
"セアカアシナガトビハムシ","Longitarsus (Longitarsus) dorsopictus S. -H. Chen, 1939"
"フォーベルゴミハネカクシ","Oxypoda (Mycetodrepa) renominata Bernhauer & Scheerpeltz, 1926"
"アソミジンムシダマシ","Aphanocephalus asoanus John, 1965"
"ヨツボシハムシ","Paridea (Paridea) oculata Laboissière, 1930"
"シイノキクイムシ","Xyleborus emarginatus Eichhoff, 1878"
"カントウホソチビマルハナノミ","Nyholmia vulgaris (Yoshitomi, 2005)"
"ニセクロエンマムシ","Hister unicolor leonhardi Bickhardt, 1910"
"オガサワラチビカツオブシムシ","Orphinus (Orphinus) fulvipes (Guerin-Meneville, 1838)"
"トカラコミズギワゴミムシ","Tachys (Paratachys) troglophilus S. Uéno, 1953"
"ツヤチビヒラタケシキスイ","Epuraea (Haptoncus) concolor (Murray, 1864)"
"カタベニデオキスイ","Urophorus (Anophorus) humeralis (Fabricius, 1798)"
"カタアカジョウカイモドキ","Omineus humeralis Lewis, 1895"
"アカチビヒラタエンマムシ","Paromalus (Paromalus) omineus Lewis, 1892"
"チビマルクビハネカクシ","Coproporus minimus (Motschulsky, 1858)"
"ムギヒサゴトビハムシ","Chaetocnema (Chaetocnema) cylindrica (Baly, 1874)"
"ヒラシマシギゾウムシ","Indocurculio hirashimai (Morimoto, 1981)"
"ナガヒメマキムシ","Dienerella (Dienerella) lurida Rücker, 1983"
"コブナシクチブトサルゾウムシ","Rhinoncus nigrotibialis Wagner, 1939"
"アマミヒメヒゲナガカミキリ","Monochamus (Monochamus) masaoi Kusama & Takakuwa, 1984"
"ミナマタハネナシナガクチキ","Nipponomarolia oharai Nakane, 1989"
"ワタラセサビイロモンキハネカクシ","Protocypus watarasensis (Naomi, 2004)"
"ホソヒサゴホソカタムシ","Glyphocryptus toyoshimai Aoki & Okada, 2011"
"ヒメキノコゴミムシ","Coptodera (Coptoderina) osakana (Nakane, Ohkura & S. Uéno, 1955)"
"ヒゲホソチビキカワムシ","Lissodema tomaroides Lewis, 1895"
"モウセンハナカミキリ　沖縄亜種","Ephies japonicus okinawanus Hayashi, 1968"
"セミスジニセリンゴカミキリ","Eumecocera trivittata (Breuning, 1947)"
"タカネヘリハネムシ","Ischalia (Ischalia) takane M. Saitô, 1994"
"ナガスジヒゲコメツキダマシ","Proxylobius longicornis Hisamatsu, 1958"
"ミドリヒラタカミキリ","Callidium (Callidostola) aeneum aeneum (DeGeer, 1775)"
"マルムネヒメハネカクシ","Schistoglossa yosiiana Sawada, 1970"
"オオムナビロコケムシ","Cephennodes (Cephennodes) pullatus (Kurbatov, 1995)"
"ツヤケシチビヒラタムシ","Nipponophloeus boninensis Nakane, 1991"
"イマダテメクラチビゴミムシ　基亜種","Trechiama (Trechiama) imadatei imadatei (S. Uéno & Shibanai, 1954)"
"キベリアオゴミムシ","Chlaenius (Chlaeniellus) lineellus Motsculsky, 1859"
"アイヌツヤヒメコメツキダマシ","Xylophilus ainu (Fleutiaux, 1923)"
"ツヤマルクビメダカハネカクシ","Stenus velox Sharp, 1889"
"オオクロキノコゴミムシダマシ","Ceropria umbrata (Marseul, 1876)"
"ヒメクロオサムシ　基亜種","Carabus (Asthenocarabus) opaculus opaculus Putzeys, 1875"
"ホソクロヒメコメツキ","Dalopius peninsularis Kishii, 2006"
"カカラジマツヤツチゾウムシ","Asphalmus kakarajimaensis Morimoto, 2015"
"モリアオホソゴミムシ","Dendrocellus confusus (Hansen, 1967)"
"オキナワクシヒゲボタル　基亜種","Cyphonocerus okinawanus okinawanus Nakane, 1983"
"ナラオニヒメハネカクシ","Nepalota laticavata Assing, 2003"
"オンタケナガチビゴミムシ","Trechiama (Trechiama) lewisi (Jeannel, 1924)"
"イタヤハムシ","Pyrrhalta fuscipennis (Jacoby, 1885)"
"チョウセンゴモクムシ","Harpalus (Harpalus) crates Bates, 1883"
"トウカイヒメハナカミキリ","Pseudopidonia tsuyukii (Kuboki, 1994)"
"ホソガタコキノコムシ","Mycetophagus (Mycetoxides) elongatus (Reitter, 1889)"
"タイワンオオテントウダマシ","Eumorphus quadriguttatus pulchripes Gerstaecker, 1857"
"シベリアクロヒメジョウカイ","Rhagonycha (Rhagonycha) sibirica Wittmer, 1971"
"ニイサトヒゲナガジョウカイ","Cephalomalthinus niisatoi (Takahashi, 2017)"
"メダカチビドロムシ","Acontosceles yorioi M. Satô, 1966"
"アカガネネクイハムシ","Donacia (Donaciomima) hirtihumeralis Y. Komiya & Kubota, 1987"
"アオオサムシ　信濃亜種","Carabus (Ohomopterus) insulicola shinano Ishikawa & Ujiie, 2000"
"ナトビハムシ","Psylliodes (Psylliodes) punctifrons Baly, 1874"
"チャイロチビヒラタカミキリ　北海道亜種","Phymatodes (Phymatodellus) infasciatus vandykei Gressitt, 1935"
"ヒダカマルガタゴミムシ","Amara (Shunichis) hidakana (Habu, 1972)"
"ハラクボゴミハネカクシ","Calodera desdemona Sharp, 1888"
"ツルギツヤチビシデムシ","Apterocatops tsurugisanus Miyama, 1985"
"アリミネオチバメダカハネカクシ","Stenus inaestimatus Puthz, 1993"
"アダチヒメコバネナガハネカクシ","Lathrobium (Lathrobium) adachii Y. Watanabe, 2010"
"ヒラマツカネコメツキ","Gambrinus hiramatsui Ôhira, 1976"
"クロチビヒラタドロムシ","Psephenoides subopacus (Pic, 1954)"
"ムネハラアカクロテントウ","Rhyzobius lophanthae (Blaisdell, 1892)"
"ゴマダンツチゾウムシ","Trachyphilus gomadanus Morimoto, 2015"
"ノブオオオアオコメツキ","Campsosternus nobuoi Ôhira, 1966"
"ホソヤマゾウムシ","Dyslobus variegatus (Motschulsky, 1845)"
"トカラアカアシコハナコメツキ　基亜種","Paracardiophorus tokara tokara Nakane & Kishii, 1955"
"ヤツボシハナカミキリ　本州以南亜種","Leptura annularis modicenotata (Pic, 1901)"
"ポリアヒメツツキノコムシ","Aliocis poriae (Nakane & Nobuchi, 1955)"
"ムラサキエンマコガネ　宮古島亜種","Parascatonomus (Necramator) murasakianus miyakoinsularis (Ochi, Y. Miyake & Kusui, 1999)"
"カスミゾウムシ","Lignyodes (Lignyodes) japonicus Kojima & Morimoto, 2003"
"イナイズミタマノミハムシ","Sphaeroderma inaizumii Takizawa, 2015"
"トットリナガゴミムシ","Pterostichus (Nialoe) tottoriensis Morita, 2003"
"キベリオオツヤヒラタガムシ","Agraphydrus luteilateralis (Minoshima & Fujiwara, 2009)"
"アオグロツツキクイゾウムシ","Magdalis (Magdalis) duplicata Germar, 1819"
"ミヤマクチカクシゾウムシ","Protacalles monticola Voss, 1957"
"ナオミコバネメダカハネカクシ","Stenus naomii Puthz, 2001"
"エゾアオタマムシ","Eurythyrea eoa Semenov, 1895"
"ムネモンマルハナノミ","Elodes kojimai Nakane, 1963"
"セマルホソヒラタムシ","Cryptamorpha sculptifrons Reitter, 1889"
"オオズオオキバキクイムシ","Cyclorhipidion corrugatum (Schedl, 1951)"
"トウホクツヤミズギワコメツキ","Oedostethus kohnoi Ôhira, 1991"
"ミツテンコメツキモドキ","Tetraphale collaris (Crotch, 1876)"
"アトキミズギワゴミムシ","Bembidion (Terminophanes) consummatum Bates, 1873"
"フドウノメクラチビゴミムシ　亜種","Kusumia takahasii tsudai S. Uéno, 1960"
"ヤクシマデオキノコムシ","Scaphidium taichii Kimura, 2008"
"ウエダクチボソコメツキ　基亜種","Glyphonyx (Glyphonyx) uedai uedai Kishii, 1977"
"アマミノコギリクワガタ　沖永良部島亜種","Prosopocoilus dissimilis okinoerabuanus Ichikawa & Fujita, 1985"
"ナガニセマグソコガネ","Aegialia (Aegialia) comis (Lewis, 1895)"
"シラホシカミキリ　伊豆諸島亜種","Glenea (Glenea) relicta izuinsulana Fujita, 1980"
"リュウキュウクロコガネ　基亜種","Nigrotrichia loochooana loochooana (Sawada, 1950)"
"アオバノコヒゲハムシ","Sphenoraia intermedia Jacoby, 1885"
"ハイマツハナゾウムシ","Anthonomus (Anthomorphus) phyllocola (Herbst, 1795)"
"コガネナガタマムシ","Agrilus fortunatus Lewis, 1893"
"キボシカミキリ　伊豆諸島亜種","Psacothea hilaris miyakejimana Matsushita, 1937"
"トガリバチビシデムシ","Catops japonensis Nakane, 1964"
"ゴマフカミキリ","Mesosa (Mesosa) japonica Bates, 1873"
"ナスメクラチビゴミムシ","Trechiama (Trechiama) insperatus S. Uéno, 1970"
"タカクワツマキジョウカイ　宮古亜種","Malthinus (Malthinus) takakuwai miyakoanus K. Takahashi, 2017"
"フナガタクチキムシ","Isomira (Paraisomira) oculata (Marseul, 1876)"
"オナガミズスマシ　基亜種","Orectochilus (Orectochilus) regimbarti regimbarti Sharp, 1884"
"エゾヒゲナガハナノミ","Anchycteis brunneicornis (Lewis, 1895)"
"ニョウホウホソハナカミキリ","Parastrangalis lesnei (Pic, 1901)"
"オオゴミハネカクシ","Oxypoda (Oxypoda) japonica Sharp, 1874"
"ニセナガメダカハネカクシ","Stenus laborator Sharp, 1889"
"リュウキュウクリイロシラホシカミキリ","Nanohammus oshimanus Breuning & K. Ohbayashi, 1964"
"ヒゲナガヒメルリカミキリ　奄美亜種","Praolia citrinipes takeuchii Ohmoto, 1990"
"イリオモテビロウドコガネ","Maladera (?) iriomotensis Kobayashi, 2025"
"キイアオハムシダマシ","Arthromacra narukawai Imasaka, 2005"
"ヒメシジミガムシ","Laccobius (Microlaccobius) fragilis Nakane, 1966"
"マクガタテントウ","Coccinula crotchi (Lewis, 1897)"
"バンドウマルタマキノコムシ","Agathidium (Cyphoceble) kurofuense Angelini & De Marzo, 1990"
"キムネカミキリモドキ　基亜種","Oedemera (Oedemera) testaceithrax testaceithrax Pic, 1927"
"フウボビロウドコガネ","Serica foobowana Sawada, 1937"
"マルムネトサカツツキノコムシ","Cis sasajii Kawanabe, 2001"
"ミナミチビマルクビハネカクシ","Coproporus micropennis (Nakane & Sawada, 1960)"
"ベダリアテントウ","Rodolia cardinalis (Mulsant, 1850)"
"ジュウモンジニセリンゴカミキリ","Eumecocera minamii Makihara, 1984"
"キアシキヌツヤコガシラハネカクシ","Philonthus (Philonthus) flavipes Kraatz, 1859"
"セスジトビハムシ","Lipromela minutissima (Pic, 1923)"
"アカバツヤムネハネカクシ","Quedius (Distichalius) japonicus Sharp, 1874"
"キョウトチビコブスジコガネ","Trox (Niditrox) kyotensis Ochi & Kawahara, 2000"
"アカアシヒメコメツキモドキ","Anadastus ruficeps (Crotch, 1873)"
"ダイボサツドウガネナガハネカクシ","Platydomene daibosatsuensis Y. Watanabe, 2009"
"ベニモンアシナガヒメハナムシ","Augasmus coronatus (Flach, 1889)"
"コジマクロオビヒメカミキリ","Parasalpinia kojimai Hayashi, 1962"
"コウヤコバネナガハネカクシ","Lathrobium (Lathrobium) shingon Y. Watanabe, 1992"
"ミドリマメゴモクムシ","Stenolophus (Egadroma) difficilis (Hope, 1845)"
"イシヅチマメデオキノコムシ","Baeocera sordida Löbl, 1984"
"オオツキハナムグリヨツメハネカクシ","Eusphalerum aoba Y. Watanabe, 1990"
"クリイロヒゲナガハナノミ","Pseudoepilichas niponicus (Lewis, 1895)"
"アリスアトキリゴミムシ","Lachnoderma asperum Bates, 1883"
"ニッコウヒメクチキムシ","Mycetochara (Ernocharis) tsuyukii Akita & Masumoto, 2014"
"チャイロスジツヤチビハネカクシ","Edaphus fuscipennis Puthz, 2010"
"キヒゲアリヅカムシ","Atenisodus gracilicornis Raffray, 1912"
"センノカミキリ　基亜種","Acalolepta luxuriosa luxuriosa (Bates, 1873)"
"オオルリオサムシ　積丹半島亜種","Carabus (Acoptolabrus) gehinii shimizui Imura, 1994"
"ガマズミトビハムシ","Trachytetra obscura (Jacoby, 1885)"
"ブドウハマキチョッキリ","Aspidobyctiscus (Aspidobyctiscus) lacunipennis (Jekel, 1860)"
"ホソチビジョウカイ","Malthodes (Sohayakimalthodes) furcatopygus Wittmer, 1954"
"ホングウチビクロコメツキ","Ampedus (Ampedus) honguanus Ôhira, 1962"
"ズナガミジンムシ","Clypastraea major (Paulian, 1950)"
"オニハヤシメダカハネカクシ","Stenus oni Naomi, 1988"
"ホソツヤナガゴミムシ","Abacetus leucotelus Bates, 1873"
"ウオズミメクラチビゴミムシ","Ishikawatrechus uozumii (S. Uéno, 1951)"
"リュウキュウカギアシゾウムシ","Bagous (Bagous) picturatus Egorov & Gratshev, 1990"
"コメノゴミムシダマシ","Tenebrio obscurus Fabricius, 1792"
"ムネホシシロカミキリ","Olenecamptus clarus clarus Pascoe, 1859"
"ジュウジミズギワコメツキ","Fleutiauxellus (Migiwa) cruciatus (Candèze, 1873)"
"タイリククビブトメダカハネカクシ","Stenus pudefactus Ryvkin, 1987"
"イズモメクラチビゴミムシ","Stygiotrechus izumonis S. Uéno, 2008"
"タケイキノコゴミムシダマシ","Platydema takeii Nakane, 1956"
"コヤマトヒゲブトアリヅカムシ　韓国亜種","Diartiger fossulatus dentipes Nomura & Lee, 1992"
"オオトゲバゴマフガムシ","Berosus (Enoplurus) incretus d'Orchymont, 1937"
"2): 52-64.","野村　鎮, 1968a. 日本産アシナガコガネ属の再検討. ( A revision of the genus Hoplia from Japan (Col., Scarabaeidae).) Entomological Review of Japan, 20(1"
"ツジヒゲナガコバネカミキリ","Tsujius itoi Ikeda, 2001"
"ミヤタケヒメテントウ","Scymnus (Pullus) miyatakei H. Kamiya, 1961"
"ジョウシュウマルタマキノコムシ","Agathidium (Microceble) carinatum Angelini & De Marzo, 1990"
"サムライマメゾウムシ","Bruchidius japonicus (Harold, 1878)"
"ニセクロメツブテントウ","Sticholotis punctifrons (Miyatake, 1966)"
"タキグチモモブトホソカミキリ","Cleomenes takiguchii K. Ohbayashi, 1936"
"ムツツヤミズギワコメツキ","Menoko ozakii (Ôhira, 1995)"
"ホソフタホシメダカハネカクシ","Stenus alienus Sharp, 1874"
"トビイロサビキコリ","Agrypnus setiger (Bates, 1866)"
"アワオサムシ　基亜種","Carabus (Ohomopterus) kawanoi kawanoi (Kamiyoshi & Mizoguchi, 1960)"
"ハッカアシナガトビハムシ","Longitarsus (Longitarsus) nipponensis Csiki, 1940"
"ヨナグニキマワリ","Plesiophthalmus (Plesiophthalmus) punctatus M. T. Chûjô, 1979"
"ハガタホソナガクチキ","Paradircaea dentatomaculata (Lewis, 1895)"
"シバタヒメメダカハネカクシ","Stenus yasutoshii Naomi, 1997"
"ヒラムネヒメマキムシ","Enicmus histrio Joy & Tomlin, 1910"
"イリオモテトラカミキリ","Chlorophorus aritai (K. Ohbayashi, 1964)"
"タテオビヒゲボタル　渡嘉敷島亜種","Stenocladius azumai keramensis Kawashima & F. Satou, 2004"
"ルリヒメジョウカイモドキ","Ebaeus (Ebaeus) chlorizans Kiesenwetter, 1874"
"コクロツツキクイゾウムシ","Magdalis (Odontomagdalis) jezoensis Kono, 1930"
"キイロヒラタガムシ","Enochrus (Holcophilydrus) simulans (Sharp, 1873)"
"オイケクビボソジョウカイ","Asiopodabrus (Asiopodabrus) oikensis Takahashi, 2012"
"アカガネカミキリ　本州亜種","Plectrura (Phlyctidola) metallica yoshihiroi Takakuwa, 1984"
"クロツマキジョウカイ","Malthinus (Malthinus) japonicus Ohbayashi, 1949"
"イクノメクラチビゴミムシ","Trechiama (Trechiama) ikunoensis Ashida, 2005"
"イソニセムナビロコケムシ","Cephennodes (Cephennodes) araiorum (Jałoszyński, 2003)"
"ヤサカクチキムシ","Allecula (Allecula) yasakai Akita & Masumoto, 2012"
"ヤマナシツヤヒラタゴミムシ","Synuchus (Synuchus) patroboides Lindroth, 1956"
"タダコバネナガハネカクシ","Lathrobium (Lathrobium) tadaorum Y. Watanabe, 2008"
"オゴソコメクラチビゴミムシ","Trechiama (Trechiama) inermis S. Uéno, 1980"
"ナガクロコブゾウムシ","Niphades (Scaphostethus) tubericollis Faust, 1890"
"クロヘリメツブテントウ","Sticholotis hilleri Weise, 1885"
"カツオゾウムシ","Lixus (Dilixellus) impressiventris Roelofs, 1873"
"ヒトオビアラゲカミキリ","Rhopaloscelis unifasciatus Blessig, 1873"
"カワムラヒメテントウ","Scymnus (Pullus) kawamurai (Ohta, 1929)"
"シラホシハナムグリ　基亜種","Protaetia (Liocola) brevitarsis brevitarsis (Lewis, 1879)"
"スジミズアトキリゴミムシ","Apristus grandis Andrewes, 1937"
"イシガキツツサビカミキリ","Cylindilla makiharai M. Hasegawa, 1992"
"ホソアシナガタマムシ","Agrilus ribbei Kiesenwetter, 1879"
"ヒゲブトエクボアリヅカムシ","Raphitreus speratus (Sharp, 1874)"
"ヨナグニマメゴモクムシ","Stenolophus (Egadroma) yonaguniensis Habu, 1977"
"ヒメオオクワガタ　九州亜種","Dorcus montivagus adachii (Fujita & Ichikawa, 1987)"
"アフリカホソヒラタムシ","Silvanopsis frater (Grouvelle, 1904)"
"クロオサムシ　日高亜種","Carabus (Ohomopterus) albrechti hidakanus Ishikawa & Takami, 1996"
"ガッサンオオズゴナガゴミムシ","Pterostichus (Smilodonialoe) gassanus Sasakawa, 2009"
"イズツノチビゴミムシダマシ","Pentaphyllus izuanus Nakane, 1978"
"アカミスジヒシベニボタル","Laterialis (Laterialis) oculatus (Gorham, 1883)"
"オオコバネナガハネカクシ","Lathrobium (Lathrobium) nomurai Nakane, 1955"
"キタホソガムシ","Hydrochus laferi Schatroyskiy, 1989"
"キバネカワベハネカクシ","Bledius (Hesperophilus) fragilis Sharp, 1874"
"マツノホソキクイムシ","Hylastes attenuatus Erichson, 1836"
"シマツヤアリヅカムシ","Batriscenellus (Scaioscenellus) insulicola Nomura, 1991"
"オオハナカミキリ","Konoa granulata (Bates, 1884)"
"インノシマチビアトキリゴミムシ","Pseudomesolestes innoshimae (Habu, 1974)"
"アメリカマダラカツオブシムシ","Trogoderma sternale Jayne, 1882"
"ツシマコハナコメツキ","Paracardiophorus coreanus tsushimensis Kishii, 1977"
"アメイロハヤシメダカハネカクシ","Stenus koinobori Hromádka, 1980"
"ハテルマクチボソコメツキ　基亜種","Glyphonyx (Glyphonyx) haterumarum haterumarum Ôhira, 1968"
"ミヤタケヒメタマキノコムシ","Dermatohomoeus miyatakei (Hisamatsu, 1957)"
"オオベニホソヒラタコメツキ","Corymbitodes rubripennis (Lewis, 1894)"
"リュウキュウツヤハナムグリ　基亜種","Protaetia (Pyropotosia) pryeri pryeri (Janson, 1888)"
"フジコキクイムシ","Eidophelus fujisanus (Nobuchi, 1975)"
"オオシマホシハナノミ","Hoshihananomia oshimae Nomura, 1967"
"マメヒラタケシキスイ","Epuraea (Haptoncurina) paulula Reitter, 1873"
"ミスジツブタマムシ","Paratrachys (Paratrachys) hederae hederae E. Saunders, 1873"
"ムネトゲセスジハネカクシ","Oxytelopsis shibatai T. Ito, 1987"
"ボウソウヒメメダカハネカクシ","Stenus serratimarginatus Naomi, 1997"
"ヒメオオニジゴミムシダマシ　基亜種","Euhemicera hajimei hajimei (Masumoto, 1983)"
"トホシテントウ","Diekeana admirabilis (Crotch, 1874)"
"オガサワラキボシハナノミ","Hoshihananomia trichopalpis Nomura, 1975"
"カエンツヤドロムシ","Urumaelmis flammea Nakajima & Kamite, 2020"
"オガサワラオオシロカミキリ","Olenecamptus fukutomii M. Hasegawa, 2004"
"シロモンカレキゾウムシ　沖縄亜種","Acicnemis dividicincta okinawana Morimoto & S. Miyakawa, 1995"
"チュウジョウヒメテントウ","Scymnus (Pullus) chujoi Sasaji, 1982"
"オオシマナガタマムシ","Agrilus amamioshimanus Y. Kurosawa, 1964"
"キイロメツブテントウ","Sticholotis azumai (Sasaji, 1967)"
"ツルギオオコバネナガハネカクシ","Lathrobium (Lathrobium) tsurugisanum Y. Watanabe, 1991"
"サキシマケシマグソコガネ","Psammodius kobayashii Nomura, 1973"
"エグリクチブトゾウムシ","Corymacronus naso (Sharp, 1896)"
"ヒメヌレチハネカクシ","Deinopsis minor Klimaszewski, 1979"
"ヒラアシコメツキ","Sephilus okinawensis Kishii, 1992"
"ヤエヤマベニハナボタル　基亜種","Plateros yayeyamanus yayeyamanus Chûjô & M. Satô, 1970"
"ルリクビボソハムシ","Lema (Lema) cirsicola Chûjô, 1959"
"ヒゲナガチビケシキスイ","Pria tokarensis Nakane, 1959"
"ハズマメクラチビゴミムシ","Ishikawatrechus yosiianus S. Uéno, 1999"
"ツヤズヒゲナガビロウドコガネ","Serica inexspectata (Kontkanen, 1956)"
"ムツヒメコメツキ","Dalopius mutsuensis Ôhira, 1989"
"ノムラツヤツツハネカクシ","Atopocnemius nomurai Naomi, 1986"
"クロサワツブノミハムシ","Aphthona kurosawai Ohno, 1962"
"カナハナムグリヨツメハネカクシ","Eusphalerum kana Y. Watanabe, 1993"
"ギシギシホソクチゾウムシ","Perapion (Perapion) violaceum violaceum (Kirby, 1808)"
"ナミエンマアリヅカムシ","Trissemus (Trissemus) alienus (Sharp, 1874)"
"シュモクアリヅカムシ","Parapyxidicerus carinatus K. Sawada, 1964"
"コクロマルハナノミ","Odeles inornatus (Lewis, 1895)"
"カムチャホソゾウムシ","Gasteroclisus (Gasteroclisus) auriculatus (C. R. Sahlberg, 1823)"
"ニッコウハバビロハネカクシ","Megarthrus conspirator Cuccodoro, 1996"
"ケシタマノミハムシ","Manobia aoshimense (Nakane, 1985)"
"センマイナガゴミムシ","Pterostichus (Nialoe) hiraii Morita, 2015"
"カマクラキクイムシ","Cyclorhipidion armiger (Schedl, 1953)"
"アオナガタマムシ","Agrilus planipennis Fairmaire, 1888"
"タケウチツヤヒラタゴミムシ","Synuchus (Synuchus) takeuchii (Habu, 1955)"
"キンカザンツヤツチゾウムシ","Asphalmus kinkazanensis Morimoto, 2015"
"アイヌキンオサムシ　大千軒岳亜種","Carabus (Megodontus) kolbei munakataorum (Ishikawa, 1969)"
"シロコブゾウムシ　基亜種","Episomus turritus turritus (Gyllenhal, 1833)"
"トドマツオオキクイムシ","Euwallacea validus (Eichhoff, 1876)"
"ツヤベニボタル","Calochromus rubrovestitus Nakane & Ohbayashi, 1955"
"ダビッドサルハムシ","Basilepta davidi (Lefèvre, 1877)"
"ワタナベホソコメツキダマシ","Nematodes watanabei Hisamatsu, 1963"
"クロサワオビハナノミ","Glipa (Stenoglipa) kurosawai Takakuwa, 1985"
"ムツチャバネコメツキ","Ampedus (Ampedus) mutsu Kishii, 1991"
"ギョウジャガエリクビボソジョウカイ","Asiopodabrus (Asiopodabrus) gyojagaeriensis Takahashi, 2012"
"タンザワヒメチビシデムシ","Nemadus (Nemadus) asagi Nishikawa, 1986"
"アオモリナガゴミムシ","Pterostichus (Abea) yamauchii Morita, 1992"
"クロバネツツガタナガハネカクシ","Hypnogyra tenebrosa A. Bordoni, 1997"
"シロモンイネゾウモドキ","Dorytomus (Eudorytomus) leucophyllus (Motschulsky, 1845)"
"リュウキュウクロコガネ　沖縄亜種","Nigrotrichia loochooana okinawana (Nomura, 1964)"
"アマミホソヒゲナガキマワリ","Ainu (Ainu) masumotoi Nakane, 1968"
"オオタケチャイロコガネ","Sericania ohtakei Sawada, 1955"
"ヒメコメノゴミムシダマシ","Tenebrio alternicostis Marseul, 1876"
"ババヒラタゴミムシ","Agonum (Agonum) mandli Jedlička, 1933"
"シュルケヒメクビボソハネカクシ","Scopaeus (Scopaeus) schuelkei Frisch, 2003"
"ウスオビチビヒゲナガゾウムシ","Stenorhis hirashimai Morimoto, 1978"
"ニッポンムネヒダミヤマカミキリ","Nadezhdiella japonica Hayashi, 1972"
"キイチゴトビハムシ","Chaetocnema (Tlanoma) puncticollis puncticollis (Motschulsky, 1858)"
"ウンゼンマルズハネカクシ","Domene (Macromene) unzenensis Ito, 2021"
"ヒメマルクビハネカクシ","Tachinus (Tachinoderus) yamato (Hayashi, 2003)"
"チョウカイクロマメゲンゴロウ","Platambus ikedai (Nilsson, 1997)"
"ムネミゾヒラタミツギリゾウムシ","Cerobates (Cerobates) canaliculatus Motschulsky, 1858"
"チンメルマンセスジゲンゴロウ","Copelatus zimmermanni Gschwendtner, 1934"
"ウレシヒメハネカクシ","Acrotona grata (Cameron, 1933)"
"モトナリヒメコバネナガハネカクシ","Lathrobium (Lathrobium) motonari Senda, 2023"
"クライヤマオオズナガゴミムシ","Pterostichus (Smilodonialoe) kuraiyamanus Morita & Ohkawa, 2010"
"ヤンバルアトモンチビカミキリ　八重山亜種","Sybra (Sybra) maculiclunis hanatanii Fujita, 2023"
"シロスジヒラセクモゾウムシ","Metialma nigromaculata Hirano, Yoshitake & Fujisawa, 2020"
"ヘリアカナガクチキ","Melandrya (Emmesa) ordinaria Lewis, 1895"
"エゾシロモンヒゲナガゾウムシ","Gonotropis insignis Morimoto, 1980"
"ニッコウナガゴミムシ","Pterostichus (Japeris) defossus Bates, 1883"
"ハナノハナノミ","Mordellaria hananoi (Nakane & Nomura, 1950)"
"ジンガサハムシ","Aspidimorpha (Aspidimorpha) indica Boheman, 1854"
"ムラサキツヤハナムグリ","Protaetia (Liocola) cataphracta Arrow, 1913"
"ムラサキエンマコガネ　基亜種","Parascatonomus (Necramator) murasakianus murasakianus (Nomura, 1976)"
"ケブカヒメヒラタホソカタムシ","Synchita hirsuta Aoki, 2008"
"マツシタヒメハナカミキリ　中部地方北域亜種","Pseudopidonia matsushitai pallidicolor (Hayashi, 1983)"
"ムナビロツヤミズギワゴミムシ","Bembidion (Eurytrachelus) pogonoides Bates, 1883"
"アメイロホソゴミムシダマシ","Corticeus (Tylophloeus) gentilis Lewis, 1894"
"キバネマルノミハムシ","Hemipyxis flavipennis (Baly, 1874)"
"ダルママルマグソコガネ","Mozartius testaceus Nomura & Nakane, 1951"
"ミクラヤマトヒゲブトアリヅカムシ","Diartiger toshioi Nomura & Komatsu, 2012"
"ヒゴシマビロウドコガネ","Gastroserica higonia (Lewis, 1895)"
"イワナドメクビボソジョウカイ","Asiopodabrus (Asiopodabrus) iwanadomensis (Takahashi & Kiriyama, 2000)"
"キタヒメクビボソハネカクシ","Scopaeus (Scopaeus) naomii Frisch, 2003"
"ヒラノモリアリヅカムシ","Tychus yukihikoi Nomura, 1996"
"タカネアリノスハネカクシ","Lomechusoides amurensis (Wasmann, 1897)"
"ホンドトビイロクチキムシ","Borboresthes cruralis (Marseul, 1876)"
"クロキカワムシ","Pytho jezoensis Kôno, 1936"
"コハナコメツキ　基亜種","Paracardiophorus pullatus pullatus (Candèze, 1873)"
"ヒゲブトナガハネカクシ","Elytrobium monilicorne (Sharp, 1889)"
"トガリバアカネトラカミキリ","Anaglyptus (Anaglyptus) niponensis Bates, 1884"
"ナカネホシハナノミ","Hoshihananomia nakanei nakanei Takakuwa, 1986"
"ムナミゾハナカミキリ","Munamizoa maculata (Matsushita & Tamanuki, 1935)"
"エゾクロクシコメツキ","Melanotus (Melanotus) ocellatopunctatus Lewis, 1894"
"キュウシュウナガゴミムシ","Pterostichus (Sphodroferonia) kyushuensis Habu, 1955"
"クロアシヒゲナガヒラタミツギリゾウムシ","Cerobates (Ionthocerus) nigripes (Lewis, 1883)"
"ケマンハヤシメダカハネカクシ","Stenus keman Naomi, 1990"
"ツメボソクビナガムシ","Stenocephaloon metallicum Pic, 1832"
"ヒゲナガアリヅカムシ上族","Supertribe PSELAPHITAE Latreille, 1802"
"ムナボソコメツキ","Ectinus exulatus (Candèze, 1873)"
"ツシママメコメツキ","Yukoana shirozuana Kishii, 1961"
"ヤマトビロウドコガネ","Serica nipponica (Nomura, 1959)"
"ハチジョウビロウドカミキリ","Acalolepta hachijoensis (Gressitt, 1956)"
"フトヒゲゴミハネカクシ","Amarochara flavicornis Bernhauer, 1907"
"シロヒゲナガゾウムシ　琉球亜種","Platystomos sellatus asteromaculatus (Oda, 1978)"
"ニセアオキツツムネウミハネカクシ","Diaulota decipiens Tasaku, Ono & Maruyama, 2023"
"コニセツツマグソコガネ","Ataenius gracilis (Melsheimer, 1844)"
"リュウガシメクラチビゴミムシ","Kurasawatrechus ryugashiensis S. Uéno, 1988"
"オオツヤケシコメツキ","Megapenthes ootsuboi Arimoto, 2012"
"クロツヤミズギワヨツメハネカクシ","Geodromicus (Geodromicus) sinuatus (Sharp, 1889)"
"コガタカクムネベニボタル　四国・九州亜種","Lyponia (Poniella) nigroscutellaris subpectinata Nakane, 1969"
"ケンザンミヤママルガタゴミムシ　基亜種","Amara (Armatoleirides) kenzanensis kenzanensis (Ishida & Shibata, 1961)"
"リュウキュウカワツブゴミムシ","Amphimenes ryukyuensis Habu, 1964"
"ムネマルヒョウタンゾウムシ","Leptomias (Leptomias) schoenherri (Faust, 1882)"
"アマミヒサゴアリヅカムシ","Arthromelodes punctifrons Nomura, 1991"
"オキアオハムシダマシ","Arthromacra okiana Imasaka, 2005"
"ヤドカリチョッキリ","Paradeporaus depressus (Faust, 1882)"
"ルリキオビジョウカイモドキ","Intybia takaraensis (Nakane, 1955)"
"オオダイセマダラコガネ","Exomala (Exomala) ohdaiensis (Sawada, 1941)"
"ヤマトヒメクモゾウムシ","Telephae japonica (Morimoto, 1960)"
"ヤスカワハナムグリヨツメハネカクシ","Eusphalerum yasukawai Y. Watanabe, 1990"
"ツヤエンマコガネ","Parascatonomus (Necramator) nitidus (Waterhouse, 1875)"
"キアシホソメダカハネカクシ","Stenus rugipennis Sharp, 1874"
"クロツヤハマベゾウムシ","Thalasselephas major Egorov & Korotyaev, 1977"
"コモンツツキノコムシ","Cis maculatus Chûjô, 1939"
"オサシデムシ","Ipelates striatipennis (Lewis, 1893)"
"ニセゴマダラモモブトカミキリ","Leiopus masaoi Tamura & Tamura, 1992"
"ミヤマハナムグリヨツメハネカクシ","Eusphalerum floricola Y. Watanabe, 2012"
"ブンゴシモフリコメツキ","Actenicerus (Acnitecerus) bungo Kishii, 2004"
"エゾヒゲナガアリヅカムシ","Pselaphus horii Nomura, 2023"
"アバタシリホソハネカクシ","Lacvietina takashii (Hayashi, 2003)"
"トネガワナガゴミムシ","Pterostichus (Badistrinus) gosci Jedlička, 1930"
"ヒメイカリゾウムシ","Euthycus inaequalicollis Morimoto, 1982"
"クロヘリヒラタケシキスイ","Epuraea (Epuraea) adumbrata Mannerheim, 1852"
"ヤクシマナガアシドロムシ","Grouvellinus yaku Hayashi, Kamite & Ogawa, 2024"
"カックミチビゴミムシ","Epaphiopsis (Epaphiama) gracilenta S. Uéno, 1995"
"ニセマルハナノミ","Declinia versicolor M. Sakai & Satô, 1996"
"クロコブセスジダルマガムシ","Ochthebius (Ochthebius) granulosus M. Satô, 1963"
"チチジマツチヒメカタゾウムシ　基亜種","Ogasawarazo (Ogasawarazodes) kishimotoi kishimotoi Morimoto, 2015"
"ホソビロウドコガネ","Maladera (Maladera) holosericea (Scopoli, 1772)"
"クロメツブテントウ","Sticholotis impunctata (Miyatake, 1966)"
"サトウカラヒメドロムシ","Sinonychus satoi Yoshitomi & Nakajima, 2007"
"ツヤアオゴモクムシ","Harpalus (Harpalus) chalcentus Bates, 1873"
"ワタナベクシコメツキ","Melanotus (Melanotus) watanabei Ôhira, 2002"
"ミヤマタテスジコメツキ","Ampedus (Ampedus) gracilipes (Lewis, 1894)"
"カタボシクビナガハムシ","Crioceris orientalis orientalis Jacoby, 1885"
"ナミアカヒメハナノミ","Falsomordellina luteoloides (Nomura, 1961)"
"オオツヤマグソコガネ","Aphodius (Acrossus) rufipes (Linnaeus, 1758)"
"クロオオキバハネカクシ","Oxyporus niger Sharp, 1889"
"ハンゴンソウアシナガトビハムシ","Longitarsus (Longitarsus) suturellus (Duftschmid, 1825)"
"ウミホソチビゴミムシ","Perileptus (Perileptus) morimotoi S. Uéno, 1955"
"ハネアカカミキリモドキ","Indasclera brunneipennis (Lewis, 1895)"
"アオノコバネナガハネカクシ","Lathrobium (Lathrobium) aonoi Y. Watanabe, 2011"
"パッリドゥスキカワアリヅカムシ","Bibloporus (Bibloporus) pallidus Raffray, 1912"
"ミツトウゲメクラチビゴミムシ","Trechiama (Trechiama) masaakii S. Uéno & Sone, 1994"
"ノコバキスイ","Micrambe (Micrambe) micramboides (Reitter, 1874)"
"コクロハナボタル","Libnetis granicollis (Kiesenwetter, 1879)"
"シワムネマルドロムシ","Georissus (Neogeorissus) kurosawai Nakane, 1963"
"フクエメクラチビゴミムシ　基亜種","Gotoblemus (Kamigotoblemus) fukueicus fukueicus Naitô, 2020"
"クロシオクロバネアリガタハネカクシ","Oedichirus (Oedichirus) kuroshio Hayashi, 1989"
"ヤコンオサムシ　基亜種","Carabus (Ohomopterus) yaconinus yaconinus Bates, 1873"
"クロヘリアトキリゴミムシ","Parena (Parena) nigrolineata (Chaudoir, 1852)"
"アラメハマベエンマムシ","Hypocaccus (Hypocaccus) axeli Kryzhanovskij, 1976"
"フタモンミズギワゴミムシ","Bembidion (Asioperyphus) semilunium semilunium Netolitzky, 1914"
"カバイロヒメテントウ","Scymnus (Neopullus) fuscatus Boheman, 1859"
"ワタラセハンミョウモドキ","Elaphrus (Neoelaphrus) sugai Nakane, 1987"
"アシマガリニセクビボソムシ","Pseudolotelus distortus (Champion, 1890)"
"ヤエヤマオオチャイロクチキムシ","Bolbostetha kimioi Akita, 2011"
"ツマグロヒラタコメツキ","Anostirus castaneus japonicus Kishii & Ôhira, 1956"
"ヒメシギゾウムシ","Curculio (Curculio) hime (Kono, 1930)"
"トクノシマケシカミキリ","Exocentrus marui Makihara, 1986"
"アマミクロスジツマキジョウカイ","Malthinus (Malthinus) serrulatus N. Takahashi, 2010"
"ヘリグロヒメカワベハネカクシ","Platystethus (Craetopycrus) cornutus (Gravenhorst, 1802)"
"ヤマサキメクラチビゴミムシ","Trechiama (Trechiama) saitoi Ashida, 2005"
"イソチビゴミムシ　伊豆諸島亜種","Thalassoduvalius masidai pacificus S. Uéno, 1978"
"オキナワオオチビドロムシ","Caccothryptus orion Yoshitomi, 2015"
"チャイロホソヒラタゴミムシ　基亜種","Atranodes kyushuense kyushuense (Habu, 1954)"
"オキナワアシナガメクラチビゴミムシ","Ryukyuaphaenops pulcherrimus Sugaya, Kakizoe, Ooki, Tamura & Sone, 2023"
"オオクロツヤミズギワコメツキ","Menoko nitida (Fleutiaux, 1902)"
"ウエキメクラチビゴミムシ","Yamautidius (Yamautidius) compositus S. Uéno, 1982"
"ムネビロイネゾウモドキ","Dorytomus (Dorytomus) notaroides Kono, 1930"
"イキヤツチゾウムシ","Asphalmus ikiensis Morimoto, 2015"
"オオコバンゾウムシ","Cleopomiarus kobanzo (Kono, 1930)"
"ナルクミメクラチビゴミムシ","Yamautidius (Yamautidius) securiger S. Uéno, 1982"
"イツホシマメゴモクムシ","Stenolophus (Egadroma) quinquepustulatus (Wiedemann, 1823)"
"オガサワラキイロトラカミキリ　基亜種","Chlorophorus kobayashii kobayashii Komiya, 1976"
"ハチジョウノコギリクワガタ","Prosopocoilus hachijoensis Nomura, 1960"
"ノムラクロヒメハナノミ","Mordellistena nomurai Tokeji, 1953"
"ホソセスジゲンゴロウ","Copelatus weymarni Balfour-Browne, 1947"
"レンゲクロナガゴミムシ","Pterostichus (Eosteropus) rengensis Morita, 2010"
"リュウキュウツヤハナムグリ　悪石島亜種","Protaetia (Pyropotosia) pryeri akusekiana Nomura, 1964"
"テンニンノメクラチビゴミムシ","Kusumia yoshiiana S. Uéno, 1960"
"ミカドスジツヤチビハネカクシ","Edaphus mikado Puthz, 2014"
"ヤツガタケキクイムシ","Polygraphus fulvipennis Niijima, 1941"
"ヒメアオタマノミハムシ","Sphaeroderma separatum Baly, 1874"
"アオムネアカコメツキ　基亜種","Ampedus (Ampedus) azurescens azurescens (Candèze, 1865)"
"チャバネコガシラハネカクシ","Philonthus (Philonthus) gastralis Sharp, 1874"
"コマダラハスジゾウムシ","Adosomus (Pseudoadosomus) melogrammus (Motschulsky, 1854)"
"カタビロメダカハネカクシ","Stenus piliferus Motschulsky, 1858"
"アオオサムシ　東北地方亜種","Carabus (Ohomopterus) insulicola kita Ishikawa & Ujiie, 2000"
"タイチコバネナガハネカクシ","Lathrobium (Lathrobium) taichii Y. Watanabe, 2008"
"マツナガジョウカイ","Lycocerus matsunagai (Imasaka & Okushima, 2000)"
"クロルリトゲハムシ","Rhadinosa nigrocyanea (Motschulsky, 1860)"
"ラッツェブルグキクイムシ","Scolytus ratzeburgii E. W. Janson, 1856"
"クラモトゴミハネカクシ","Oxypoda (Podoxya) kuramotoi Sawada, 1971"
"ニセグミトビハムシ","Parazipangia okiana Ohno, 1965"
"ハクサンヌレチゴミムシ","Apatrobus hasemiya Morita, 1990"
"シコクツヤゴモクムシ","Trichotichnus (Trichotichnus) shikokuensis Kasahara & Y. Itô, 1995"
"ミゾムネアカコメツキ　北海道亜種","Ampedus (Parelater) canalicollis shidoui Ôhira, 1993"
"ムナコブハナカミキリ","Xenophyrama purpureum Bates, 1884"
"ハセガワジョウカイ","Lycocerus hasegawai (Kinoda & Nakane, 1993)"
"クロタマムシ　琉球亜種","Buprestis (Ancylocheira) haemorrhoidalis arakii Y. Kurosawa, 1942"
"オオオサムシ　御所浦島亜種","Carabus (Ohomopterus) dehaanii ishidai Imura & Mizusawa, 1995"
"ツヤヒラタアリヤドリ","Homoeusa laevigata Sharp, 1888"
"オオトックリナガゴミムシ","Pterostichus (Badistrinus) laticollis (Motschulsky, 1844)"
"アトスジヒメハムシ","Charaea costatum (Kimoto, 1996)"
"コニシニセヒラタコメツキ　北海道亜種","Eanus (Pareanus) costalis konishii Ôhira, 1962"
"エグレバネシギゾウムシ","Carponinus castaneus Notsu, 2013"
"ヒラシマミズクサハムシ","Plateumaris weisei (Duvivier, 1885)"
"ジュウジチビシギゾウムシ","Balanobius (Balanobius) pictus (Roelofs, 1875)"
"タネノキクイムシ","Coccotrypes dactyliperda (Fabricius, 1801)"
"オチメクラチビゴミムシ","Ishikawatrechus ochii S. Uéno, 1996"
"クロモンヒゲナガヒメルリカミキリ","Praolia yakushimana Hayashi, 1976"
"アシブトケシデオキノコムシ","Scaphisoma crassipes Achard, 1923"
"シバタホソヒラタゴミムシ","Trephionus shibataianus Habu, 1978"
"エゾマツシバンムシ","Hadrobregmus pertinax (Linnaeus, 1758)"
"アマミヒメクロコガネ　基亜種","Sophrops kawadai kawadai (Nomura, 1959)"
"ヤコンオサムシ　四国和歌山亜種","Carabus (Ohomopterus) yaconinus yamaokai Ishikawa, 1994"
"セスジマルドロムシ","Georissus (Nipponogeorissus) granulosus M. Satô, 1972"
"キバネヒメユミセミゾハネカクシ","Carpelimus (Boopinus) siamensis (Fauvel, 1886)"
"Plagiosterna adamsi","Plagiosterna adamsi (Baly, 1884)"
"ズグロヒメハナノミ","Falsomordellina nigriceps (Nomura, 1975)"
"イヤナガゴミムシ","Pterostichus (Sphodroferonia) noboruitoi Shiiba, 2023"
"オオツヤハダコメツキ","Stenagostus umbratilis (Lewis, 1894)"
"ナガヒラタホソカタムシ","Synchita angustissima (Nakane, 1963)"
"タテジマカネコメツキ","Gambrinus imitans (Lewis, 1894)"
"ホソホナシゴミムシ","Perigona (Perigona) sinuata Bates, 1883"
"アオグロツヤハムシ","Oomorphoides nigrocaeruleus (Baly, 1873)"
"チビヒゲマルクビハネカクシ","Tachinus (Tachinus) bipustulatus (Fabricius, 1793)"
"ガロアクシヒゲタマキノコムシ","Anisotoma galloisi Portevin, 1908"
"マイマイカブリ　関東・中部亜種","Carabus (Damaster) blaptoides oxuroides (Schaum, 1862)"
"シイバミズギワヨツメハネカクシ","Geodromicus (Geodromicus) takashii Y. Watanabe, 2016"
"ヒメチャイロジョウカイ","Cantharis (Cantharis) figurata Mannerheim, 1843"
"コクロチビシデムシ","Catops miensis miensis Nakane, 1956"
"ハットリキノコシバンムシ","Dorcatoma hattorii Kono, 1938"
"クメオチバアナアキゾウムシ","Leptanchonus kumei Morimoto, 2009"
"マンボウメクラチビゴミムシ","Trechiama (Trechiama) tenuiformis S. Uéno, 1980"
"タカオチビゴミムシ","Paragonotrechus paradoxus S. Uéno, 1981"
"クロチビマルクビゴミムシ","Nippononebria (Nippononebria) kyushuensis Habu, 1958"
"ツクバハヤシメダカハネカクシ","Stenus tsukubamontis Naomi, Nomura & Kamezawa, 2015"
"ヒゲナガヒメルリカミキリ　基亜種","Praolia citrinipes citrinipes Bates, 1884"
"ヒラタクワガタ　八重山諸島亜種","Dorcus titanus sakishimanus (Nomura, 1964)"
"クロヒゲアラハダトビハムシ","Trachytetra nigricornis (Kimoto & Gressitt, 1966)"
"イワワキオサムシ　基亜種","Carabus (Ohomopterus) iwawakianus iwawakianus (Nakane, 1953)"
"ハセガワダルマガムシ","Ochthebius (Ochthebius) hasegawai Nakane & Matsui, 1986"
"ニセクロツヤヒメカワベハネカクシ","Platystethus (?) laesicollis Lokay, 1919"
"ミヤカワハナゾウムシ","Anthonomus (Anthonomus) miyakawaii Kojima & Morimoto, 1994"
"コセスジダルマガムシ","Ochthebius (Ochthebius) satoi Nakane, 1965"
"ヒライトビイロクチキムシ","Borboresthes hiraii Akita & Masumoto, 2008"
"ヒメクロオオクチキムシ","Upinella (Upinella) nipponica (Miyatake, 1985)"
"アカマルミジンムシ","Gloeosoma japonicum (Matthews, 1899)"
"ハネグロツブゴミムシ","Pentagonica nigripennis Bates, 1873"
"タマアシトビハムシ","Philopona vibex (Erichson, 1834)"
"アトグロヒメハナノミ","Pseudomordellina fuscoapicalis Nomura, 1961"
"ナナシヒメコケムシ","Euconnus (Euconnus) nanashi Hoshina, 2019"
"キムネカミキリモドキ　沖縄亜種","Oedemera (Oedemera) testaceithrax okinawana Kono, 1937"
"ウスヒメハネカクシ","Atheta (Philhygra) sparsa Bernhauer, 1907"
"キアシツヤヒラタゴミムシ　基亜種","Synuchus (Synuchus) callitheres callitheres (Bates, 1873)"
"エゾツツナガハネカクシ","Lobrathium (Lobrathium) hokkaidense Ito, 1996"
"イシガキゴマフカミキリ　石垣島亜種","Mesosa (Mesosa) yonaguni subkonoi Breuning, 1964"
"ヤマトオサムシ　熊野亜種","Carabus (Ohomopterus) yamato kitai (Imura, 2004)"
"クメカンシャクシコメツキ","Melanotus (Melanotus) kumensis Ôhira, 1999"
"コゲチャムクゲキノコムシ","Acrotrichis (Acrotrichis) pumila (Erichson, 1845)"
"ナカネナガゴミムシ","Pterostichus (Nialoe) nakanei Straneo, 1955"
"マルマメデオキノコムシ","Baeocera abnormalis Nakane, 1963"
"ルリコガシラハネカクシ","Philonthus (Philonthus) caeruleipennis Mannerheim, 1830"
"サドカクムネヨツメハネカクシ","Archaeoboreaphilus sadoensis Y. Watanabe & Yoshida, 2013"
"ニジモンサビカミキリ","Pterolophia (Hylobrotus) formosana Schwarzer, 1925"
"スバルハヤシメダカハネカクシ","Stenus fujiensis Puthz, 2001"
"クヌギシギゾウムシ","Curculio (Curculio) robustus (Roelofs, 1874)"
"オイサミハヤシメダカハネカクシ","Stenus oisami Naomi & Puthz, 1994"
"ズマルハネカクシ","Amichrotus apicipennis Sharp, 1889"
"エゾセスジダルマガムシ","Ochthebius (Asiobates) hokkaidensis Jäch, 1998"
"イシイツチアリヅカムシ","Mayetia (Promayetia) ishiiana Nomura & Naomi, 1997"
"アカガネオオゴミムシ　基亜種","Myas (Trigonognatha) cuprescens cuprescens (Motschulsky, 1857)"
"マエカドコエンマコガネ","Caccobius (Caccobius) jessoensis Harold, 1867"
"フタテンツヤヒメマルクビハネカクシ","Cilea limbifera (Motschulsky, 1858)"
"オニヒメハネカクシ","Nepalota angusticavata Assing, 2003"
"ゼンチハナノミ","Mordellaria zenchii Tokeji, 1953"
"カミヤコガシラミズムシ","Haliplus (Haliplus) kamiyai Nakane, 1963"
"タカオオニニセチビシデムシ","Ptomaphaginus takaosanus Nakane, 1982"
"ウスキヒメハナノミ","Mordellina palleola Nomura, 1966"
"ツシマスソハダケハネカクシ","Thinobius (Thinobius) takashii Naomi, 2004"
"ヒラタアシベメダカハネカクシ","Stenus depressus Puthz, 1973"
"ヤエヤママルムネコケムシ","Stenichnus (Stenichnus) bellulus Jałoszyński, 2004"
"オガサワラチビキマワリモドキ","Tetragonomenes boninensis (Nakane, 1977)"
"オオビロウドコガネ","Maladera (Maladera) renardi (Ballion, 1871)"
"ヒメビロウドコガネ","Maladera (Omaladera) orientalis (Motschulsky, 1860)"
"ヨツボシヒラタシデムシ","Dendroxena sexcarinata sexcarinata Motschulsky, 1862"
"カガワヒメコバネナガハネカクシ","Lathrobium (Lathrobium) kagawaense Y. Watanabe, 2016"
"クロクチブトサルゾウムシ","Rhinoncomimus (Rhinoncomimus) niger Chûjô & Morimoto, 1959"
"4): 333-358.","Lee, C. -Y., & K. Morimoto, 1996. Larvae of the weevil family Curclionidae of Japan: Part 5. Cryptorhynchinae (Insecta: Coleoptera). Journal of the Faculty of Agriculture, Kyûshû University, 40(3"
"マルクビゴミムシ　基亜種","Nebria (Orientonebria) chinensis chinensis Bates, 1872"
"アリタムネアカコメツキ　沖縄島亜種","Ampedus (Miwaelater) aritai kuniyoshii Ôhira, 1968"
"マルズツヤケシアバタハネカクシ","Tympanophorus hayashidai Y. Shibata, 1975"
"シロモンヒゲナガゾウムシ","Gonotropis crassicornis (Sharp, 1891)"
"ウルマキマワリ","Plesiophthalmus (Plesiophthalmus) aurichalceus M. T. Chûjô, 1978"
"タイワンヤツボシハンミョウ","Cosmodela batesi (Fleutiaux, 1894)"
"キノサキメクラチビゴミムシ","Trechiama (Trechiama) akirakitayamai Ashida, 2002"
"ミツノハネカクシ","Bledius (Bledius) tricornis (Herbst, 1784)"
"マルムネチョッキリ","Chonostropheus chujoi Voss, 1956"
"コガタルリハムシ","Gastrophysa (Gastrophysa) mannerheimi (Stål, 1858)"
"タカオヒメナガクチキ","Microtonus takaosanus Nomura, 1962"
"ユカワハヤシメダカハネカクシ","Stenus yukawai Naomi, 2004"
"タカネコバネツヤムネハネカクシ","Quedius (Raphirus) akaishiensis Y. Hayashi & Tahira, 2017"
"ヤマトモンシデムシ","Nicrophorus japonicus Harold, 1877"
"アカクチホソクチゾウムシ","Microconapion pallidirostre (Roelofs, 1874)"
"ニセマルゴモクムシ","Harpalus (Harpalus) modestus Dejean, 1829"
"ワダオオキクイムシ","Pseudohyorrhynchus wadai wadai Murayama, 1950"
"ツヅラセメクラチビゴミムシ","Rakantrechus (Paratrechiama) lallum S. Uéno, 1970"
"ヨリメムツヒゲキクイサビゾウムシ","Allaeotes niger He, Zhang & Pelsue, 2003"
"フクシママルトゲムシ","Byrrhus (Byrrhus) kusakarii Kitano, 2018"
"ニレノキクイムシ","Scolytus chikisanii Niijima, 1905"
"クモノスモンサビカミキリ　伊豆諸島亜種","Graphidessa venata takakuwai Fujita, 1980"
"タラヌレチゴミムシ","Apatrobus kurosawai Morita, 1986"
"ヤノヒメハナカミキリ","Pseudopidonia chairo (Tamanuki, 1942)"
"コクシヒゲベニボタル","Macrolycus (Cerceros) kleinei Nakane, 1967"
"ナガコメツキダマシ","Isorhipis banghaasi (Reitter, 1899)"
"シロモンサビキコリ　基亜種","Agrypnus scutellaris scutellaris (Candèze, 1895)"
"タオマメゴモクムシ","Stenolophus (Stenolophus) taoi Kasahara, 1989"
"ブナノコアトマルキクイムシ","Taphrorychus pilosus (Murayama, 1957)"
"スソアカベニボタル","Conderis chujoi Ohbayashi, 1954"
"オキナワアバタコバネハネカクシ　基亜種","Nazeris okinawanus okinawanus Ito, 1986"
"ガッサンツヤツチゾウムシ","Asphalmus gassanensis Morimoto, 2015"
"ツヤケシハナカミキリ","Anastrangalia scotodes scotodes (Bates, 1873)"
"ツジトグロハネカクシ","Andrikothelyna naomichii Nozaki, 2023"
"キタクロハナカミキリ　基亜種","Leptura akitai akitai Fujita, 2018"
"カザミハヤシメダカハネカクシ","Stenus kazami Naomi, 1988"
"プーツオチバメダカハネカクシ","Stenus volkeri Naomi, 1998"
"ヅマルヒラタミツギリゾウムシ","Cerobates (Cerobates) formosanus Schönfeldt, 1911"
"アカホソクシコメツキ　基亜種","Priopus ferrugineipennis ferrugineipennis (Miwai, 1927)"
"アオバネサルハムシ","Basilepta fulvipes (Motschulsky, 1860)"
"シロモンサビキコリ　亜種","Agrypnus scutellaris hamai Ôhira, 1967"
"タンザワムネスジミギワハネカクシ","Erichsonius (Sectophilonthus) shibatai Uhlig & Y. Watanabe, 1992"
"アカスジケシツブゾウムシ","Smicronyx (Smicronyx) rubicatus Kono, 1930"
"スホウカクムネヨツメハネカクシ","Archaeoboreaphilus fuscus (Y. Watanabe, 1988)"
"ニセツヤバネクチキムシ","Doranalia asahiensis (Maeda & Nakane, 1991)"
"クロツヤクシコメツキ","Melanotus (Melanotus) annosus Candèze, 1865"
"ヒラタドウガネナガハネカクシ","Platydomene carinicollis (Sharp, 1889)"
"ドイカミキリ　基亜種","Mimectatina divaricata divaricata (Bates, 1884)"
"オニユミアシゴミムシダマシ","Promethis amanoi Masumoto, 1987"
"ゴマダンカギバラヒゲナガゾウムシ","Xanthoderopygus kasaharai Senoh & Matoba, 2002"
"ミナミヒラタミズギワゴミムシ","Bembidion (Blepharoplataphus) kimurai Morita, 2008"
"セミスジコブヒゲカミキリ　甑島亜種","Rhodopina lewisii koshikijimana Z. Komiya, 1984"
"キンイロエグリタマムシ　琉球・台湾亜種","Endelus (Endelus) collaris kerremansi Thery, 1927"
"サキシマハナボタル","Plateros sakishimana Nakane, 1985"
"イリオモテモリツツハネカクシ","Nacaeus iriomotensis Naomi, 1997"
"コウライヒメハネカクシ","Atheta (Microdota) koreana Bernhauer, 1923"
"ホンシュウフトゴモクムシ","Chydaeus shibatai Habu, 1973"
"サイカイドウラクヨウタマキノコムシ　基亜種","Colenis saikaidoensis saikaidoensis Hoshina, 1999"
"キョクトウトラカミキリ","Clytus arietoides Reitter, 1900"
"センジョウツヤムネハネカクシ","Quedius (Microsaurus) senjonis Y. Watanabe, 1987"
"ミノオオズナガゴミムシ","Pterostichus (Smilodonialoe) fukube Sugimura, 2005"
"ミヤマカレキゾウムシ","Trachodes (Atrachodes) monticola Morimoto & Miyakawa, 1995"
"キスジミゾドロムシ","Ordobrevia foveicollis (Schönfeldt, 1888)"
"セトナガゴミムシ","Pterostichus (Nialoe) taoi Kasahara, 1993"
"キムラヒメハナノミ","Mordellina kimurai Tsuru, 2021"
"ホリセスジチビハネカクシ","Micropeplus horii Y. Watanabe, 2004"
"オウシュウミギワハネカクシ","Myllaena graeca Kraatz, 1858"
"トゲムネウスバツツハネカクシ","Eleusis quadridens Fauvel, 1904"
"オカモトツヤアナハネムシ","Pedilus okamotoi (Kono, 1935)"
"ヒゲナガクロコガネ","Hexataenius protensus Fairmaire, 1891"
"オビカツオブシムシ","Dermestes (Dermestes) lardarius Linnaeus, 1758"
"ノソコダケスジツヤチビハネカクシ","Edaphus perdifficilis Puthz, 2010"
"マルガタキスイ","Curelius japonicus (Reitter, 1878)"
"クロフトヒラタコメツキ","Liotrichus (Acteniceromorphus) ozeanus (Nakane & Kishii, 1954)"
"ムネアカヒメマキムシ","Dienerella (Cartoderema) ruficollis (Marsham, 1802)"
"ナガケシマルハナノミ","Hydrocyphon nakanei Yoshitomi, 2001"
"オオアシナガアリヅカムシ","Labomimus shibatai K. Sawada, 1961"
"マエダヒメハナノミ","Konomorda porphyria (Nomura, 1951)"
"ヒメトラハナムグリ","Lasiotrichinus succinctus (Pallas, 1781)"
"コミタマノミハムシ","Sphaeroderma komiana Kato, 2025"
"アイイロカミキリモドキ","Oedemera (Oedemera) robusta Lewis, 1895"
"ツヤハダクワガタ　中部近畿亜種","Ceruchus lignarius monticola Nakane, 1978"
"ヒバノコキクイムシ","Phloeosinus lewisi Chapuis, 1876"
"モリモトシギゾウムシ","Curculio (Curculio) morimotoi Notsu, 1994"
"マエアカクロベニボタル　基亜種","Cautires zahradniki zahradniki (Winkler, 1953)"
"ホソコハナムグリ","Glycyphana (Glycyphaniola) gracilis viridis Sawada, 1942"
"ムネナガミジンムシ","Arthrolips longethorax Paulian, 1962"
"カクバネアシナガトビハムシ","Longitarsus (Longitarsus) yoshiakii Ohno, 1968"
"クロケブカゴミムシ","Peronomerus nigrinus Bates, 1873"
"クビアカツツミツギリゾウムシ","Callipareius (Metacidotes) nigripennis Morimoto & Tsuji, 2017"
"オキナワジャノメカミキリ","Microlenecamptus nakabayashii Takakuwa, 1992"
"シロウマホソヒラタゴミムシ","Trephionus kinoshitai Habu, 1954"
"コモノクチブトゾウムシ","Drymophoetus komonoensis Kojima & Morimoto, 2006"
"ベニホソヒラタコメツキ","Corymbitodes nikkoensis (Jakobson, 1913)"
"サトウツヤヒラタゴミムシ","Synuchus (Synuchus) satoi Morita & Toyoda, 2003"
"ノムラオチバメダカハネカクシ","Stenus shuheii Naomi, 1990"
"カラフトカクムネコメツキダマシ","Melasis sachalinensis Suzuki & Lucht, 1983"
"ハママツムネトゲアリヅカムシ","Petaloscapus hirsutus Tanokuchi, 1986"
"ニセクチボソコメツキ","Kinokunia yoshidai Kishii, 1998"
"コツヤハマベゾウムシ","Thalasselephas minor Egorov & Korotyaev, 1977"
"クロオオハナカミキリ","Macroleptura thoracica obscurissima Pic, 1900"
"コニシニセヒラタコメツキ　本州亜種","Eanus (Pareanus) costalis shibatai Kishii, 1968"
"マルガタナガゴミムシ　亜種","Pterostichus (Bothriopterus) subovatus baderlei Kirschenhofer, 1991"
"ホソフナガタハナノミ","Ectasiocnemis elongata (Kono, 1929)"
"アトキリキクイゾウムシ","Coprodema calandraeformis Wollaston, 1873"
"ツメナシゾウムシ","Anoplus plantaris (Naezen, 1794)"
"トカラムクゲテントウダマシ","Stenotarsus nakanoshimensis Nakane, 1959"
"アカムクゲミジンムシ","Sericoderus castaneus Reitter, 1877"
"オガサワラセスジゲンゴロウ","Copelatus ogasawarensis Kamiya, 1932"
"ノコアシツツキノコムシ","Dichodontocis uncinatus Kawanabe, 1994"
"シコクヒサゴアリヅカムシ","Arthromelodes loebli Nomura, 1991"
"シロトリメクラチビゴミムシ","Trechiama (Trechiama) tenuis S. Uéno, 1983"
"ゾウタークビブトハネカクシ","Phinopilus sautteri (Bernhauer, 1935)"
"ネアカヒメキノコハネカクシ","Sepedophilus humeralis (Eppelsheim, 1886)"
"88): 5-7.","笠原須磨生・松本俊信, 1989. 日本産歩行虫ノート　VI: 本州で発見された日本新記録のホソアトモンアオゴミムシ（新称）. 甲虫ニュース, (87"
"ササマルキスイ","Serratomaria vulgaris Sasaji, 1984"
"トゲノミナガクチキ","Lederina narukawai Ishikawa & Sakai, 2007"
"ツマキアオジョウカイモドキ","Malachius (Malachius) prolongatus Motschulsky, 1866"
"アマミキマワリ　基亜種","Plesiophthalmus (Plesiophthalmus) brevipennis brevipennis Lewis, 1896"
"ユメノキクイムシ","Phloeosinus pulchellus Blandford, 1894"
"チビモリヒラタゴミムシ　亜種","Agonum (Eucolpodes) aurelium chibi Habu, 1958"
"クロチビカツオブシムシ","Orphinus (Orphinus) aethiops Arrow, 1915"
"タマゴゾウムシ","Pimelocerus orientalis orientalis (Motschulsky, 1866)"
"ヒロアシナガスネトビハムシ","Psylliodes (Psylliodes) sasakii Takizawa, 2015"
"ナガアマミキマワリ","Plesiophthalmus (Plesiophthalmus) nakamurai Masumoto, 1987"
"カクバラハネカクシ","Saphocallus parviceps Sharp, 1888"
"マツオオキクイゾウムシ","Macrorhyncolus crassiusculus Wollaston, 1873"
"タカハシコヒゲナガハナノミ","Ptilodactyla takahashii M. Satô, 1968"
"アムールムツボシタマムシ","Chrysobothris (Chrysobothris) amurensis ohmomoi Akiyama, 1993"
"シバタクチキツツハネカクシ","Mimogonellus yasutoshii (Naomi, 1987)"
"ニワハンミョウ　北海道亜種","Cicindela (Cicindela) japana yezoana Nakane, 1957"
"サンチラハヤシメダカハネカクシ","Stenus santira Naomi, 1988"
"エゾアカコメツキ","Ampedus (Ampedus) yezo Kishii, 1968"
"シコクヒメツヤテントウ","Serangiella shikokense (Miyatake, 1961)"
"アメイロセミゾハネカクシ","Myrmecocephalus concinnus (Erichson, 1839)"
"ミヤマヒメハナノミ","Falsomordellistena (Falsomordellistena) alpigena Tokeji, 1953"
"カザアナツヤムネハネカクシ","Quedius (Microsaurus) uchikawai Y. Watanabe, 1981"
"ニセコウジオオズナガゴミムシ","Pterostichus (Sphodroferonia) imitatorius N. Ito, 2011"
"ヒメクロツヤハダコメツキ　基亜種","Hemicrepidius (Hemicrepidius) desertor desertor (Candèze, 1873)"
"エグリダニヒメテントウ","Stethorus (Allostethorus) emarginatus Miyatake, 1966"
"ザイノオオキクイムシ","Beaverium magnus (Niijima, 1910)"
"クロチビカワゴミムシ","Tachyta (Tachyta) nana nana (Gyllenhal, 1810)"
"ヘリグロテントウノミハムシ","Argopistes rufus Chen, 1934"
"カギアシチョッキリ","Cneminvolvulus (Cneminvolvulus) rugoscicollis (Voss, 1920)"
"ヤマムツボシタマムシ","Chrysobothris (Chrysobothris) igai Y. Kurosawa, 1948"
"トカラアカアシコハナコメツキ　奄美諸島亜種","Paracardiophorus tokara kikai Kishii, 1977"
"オカヤマクロチビジョウカイ","Malthodes (Maltharchus) okushimai Imasaka & N. Takahashi, 2020"
"オオクロコメツキ","Lanelater aequalis (Candze, 1857)"
"ノヒラツツキクイゾウムシ","Magdalis (Magdalis) nohirai Morimoto, 1982"
"オオウグイスナガタマムシ","Agrilus asiaticus igai Y. Kurosawa, 1963"
"オオシマビロウドカミキリ　沖縄八重山亜種","Acalolepta oshimana omoro Hayashi, 1963"
"クロヒラタガムシ","Peltochares atropiceus (Régimbart, 1903)"
"ペンギンダイコクアリヅカムシ","Rybaxis pinguis Kurbatov, 1990"
"ムモンオオハナノミ","Macrosiagon nasutum (Thunberg, 1784)"
"オキナワホソヒメカタゾウムシ","Neasphalmus rotundipennis Nakane, 1963"
"チビマルケシゲンゴロウ","Hydrovatus pumilus Sharp, 1882"
"エゾクロベニボタル","Cautires kurilensis (Medvedev, 1966)"
"ヒメトゲカタビロサルゾウムシ","Augustinus comes Yoshitake, 2005"
"オキナワオオミズスマシ　琉球亜種","Dineutus (Dineutus) mellyi insularis (Régimbart, 1907)"
"ホソムネツヤテントウダマシ","Lycoperdina hiranoi Sogoh & Yoshitomi, 2017"
"クスノオオキクイムシ","Cnestus mutilatus (Blandford, 1894)"
"コヒラスナゴミムシダマシ","Diphyrrhynchus shibatai (Kaszab, 1964)"
"ハイイロタマゾウムシ","Stereonychus japonicus Hustache, 1920"
"キバネセスジハネカクシ","Oxytelus (Oxytelus) piceus (Linnaeus, 1767)"
"キイロテントウ　基亜種","Kiiro koebelei koebelei (Timberlake, 1943)"
"アトキクロヒメジョウカイモドキ","Hypebaeus (Hypebaeus) flavocaudatus (Nakane, 1956)"
"クロハナボタル　基亜種","Plateros coracinus coracinus (Kiesenwetter, 1874)"
"タナカナガツヤゴモクムシ","Trichotichnus (Trichotichnus) isamutanakai N. Ito, 1996"
"セマルヒョウホンムシ","Gibbium psylloides (Czenpinski, 1778)"
"イデユハナムグリヨツメハネカクシ","Eusphalerum ideyu Y. Watanabe, 1990"
"チャイロヒメカミキリ　八重山亜種","Ceresium simile miyamotoi Fujita, 2018"
"イリトオノメクラチビゴミムシ","Trechiama (Trechiama) sonuta S. Uéno, 1992"
"タカネクロクビボソジョウカイ","Podabrus (Dichelotarsus) angusticollis (Motschulsky, 1860)"
"クウカイメクラチビゴミムシ","Kusumia kukai Ashida, 2023"
"オニヒメゾウムシ","Paracythopeus ryukyuensis Yoshihara, 2016"
"クロシオガムシ","Agraphydrus hanseni (M. Satô & Yoshitomi, 2004)"
"キイロチビオオキノコ","Rhodotritoma fulva (Reitter, 1879)"
"ドウガネエンマムシ","Saprinus (Saprinus) planiusculus Motschulsky, 1849"
"コアオジョウカイモドキ","Anhomodactylus eximius (Lewis, 1895)"
"クロヨフシエンマムシ","Acritus (Pycnacritus) homoeopathicus Wollaston, 1857"
"アマミツノボソキノコゴミムシダマシ","Platydema amami Akita & Masumoto, 2015"
"コカラフトゴモクムシ","Harpalus (Harpalus) latus (Linné, 1758)"
"カタモンチビコメツキ　対馬亜種","Zorochros (Pronegastrius) humeralis tsushimensis Kishii, 1976"
"サワダオノヒゲアリヅカムシ","Bryaxis sawadai Löbl, Kurbatov & Nomura, 1998"
"ヒュウガツツホソカタムシ","Sosylus crassus Aoki & Narukawa, 2013"
"ササジヒメハナノミ","Falsomordellistena (Falsomordellistenoda) sasajii (Shiyake, 2001)"
"アダタラオオズナガゴミムシ","Pterostichus (Smilodonialoe) adatarasanus Sasakawa, 2005"
"オナガヒメハナノミ","Mordellochroa (Mordellochroa) longula (Kono, 1928)"
"ドナンヒメハナノミ","Pseudotolida donan (Tsuru, 2004)"
"タカネヒメゴモクムシ","Bradycellus (Tachycellus) saitoi Morita, 1997"
"キンケトラカミキリ","Clytus auripilis Bates, 1884"
"イツスジオビモンヒゲナガゾウムシ","Nessiodocus propinquus Shibata, 1980"
"カルベオビハナノミ","Glipa (Macroglipa) karubei Takakuwa, 1993"
"クロエグリツツキノコムシ","Ennearthron mohrii Miyatake, 1954"
"サドチビアメイロカミキリ　本土亜種","Obrium obscuripenne takakuwai Niisato, 2006"
"オオダイオオナガゴミムシ　四国亜種","Pterostichus (Nialoe) biexcisus kawanoi Ishida, 1961"
"アカモンオオモモブトシデムシ","Diamesus osculans (Vigors, 1825)"
"ムナクボビロウドコガネ","Maladera (?) impressithorax Nomura, 1973"
"キンモウクロコメツキ　北海道亜種","Ampedus (Ampedus) aureovestitus katoi Kishii, 1998"
"トカラヤハズカミキリ　伊豆諸島亜種","Uraecha gilva hachijoensis Hayashi, 1969"
"ニセキバナガヒラタケシキスイ","Epuraea (Micruria) punctata Kirejtshuk, 1992"
"シラホシキクスイカミキリ","Eumecocera gleneoides (Gressitt, 1935)"
"オオクボカミキリ　九州亜種","Tengius okuboi kurosawai Makihara, 1986"
"クロズアカチビゴモクムシ","Acupalpus (Setacupalpus) hilaris Tschitschérine, 1899"
"ホソコブキクイゾウムシ","Xenomimetes tenuis Morimoto & Miyakawa, 1985"
"コカシメクラチビゴミムシ","Kusumia australis S. Uéno, 1999"
"トクノシマヒメサビキコリ","Agrypnus heianus Kishii, 1985"
"ポプラハムシ","Chrysomela tremula tremula Fabricius, 1787"
"アサマノミヒゲナガゾウムシ","Citacalus pygidialis Johraku, 1953"
"キリヤマクビボソジョウカイ","Asiopodabrus (Asiopodabrus) kiriyamai (Takahashi, 2002)"
"クビジロカミキリ","Xylariopsis mimica Bates, 1884"
"セダカコブヤハズカミキリ　中国地方中部亜種","Parechthistatus (Parechthistatus) gibber amabilis Takakuwa, Nakabayashi & Kobayashi, 2020"
"ヨツアナミズギワゴミムシ　基亜種","Bembidion (Plataphodes) tetraporum tetraporum Bates, 1883"
"チクゴオオツノハネカクシ","Bledius (Bledius) gyotokui Nakane, 1963"
"フタモンツツヒゲナガゾウムシ","Ozotomerus nigromaculatus Morimoto, 1978"
"アマミセダカコクヌスト","Thymalus amamiensis Miyatake, 1985"
"ケジロヒョウホンムシ　基亜種","Hanumanus senilis senilis (Kiesenwetter, 1879)"
"オオサルハムシ","Chrysochus chinensis Baly, 1859"
"クロチビナカボソタマムシ","Nalanda chinensis (Obenberger, 1927)"
"ライターナガムクゲキスイ","Cryptophilus reitteri Iablokoff-Khnzorian, 1975"
"シベリアミゾキノコシバンムシ","Mizodorcatoma sibirica (Reitter, 1879)"
"オオクロナガゴミムシ","Pterostichus (Eosteropus) japonicus (Motschulsky, 1860)"
"キボシツツハムシ　琉球亜種","Cryptocephalus (Cryptocephalus) perelegans insulanus Chûjô, 1935"
"アカバカワベハネカクシ","Bledius (Barygus) obihiroensis Nakane, 1963"
"ニュウガワメクラチビゴミムシ","Kusumia fusipennis S. Uéno & Nishikawa, 2001"
"クナシリコメツキモドキ","Languriomorpha kunashiriana Kono, 1936"
"マダラニセクビボソムシ　奄美亜種","Phytobaenus amabilis amamiensis Nomura, 1964"
"クリイロコミズギワゴミムシ","Tachyura (Sphaerotachys) fumicata (Motschulsky, 1851)"
"ミヤマクロナガゴミムシ","Pterostichus (Eosteropus) karasawai Tanaka, 1958"
"ササキカタビロサルゾウムシ","Augustinus sasakii (Chûjô, 1959)"
"ハンベエヒゲブトチビシデムシ","Colon (Eurycolon) hanbei Hoshina, 2012"
"エゾケシデオキノコムシ","Scaphisoma hadrops Löbl, 1965"
"タカハシミナミツツハネカクシ","Allotrochus takahashii Naomi & Irmler, 2012"
"キュウシュウハバムネヒメハネカクシ","Pelioptera (?) flavonitescens (Bernhauer, 1939)"
"イワワキオチバゾウムシ","Otibazo morimotoi Nakane, 1963"
"イソジョウカイモドキ","Laius asahinai Nakane, 1955"
"アイヌゴモクムシ","Harpalus (Harpalus) laevipes Zetterstedt, 1828"
"セマルマグソコガネ","Aphodius (Loboparius) globulus Harold, 1859"
"ランヒメゾウムシ","Orchidophilus ran Morimoto, 1994"
"オカダクビボソジョウカイ","Asiopodabrus (Asiopodabrus) okadai (Nakane & Makino, 1990)"
"マツマエメクラチビゴミムシ","Accoella akirai S. Uéno, 1990"
"イマダテゴミハネカクシ","Oxypoda (Bessopora) imadatei Sawada, 1970"
"ヒメホコリタケシバンムシ","Caenocara rufitarse (Reitter, 1878)"
"アオオサムシ　木曽亜種","Carabus (Ohomopterus) insulicola kiso Ishikawa & Ujiie, 2000"
"オキナワチビトラカミキリ","Perissus tsutsumii Makihara, 1979"
"ミナミチビジョウカイ","Malthodes (Malthodes) miyamotoi N. Takahashi, 2001"
"ヤマザキヒラアシコハナコメツキ","Cardiotarsus yamazakii Ôhira, 1968"
"クロムナボソコメツキ","Ectinus higonius (Lewis, 1894)"
"チョウセンハラクボアリヅカムシ","Batriscenellus (Batriscenellus) vicarius Löbl, 1973"
"オキナワカワベナガエハネカクシ","Ochthephilum okinawaense Y. Watanabe, 2008"
"アカバトガリオオズハネカクシ","Platydracus (Platydracus) brevicornis (Motschulsky, 1862)"
"クロマダラカツオブシムシ","Trogoderma longisetosum Chao & Lee, 1966"
"ヤママルムネアリヤドリ","Aspidobactrus formicae Maruyama, 2000"
"ニセセグロヒラタケシキスイ","Epuraea (Epuraea) hilleri Reitter, 1877"
"ヒメオサムシ　平戸島亜種","Carabus (Ohomopterus) japonicus hiradonis Imura, Dejima & Mizusawa, 1993"
"アカオニミツギリゾウムシ","Cobalocephalus gyotokui (Nakane, 1963)"
"オオコフキコガネ","Melolontha (Melolontha) frater Arrow, 1913"
"キュウシュウナガタマムシ","Agrilus chekiangensis Gebhardt, 1928"
"クロヒゲアリノスハネカクシ","Zyras (Zyras) fugas (Sharp, 1888)"
"ニセドウガネエンマムシ","Saprinus (Saprinus) niponicus Dahlgren, 1962"
"チャイロヒラタガムシ","Enochrus (Lumetus) testaceus (Fabricius, 1801)"
"チビコフキゾウムシ","Sitona japonicus (Roelofs, 1873)"
"クロケナシヒラタゴミムシ","Morimotoides (Morimotoidius) otuboi (Habu, 1944)"
"ルイスクシコメツキ　基亜種","Melanotus (Melanotus) lewisi lewisi Schenkling, 1927"
"イワワキヒゲボソゾウムシ","Phyllobius (Otophyllobius) hiurai Morimoto & Miyakawa, 2006"
"エゴツルクビオトシブミ","Cycnotrachelodes roelofsi (Harold, 1877)"
"クロアシブトコメツキ","Podeonius mus (Lewis, 1894)"
"タイワンヒメハナノミ　日本本土亜種","Falsomordellistena (Falsomordellistena) formosana okamotoi (Kono, 1935)"
"ヨシイヒゲナガアリヅカムシ　和歌山亜種","Pselaphogenius yoshii securiger Sawada, 1969"
"フタイロカミキリモドキ　琉球亜種","Oedemera (Oedemera) sexualis ryukyuana Švihla, 1999"
"イチモンジカメノコハムシ","Thlaspida cribrosa (Boheman, 1855)"
"イワハマムシ","Aegialites stejnegeri Linell, 1898"
"サビイロクワカミキリ","Apriona (Apriona) swainsoni swainsoni Hope, 1840"
"ミヤママツトビゾウムシ","Pachyrhinus (Pachyrhinus) marginipennis Morimoto, 2015"
"クロヒメヤマツチゾウムシ","Trachyphilus kurohimeyamanus Morimoto, 2015"
"ハネビロミズギワゴミムシ","Bembidion (Odontium) persimile A. Morawitz, 1862"
"シロウズクチブトコメツキ","Silesis shirozui Kishii, 1959"
"クロオビチビキカワムシ","Lissodema teruhisai Sasaji, 1988"
"バースクシモモタマキノコムシ","Triarthron itoi Hoshina, 2020"
"カタジロハナノミ","Mordellaria latior Nomura, 1967"
"フチトリヒメヒラタタマムシ","Anthaxia (Haplanthaxia) rubromarginata Miwa & Chûjô, 1935"
"ツヤクロツブゾウムシ","Sphinxis crypticus Kojima & Morimoto, 2000"
"オオズヒメゴモクムシ","Bradycellus (Tachycellus) grandiceps (Bates, 1873)"
"ヒレルクチブトゾウムシ","Pseudoedophrys hilleri (Faust, 1889)"
"ミヤコカンショコガネ","Apogonia cupreoviridis miyakoana Nomura, 1965"
"トカラコマルガムシ","Crenitis (Acrenitis) tokarana Nakane, 1966"
"ビロウドコガネ","Maladera (?) japonica (Motschulsky, 1860)"
"オビマグソコガネ","Aphodius (Calamosternus) uniplagiatus Waterhouse, 1875"
"アマミウスバハムシ","Menippus issikii (Chûjô, 1961)"
"ビルマカミナリハムシ","Altica birmanensis (Jacoby, 1896)"
"ナカノコダマトビハムシ","Ivalia nakanoi Takemoto & Suenaga, 2021"
"ムネアカケブカテントウダマシ","Ectomychus sakaii Chûjô & Kiuchi, 1974"
"ミヤマクワガタ　伊豆諸島亜種","Lucanus maculifemoratus adachii Tsukawaki, 1995"
"ヤクマルヒラタドロムシ","Eubrianax insularis Nakane, 1952"
"オキナワマドボタル　基亜種","Pyrocoelia matsumurai matsumurai Nakane, 1963"
"エリクソンヒメハネカクシ","Atheta (Bessobia) occulta (Erichson, 1837)"
"アカマダラセンチコガネ","Nothochodaeus maculatus maculatus (Waterhouse, 1875)"
"オニコメツキダマシ","Hylochares harmandi Fleutiaux, 1900"
"エゾキスイモドキ","Byturus tomentosus (DeGeer, 1774)"
"チビキカワヨツメハネカクシ","Phloeonomus (Phloeonomus) kyushuensis (Y. Watanabe, 1962)"
"クロアナアキゾウムシ","Hylobius (Callirus) gebleri Boheman, 1834"
"サイゴウナガケシデオキノコムシ","Scaphoxium saigoi Hoshina, 2009"
"ゴモクムシダマシ","Pedinus (Blindus) strigosus Faldermann, 1835"
"チュウジョウヒゲナガハムシ","Galerucella (Galerucella) chujoi Y. Komiya, 2005"
"スナムグリヒョウタンゾウムシ","Scepticus tigrinus (Roelofs, 1873)"
"オオアカコメツキ　基亜種","Ampedus (Ampedus) optabilis optabilis (Lewis, 1894)"
"クスイキボシハナノミ","Hoshihananomia kusuii Nomura, 1975"
"キアシシリグロハネカクシ","Astenus (?) latifrons (Sharp, 1874)"
"ハギニセチビシデムシ","Ptomaphagus (Ptomaphagus) kuntzeni Sokolowski, 1957"
"ハバビロハネナシトビハムシ","Batophila latissima Chûjô, 1957"
"オキナワハネナシサビカミキリ","Pterolophia (Pseudale) obovata (Hayashi, 1971)"
"アラカワシロヘリトラカミキリ　奄美亜種","Anaglyptus (Anaglyptus) arakawae amamiensis Fujita, 1980"
"ササセマルヒゲナガゾウムシ","Phloeobius stenus Jordan, 1923"
"ツヤマルムネアリヅカムシ","Triomicrus simplex Sharp, 1883"
"ホソツツタマムシ","Paracylindromorphus japanensis E. Saunders, 1873"
"アサミゾオオズナガゴミムシ","Pterostichus (Sphodroferonia) obscurimpressus N. Ito, 2011"
"オガサワラヒラタカミキリ","Eurypoda (Eurypoda) boninensis Hayashi & Kusama, 1973"
"アキオサムシ　基亜種","Carabus (Ohomopterus) chugokuensis chugokuensis (Nakane, 1961)"
"ナミモンコケシキスイ","Cryptarcha strigata (Fabricius, 1787)"
"スギカミキリ　屋久島亜種","Semanotus japonicus yakushimanus Makihara, 2004"
"アキタコマオオズナガゴミムシ","Pterostichus (Smilodonialoe) tanakai Ishida, 1964"
"ヨナグニクチボソコメツキ","Glyphonyx (Glyphonyx) yonaguni Kishii, 1974"
"アイヌキンオサムシ　夕張山地亜種","Carabus (Megodontus) kolbei yubariensis (Ishikawa, 1966)"
"2): 73.","平野泰利, 1977. Sericania miyakei Nomuraを四国で採集. Entomological Review of Japan, 30(1"
"イシハラヒメコバネナガハネカクシ","Lathrobium (Lathrobium) tamotsui Y. Watanabe, 1994"
"ホソナギサハネカクシ","Bryothinusa minuta (Sawada, 1955)"
"ヤエヤマホソカミキリモドキ","Dryopomera kurosai Akiyama, 1998"
"アカヒメコメツキモドキ","Anadastus filiformis (Fabricius, 1801)"
"シデノコキクイムシ","Cryphalus carpini Berger, 1917"
"ボサツハナムグリヨツメハネカクシ","Eusphalerum bosatsu Y. Watanabe, 1990"
"エノモトヒゲブトチビシデムシ","Colon (Tricolon) enomotoi Hoshina, 2009"
"オオメフトヒシベニボタル","Pyropterus tsuyukii Matsuda, 2011"
"ショウリョウヒゲブトハネカクシ","Creochara brevipennis (Bernhauer, 1903)"
"オガサワラクチキゴミムシ","Morion (Neomorion) boninensis Kasahara & Satô, 1990"
"トガリマルムネアリヅカムシ","Triomicrus sternalis Löbl, Kurbatov & Nomura, 1998"
"キソホソチビマルハナノミ","Nyholmia sannoides (Yoshitomi, 1996)"
"オキナガゴミムシ","Pterostichus (Sphodroferonia) okiensis Nakane, 1989"
"ホクリクチビゴミムシ","Epaphiopsis (Pseudepaphius) hayashii S. Uéno, 1977"
"クシヒゲチビシデムシ","Catopodes fuscifrons (Kraatz, 1877)"
"フトノミゾウムシ","Orchestes (Orchestes) excellens Roelofs, 1875"
"オモトウスアヤカミキリ","Bumetopia brevicornis Makihara, 1978"
"ヤエヤマエグリオオキノコ","Episcaphula matsumurai kanieii Narukawa & Ashida, 2005"
"ナガサキハネナガヨツメハネカクシ","Olophrum simplex Sharp, 1874"
"オオゴミムシ","Lesticus (Triplogenius) magnus (Motschulsky, 1860)"
"カワシマケブカハムシ","Pyrrhalta kawashimai Kimoto, 1964"
"アオバネツツキクイゾウムシ","Magdalis (Magdalis) frontalis (Gyllenhal, 1827)"
"アタマクチカクシゾウムシ","Caenocryptorrhynchus frontalis Morimoto, 1962"
"ムネアカツノゴミムシダマシ","Neommida haemorrhoidalis (Fabricius, 1787)"
"イシヅチヒサゴゴミムシダマシ","Misolampidius hisamatsui Ando, 2009"
"ヤンチクケシデオキノコムシ","Scaphisoma janczyki Löbl, 1965"
"キムネヒメジョウカイモドキ","Hypomixis picticollis (Kiesenwetter, 1874)"
"ニッポンチビコブツノゴミムシダマシ　吐噶喇奄美大島亜種","Byrsax niponicus amamiensis Akita & Masumoto, 2012"
"ズモンクシヒゲタマキノコムシ","Anisotoma annae Švec, 1992"
"ケナガクビボソムシ","Neostereopalpus niponicus (Lewis, 1895)"
"アキグミシギゾウムシ","Curculio (Curculio) flavoscutellatus (Roelofs, 1875)"
"ワダカミキリモドキ","Nacerdes (Xanthochroa) wadai (Nakane, 1954)"
"ヤマトヒメクビボソハネカクシ","Scopaeus (Scopaeus) complex Sharp, 1874"
"マサタカクビボソジョウカイ","Asiopodabrus (Asiopodabrus) masatakai Takahashi & Kiriyama, 2003"
"クビレオオズナガゴミムシ","Pterostichus (Sphodroferonia) constricticollis N. Ito, 2011"
"チチブカタホソヨツメハネカク","Philydrodes (Minyphilydrodes) chichibunis Y. Watanabe, 1990"
"ゴユウザンクビボソジョウカイ","Asiopodabrus (Asiopodabrus) goyuzanensis Takahashi, 2012"
"エゾホソナガゴミムシ","Pterostichus (Pseudomaseus) nigrita (Paykull, 1790)"
"メダマテントウ","Medamatento ocularis (Sasaji, 1988)"
"フチホソアカバコガシラハネカクシ","Philonthus (Philonthus) geminus Kraatz, 1859"
"ヤマトツツナガハネカクシ　基亜種","Lobrathium (Lobrathium) shibatai shibatai Ito, 1995"
"ニッポンミズスマシ","Gyrinus (Gyrinus) niponicus Brinck, 1941"
"ケアカカツオブシムシ","Dermestes (Dermestinus) tessellatocollis tessellatocollis Motschulsky, 1860"
"アシグロアリガタハネカクシ","Paederus (Eopaederus) tamurai Erichson, 1840"
"トワダハヤシメダカハネカクシ","Stenus biwa Hromádka, 1980"
"ミヤマダイコクコガネ","Copris (Copris) pecuarius Lewis, 1884"
"インゲンマメゾウムシ","Acanthoscelides obtectus (Say, 1831)"
"キアシカワベハネカクシ","Bledius (Barygus) pallipes (Gravenhorst, 1806)"
"オキナワクワカミキリ","Apriona (Apriona) nobuoi Breuning & K. Ohbayashi, 1966"
"コイズミコミズギワゴミムシ","Tachys (Paratachys) koizumii (Habu, 1961)"
"ニョイリンタチゲメダカハネカクシ","Stenus nyoirin Naomi, 2004"
"クリノホソヒラタハネカクシ","Siagonium kurinoense Takai & Nakane, 1985"
"アカマツザイノキクイムシ","Xyleborus aquilus Blandford, 1894"
"ヒメホソナガクチキ","Serropalpus marseuli Nikitsky, 1992"
"ヘリグロホソハナカミキリ　九州亜種","Ohbayashia nigromarginata rufoflava Hayashi, 1968"
"カタボシヒメゾウムシ","Orchidophilus hisamatsui (Kojima & Yoshihara, 2009)"
"ガイマザイノキクイムシ","Trypodendron gaimaense (Murayama, 1937)"
"コヤマトヒゲブトアリヅカムシ　亜種","Diartiger fossulatus ispartae (Karaman, 1969)"
"ヒダサビイロモンキハネカクシ","Protocypus hidanus (Y. Watanabe, 1987)"
"ムネアカキバネサルハムシ","Pagria consimilis (Baly, 1874)"
"ハマタマツチゾウムシ","Trachyphilus hamatamanus Morimoto, 2015"
"ニッポンムネトゲアリヅカムシ","Batrisodes nipponensis (Raffray, 1909)"
"バッキンガムカギアシゾウムシ","Bagous (Macropelmus) buckinghami O'Brien & Morimoto, 1994"
"60):25-26.","大平仁夫, 1992. 高知県産コメツキムシ類の採集記録 (2). げんせい, (59"
"エグリユミアシゴミムシダマシ","Promethis subbiangulata subbiangulata (M. T. Chûjô, 1978)"
"ツヤエンマムシ","Hister impunctatus Osawa, 1952"
"シリトゲメダカアリヅカムシ　亜種","Trisinus uroceratus brevispinis (Nomura, 1991)"
"クラークマルノミハムシ","Argopus clarki Jacoby, 1885"
"ザウテルオビハナノミ","Glipa (Macroglipa) sauteri Pic, 1911"
"オオルリハムシ","Chrysolina (Erythrochrysa) virgata (Motschulsky, 1860)"
"ナルカワマルテントウダマシ","Idiophyes satoi Sasaji, 2003"
"チョウセンオオエンマムシ","Pachylister ceylanus pygidialis Lewis, 1906"
"ヨツデバキノコツヤハネカクシ","Gyrophaena (Gyrophaena) yotsudeba Cameron, 1933"
"ハラクボアリヅカムシ","Batriscenellus (Batriscenellus) japonicus (Sharp, 1883)"
"アベサビカミキリ","Pterolophia (Ale) luzonica Breuning, 1938"
"オオクロナガオサムシ　近畿・中部地方亜種","Carabus (Leptocarabus) kumagaii nishi (Kubota & Ishikawa, 2004)"
"クラガタケヒメマルクビゴミムシ","Nebria (Falcinebria) kuragadakensis Sasakawa, 2020"
"チャイロナガヒラタケシキスイ","Epuraea (Epuraea) laeviuscula (Gyllenhal, 1827)"
"クチブトヒゲボソゾウムシ","Ophryophyllobius polydrusoides (Sharp, 1896)"
"クロツヤヒラタコメツキ","Calambus japonicus (Fleutiaux, 1902)"
"サトウトビイロクチキムシ","Borboresthes satoi Akita & Masumoto, 2015"
"クビナガハネカクシ","Procirrus (Procirrus) lewisii Sharp, 1889"
"キュウシュウナガキクイムシ","Platypus kiushuensis Murayama, 1936"
"ダイセツサシゲマルトゲムシ","Curimopsis (Curimopsis) ezoensis Pütz, 2003"
"ハマベキクイゾウムシ","Dryotribus mimeticus Horn, 1873"
"ムモンチビシギゾウムシ","Balanobius (Balanobius) antennatus (Kono, 1930)"
"コナナガシンクイ","Rhyzopertha dominica (Fabricius, 1792)"
"ニホンコクダルマガムシ","Hydraena (Hydraena) nihonkoku Hayashi, 2024"
"オノヒラタゴミムシ","Jujiroa onoi Takakura, 1987"
"セグロシギゾウムシ","Curculio (Curculio) atridorsum Notsu, 1987"
"チビヒョウタンゾウムシ","Myosides seriehispidus Roelofs, 1873"
"スガチビゴミムシ","Trechus (Epaphius) sugai S. Uéno, 1984"
"ヒメアオバホソハムシ","Apophylia nigriceps Laboissiere, 1927"
"イスノキアシブトゾウムシ","Morimotozo castaneus Kojima & Matoba, 2002"
"パーキンスケシデオキノコムシ","Scaphisoma portevini Pic, 1920"
"マヤサンコバネナガハネカクシ","Lathrobium (Lathrobium) mayasanense Y. Watanabe, 1992"
"エトロフオオタマキノコムシ","Leiodes irregularis Portevin, 1927"
"ハガチビジョウカイ","Malthodes (Maltharchus) hagai Takahashi, 2002"
"エゾフトヒラタコメツキ","Liotrichus (Acteniceromorphus) selectus (Candèze, 1865)"
"ハイイロヤハズカミキリ","Niphona (Niphona) furcata (Bates, 1873)"
"コマダラコキノコムシ","Mycetophagus (Ulolendus) pustulosus (Reitter, 1889)"
"スジミドリカメノコハムシ","Cassida vittata Villers, 1789"
"シナノキクイムシ","Pseudoxylechinus tiliae (Niijima, 1910)"
"セダカマルハナノミ","Prionocyphon ovalis Kiesenwetter, 1874"
"ヤマブシタチゲメダカハネカクシ","Stenus yamabushi Naomi & Ito, 2015"
"ヤエヤマクビナガハンミョウ","Neocollyris (Isocollyris) loochooensis (Kanô, 1929)"
"ヒメクロトラカミキリ　基亜種","Rhaphuma diminuta diminuta (Bates, 1873)"
"ヒメシリグロハネカクシ","Astenus (?) brevipes (Sharp, 1874)"
"アキヨシメクラチビゴミムシ　亜種2","Rakantrechus (Uozumitrechus) etoi subterraneus S. Uéno, 1958"
"アキヨシメクラチビゴミムシ　亜種1","Rakantrechus (Uozumitrechus) etoi robustus S. Uéno, 1958"
"キアシコガシラナガハネカクシ","Tetartopeus gracilentus Kraatz, 1859"
"ミナミツブゲンゴロウ","Laccophilus pulicarius Sharp, 1882"
"ウグリチビマメコメツキ　口永良部島亜種","Quasimus (Quasimus) uguriensis heianus Kishii, 1970"
"リュウキュウグミトビハムシ","Zipanginia loochooensis Ohno, 1962"
"ヒゲナガヒラタアリヤドリ","Homoeusa longicornis Sharp, 1888"
"クロツブゴミムシ","Pentagonica subcordicollis Bates, 1873"
"クロヒメクビボソジョウカイ　基亜種","Asiopodabrus (Asiopodabrus) malthinoides malthinoides (Kiesenwetter, 1874)"
"キュウシュウチビトラカミキリ　基亜種","Perissus kiusiuensis kiusiuensis K. Ohbayashi, 1958"
"クロクビボソムシ","Macratria atrata Nomura, 1962"
"イシガキダルマタマキノコムシ","Creagrophorus shigehisai Hoshina, 2015"
"ニッポンモモブトコバネカミキリ　八重山亜種","Merionoeda (Ocytasia) formosana iriomotensis K. Ohbayashi & N. Ohbayashi, 1965"
"クロカタホソヨツメハネカクシ1","Philydrodes (Philydrodes) aquatilis (Sharp, 1889)"
"クロカタホソヨツメハネカクシ2","Philydrodes (Minyphilydrodes) niger Y. Watanabe, 1990"
"ホソヒメクロオサムシ　安倍峠亜種","Carabus (Pentacarabus) harmandi moritai (Imura & Mizusawa, 2002)"
"コフキゾウムシ","Eugnathus distinctus Roelofs, 1873"
"フタオビミドリトラカミキリ　御蔵島亜種","Humeromaculatus (Humeromaculatus) muscosus kogii Fujita, 2023"
"ニセコミズギワゴミムシ","Bembidion (Nipponobembidion) nisekoense Morita, 2019"
"タケウチホソハナカミキリ","Strangalia takeuchii Matsushita & Tamanuki, 1935"
"ヤマトネスイ","Rhizophagus (Rhizophagus) japonicus Reitter, 1884"
"フタオビツヤゴミムシダマシ","Alphitophagus bifasciatus (Say, 1824)"
"キヅカヌヒメハネカクシ","Acrotona neglecta (Cameron, 1933)"
"キンケオオカバイロコメツキ","Ectinus puberulus (Miwa, 1928)"
"アカオオタマキノコムシ","Leiodes lucens (Fairmaire, 1855)"
"トカラモリヒラタゴミムシ","Agonum (Nymphagonum) tokarae (Habu, 1974)"
"ベニバネフトヒラタコメツキ","Liotrichus (Acteniceromorphus) chlamydates (Lewis, 1894)"
"キベリマルクビハネカクシ","Tachinus (Tachinus) mimulus Sharp, 1874"
"ツメクサタネコバンゾウムシ","Tychius (Tychius) picirostris (Fabricius, 1787)"
"アジャリメクラチビゴミムシ","Trechiama (Trechiama) ajari Ashida, 2005"
"ニセヤエヤマビロウドコガネ","Maladera (?) horii H. Kobayashi, 2010"
"ナラハヤシメダカハネカクシ","Stenus hayashii Puthz, 2003"
"ヤシオオオサゾウムシ","Rhynchophorus ferrugineus (Olivier, 1791)"
"オキホソチビマルハナノミ","Nyholmia okiensis Yoshitomi & Hayashi, 2016"
"ワタナベミナミヒラタハネカクシ","Eupiestus iriomotensis Naomi, 2011"
"コウベツマキジョウカイ","Malthinus (Malthinus) kobensis (Lewis, 1895)"
"トビイロセスジハネカクシ","Anotylus vicinus (Sharp, 1874)"
"ヒラムネホソヒラタムシ","Protosilvanus lateritius (Reitter, 1879)"
"オキナワコキクイムシ","Cryphalus meridionalis (Nobuchi, 1975)"
"オオムクゲキスイ","Biphyllus satsumanus Nakane, 1988"
"フタイロチビマルクビハネカクシ","Coproporus pulchellus (Erichson, 1839)"
"イズシメクラチビゴミムシ","Rakantrechus (Izushites) subglaber S. Uéno, 1982"
"ヒメヒラタアリヤドリ","Homoeusa ovata Nozaki & Maruyama, 2022"
"ナミヤコブソンムシ","Derolathrus cavernicolus Peck, 2010"
"チャイロホソヒラタカミキリ","Phymatodes (Phymatodes) testaceus (Linnaeus, 1758)"
"タイリクモリアリヅカムシ","Tychus dichotomus Nomura & Lee, 1992"
"ミヤギクロナガゴミムシ","Pterostichus (Eosteropus) tokui Morita, 2007"
"ハラグロハナムグリヨツメハネカクシ","Eusphalerum solitare (Sharp, 1874)"
"ミナミチビカワゴミムシ","Tachyta (Tachyta) umbrosa (Motschulsky, 1851)"
"マルガタハナカミキリ","Pachytodes cometes (Bates, 1884)"
"ペックホテイケシデオキノコムシ","Scaphobaeocera pecki Löbl, 1981"
"クロモンアシナガヒメハナムシ","Augasmus nigromaculatus (Hisamatsu, 1985)"
"キイロゲンセイ","Zonitoschema japonica (Pic, 1910)"
"ウンゼンクビボソジョウカイ","Hatchiana unzenensis Imasaka, 2001"
"ヨツボシヒラタゴミムシ","Sericoda quadripunctata (De Geer, 1774)"
"オオズオオキバハネカクシ","Oxyporus parcus Sharp, 1889"
"ヤクヒサゴアリヅカムシ","Arthromelodes crucifer Nomura, 1991"
"ミヤマホソハナカミキリ","Idiostrangalia contracta (Bates, 1884)"
"ヤマトカワベハネカクシ","Bledius (Barygus) japonicus Bernhauer, 1936"
"ヒゲブトノコギリホソヒラタムシ","Nausibius clavicornis (Kugelann, 1794)"
"カノマルムネジョウカイ","Prothemus kanoi Witter, 1984"
"ナガサキツヤツチゾウムシ","Asphalmus ovatus (Sharp, 1896)"
"ニセココクロヒラタガムシ","Crephelochares orbus (N. Watanabe, 1987)"
"ダイセツモリヒラタゴミムシ","Xestagonum daisetsuzanus (Nakane, 1963)"
"トゲヒラタケシキスイ2","Epuraea (Epuraea) muehli Reitter, 1908"
"ミョウコウサビイロモンキハネカクシ","Protocypus yoroi (Naomi, 1992)"
"ミヤマモモブトカミキリ","Leiopus montanus Hayashi, 1968"
"マイマイカブリ　粟島亜種","Carabus (Damaster) blaptoides fortunei A. Adams, 1861"
"ネアカヒシベニボタル","Dictyoptera speciosa Ohbayashi, 1954"
"ハラトゲカレキハネカクシ","Anomognathus armatus (Sharp, 1888)"
"シラケコバンゾウムシ","Gymnaetron villosipenne Roelofs, 1875"
"アリアケホソヒメアリモドキ","Leptaleus sasajii Sakai & Telnov, 2001"
"ヤコンオサムシ　隠岐亜種","Carabus (Ohomopterus) yaconinus oki Ishikawa & Kubota, 1994"
"ナラスジツヤチビハネカクシ","Edaphus perangustus Puthz, 2014"
"アマミマルカッコウムシ","Allochotes yuwanensis Yajima & Nakane, 1969"
"ケシジョウカイモドキ","Dasytes (Dasytes) vulgaris Nakane, 1963"
"エゾハナゾウムシ","Anthonomus (Anthonomus) takahashii Kojima & Morimoto, 1994"
"ヨツモンクロツツハムシ","Cryptocephalus (Cryptocephalus) nobilis Kraatz, 1879"
"ヤマヒザグロナガメダカハネカクシ","Stenus calliceps Bernhauer, 1916"
"オトメアカコメツキ　四国亜種","Ampedus (Ampedus) otome shikokuanus Kishii, 2002"
"オオコクヌスト","Temnoscheila japonica (Reitter, 1875)"
"クロオビキノコゴミムシダマシ","Platydema pallidicollis (Lewis, 1894)"
"カタモンニセクビボソムシ","Pseudolotelus humeralis Nomura, 1964"
"クロサツヤゴモクムシ","Trichotichnus (Trichotichnus) kurosai Habu, 1973"
"ヤスイモリヒラタゴミムシ","Negreum yasuii (Habu, 1974)"
"オビモンヒゲナガゾウムシ","Nessiodocus repandus repandus (Jordan, 1912)"
"クロオサムシ　関東地方北西部亜種","Carabus (Ohomopterus) albrechti esakianus (Nakane, 1961)"
"リュウキュウホソヒゲヒメハナムシ","Litochrus (Litochrus) ryukyuensis Hisamatsu, 1985"
"ガロアエンマアリヅカムシ","Trissemus (Trissemus) galloisi Jeannel, 1958"
"テンリュウツヤゴモクムシ","Trichotichnus (Trichotichnus) spinifer Kasahara, 1994"
"ニセクロゲヒメキノコハネカクシ","Sepedophilus subarmatus Naomi & Maruyama, 1997"
"ヒメクロトガリオオズハネカクシ","Platydracus (Platydracus) brachycerus Smetana & Davies, 2000"
"モモキアリモドキ","Anthicomorphus cruralis Lewis, 1895"
"ヒラタアオミズギワゴミムシ","Bembidion (Plataphus) pseudolucillum Netolitzky, 1938"
"カラフトクロコメツキ","Ampedus (Ampedus) saghaliensis Dolin & Ohira, 1976"
"ダイミョウオチバメダカハネカクシ","Stenus daimio Naomi, 1989"
"ミカドチビケシキスイ","Thymogethes gagathinus (Erichson, 1845)"
"クチノエラブメダカアリヅカムシ","Trisinus volcaninsulanus (Nomura, 1991)"
"イクビホソアトキリゴミムシ","Dromius (Dromius) quadraticollis Morawitz, 1862"
"ハハジマヒメハナノミ","Falsomordellina hahajimana Nomura, 1975"
"ヒコサンツヤヒラタゴミムシ　基亜種","Synuchus (Synuchus) hikosanus hikosanus (Habu, 1955)"
"ツヤヒメヒラタムシ","Megahyliota cryptolucidus Yoshida & Hirowatari, 2016"
"オオシマヤハズカミキリ","Uraecha oshimana Breuning, 1954"
"アマミトガリオオズハネカクシ","Platydracus (Platydracus) amamiensis Ito, 1982"
"アイヌアカコメツキ　本州亜種","Ampedus (Ampedus) ainu hondoensis Kishii, 1985"
"ニセツヤゴモクムシ","Harpaliscus birmanicus Bates, 1892"
"フタアナムネトゲアリヅカムシ","Coryphomodes dionysius (L. W. Schaufuss, 1883)"
"チュウジョウアナアキゾウムシ　八丈島亜種","Seleuca chujoi rugulosa Morimoto, 1982"
"クロハナムグリ","Glycyphana (Glycyphana) fulvistemma Motschulsky, 1860"
"キアシシモフリコメツキ","Actenicerus (Acnitecerus) kiashianus (Miwa, 1928)"
"ミワミズギワアトキリゴミムシ","Peliocypas miwai (Jedlička, 1940)"
"チビクロホシテントウゴミムシダマシ","Derispia shibatai Chûjô & Miyatake, 1961"
"クロシオウミハネカクシ","Rotundicephala pacifica (Sawada, 1971)"
"ツルギケムネチビゴミムシ","Epaphiopsis (Pseudepaphius) tsurugiensis Morita, Yoshida & Itô, 2021"
"ナガサキマメデオキノコムシ","Baeoceroxidium micros (Achard, 1923)"
"ミツノゴミムシダマシ","Toxicum tricornutum Waterhouse, 1874"
"クロヤサクチカクシゾウムシ","Metempleurus nigritus Morimoto, 1981"
"ニッコウコオニアリヅカムシ","Batrisodes (Excavodes) ornatifrons (Sharp, 1883)"
"ヒゲナガビロウドコガネ","Serica boops Waterhouse, 1875"
"ウンモンナガタマムシ","Agrilus undulatipennis Y. Kurosawa, 1976"
"ヒメカツオガタナガクチキ","Eustrophus niponicus Lewis, 1895"
"フユセミゾヨツメハネカクシ","Omalium hibernum Hayashi, 2006"
"タカネヒゲナガアリヅカムシ　基亜種","Pselaphogenius tridentatus tridentatus Sawada, 1969"
"キバネマグソコガネ","Aphodius (Acanthobodilus) languidulus A. Schmidt, 1916"
"キイアカコメツキ","Ampedus (Ampedus) motoshigei Kishii, 1999"
"サカイヒサゴムクゲキノコムシ","Cissidium sakaii Sawada, 2008"
"オガナガゴミムシ","Pterostichus (Nialoe) ogaensis Morita, 1995"
"トサヒメコケムシ","Euconnus (Euconnus) miyatai Hoshina, 2019"
"ニジマルキマワリ","Amarygmus (Amarygmus) cuprarius cuprarius (Weber, 1801)"
"フクオカツヤツチゾウムシ","Asphalmus fukuokaensis Morimoto, 2015"
"ハハジマモリヒラタゴミムシ","Platynus (?) yamaguchii (Kasahara, 1991)"
"コクロナガオサムシ　大峰山脈亜種","Carabus (Leptocarabus) arboreus ohminensis Harusawa, 1978"
"ワモンマルタマキノコムシ","Agathidium (Cyphoceble) annulatum Hisamatsu, 1957"
"オオイネゾウモドキ","Tournotaris bimaculata (Fabricius, 1787)"
"ニッコウクビボソジョウカイ","Asiopodabrus (Asiopodabrus) simillimus (Nakane & Makino, 1989)"
"オオカワツヤゴモクムシ","Trichotichnus (Trichotichnus) ohkawai Morita, 1997"
"フタモンアラゲサルハムシ","Demotina bipunctata Jacoby, 1885"
"カナガワオニニセチビシデムシ","Ptomaphaginus takashii M. Nishikawa, 2017"
"ヒコサンヒラタチビタマムシ","Habroloma (Parahabroloma) hikosanense Y. Kurosawa, 1959"
"イナギツヤツチゾウムシ","Asphalmus chofuensis Morimoto, 2015"
"ヒメアオツヤハダコメツキ　基亜種","Mucromorphus miwai miwai Kishii, 1962"
"クビナガゴミムシ","Ophionea (Ophionea) indica (Thunberg, 1784)"
"キタホソケシマグソコガネ","Trichiorhyssemus nakoshii Ochi, Kawahara & Inagaki, 2021"
"オオツヤケシヒゲブトハネカクシ","Aleochara (Emplenota) yamato Yamamoto & Maruyama, 2012"
"ミナミクロホシテントウゴミムシダマシ","Derispia japonica Kaszab, 1961"
"シマバラヒゲナガアリヅカムシ","Pselaphogenius shimabaranus Nomura, 1999"
"オキオチバメダカハネカクシ","Stenus okiensis Naomi & Shimada, 2008"
"シバタクロニセクビボソムシ","Syzeton shibatai Nomura, 1964"
"ガロアアナアキゾウムシ","Pimelocerus galloisi (Kono, 1934)"
"トドマツアトマルキクイムシ","Dryocoetes striatus Eggers, 1933"
"ヒミコヒメハナカミキリ　基亜種","Pseudopidonia neglecta neglecta (Kuboki, 1982)"
"オオアオチビケシキスイ","Meligethes (Meligethes) cyaneus Easton, 1957"
"ホウノキトゲバカミキリ","Ostedes (Ostedes) sapporensis (Matsushita, 1933)"
"ハケスネアリヅカムシ","Batriscenaulax modestus (Sharp, 1874)"
"リュウガドウエンマアリヅカムシ","Bryaxis? grandicollis Jeannel, 1958"
"ソボナガゴミムシ","Pterostichus (Sphodroferonia) fenestratus Kasahara & Ohtani, 1989"
"ウンナンマルガタゴミムシ","Amara (Amara) silvestrii Baliani, 1937"
"シロテントゲトゲゾウムシ","Colobodes alboguttatus Morimoto, 1988"
"イリオモテズビロキマワリモドキ","Gnesis naitoi Akita & Masumoto, 2013"
"ルイスカレハハネカクシ","Coenonica lewisa (Sharp, 1874)"
"ナガカマヒゲアリヅカムシ","Bythoxenites longiceps Löbl & Kurbatov, 1996"
"クロブチヒゲハネカクシ","Anisolinus hayashii K. Sawada, 1961"
"コウズクワヒメゾウムシ","Moreobaris kozuensis (Morimoto & Miyakawa, 1985)"
"ムネスジフトカミキリモドキ","Asessinia ohmomoi Akiyama & Hori, 2016"
"コガタガムシ","Hydrophilus (Hydrophilus) bilineatus caschmirensis Kollar & Redtenbacher, 1844"
"ウズイメクラチビゴミムシ","Ishikawatrechus septemtrionalis S. Uéno, 2008"
"ジャノアナメクラチビゴミムシ","Yamautidius (Yamautidius) spinulosus S. Uéno, 1982"
"ネブトヒゲナガゾウムシ","Habrissus unciferoides (Nakane, 1963)"
"ヒダクロナガゴミムシ","Pterostichus (Eosteropus) hidanus Morita, 2010"
"クロゲヒメキノコハネカクシ","Sepedophilus armatus (Sharp, 1888)"
"バルマーシギゾウムシ","Curculio (Curculio) balmeri Pelsue & Zhang, 2002"
"オオシロアリハネカクシ","Hodotermophilus gloriosus Naomi & Terayama, 1986"
"ワカヤマオチバメダカハネカクシ","Stenus pubicornis Naomi, 1998"
"タケトゲハムシ","Dactylispa (Platypriella) issikii Chûjô, 1938"
"シイバカタホソヨツメハネカクシ","Philydrodes (Philydrodes) takashii Hayashi, 2022"
"ムナビロアトボシアオゴミムシ","Chlaenius (Lissauchenius) tetragonoderus Chaudoir, 1876"
"ムモンスジバネゴミムシ","Planetes (Heteroglossa) formosanus Jedlička, 1939"
"ユキグニコルリクワガタ　基亜種","Platycerus albisomni albisomni K. Kubota, N. Kubota & Otobe, 2008"
"シバオサゾウムシ","Sphenophorus venatus vestitus Chittenden, 1904"
"オオハラオオヒラタハネカクシ","Siagonium oharai (Naomi, 1995)"
"ニシチビクビボソジョウカイ","Asiopodabrus (Asiopodabrus) neglectus (Nakane, 1989)"
"ネジレヒゲメダカアリヅカムシ","Trisinus torticornis (Nomura, 1991)"
"オオツカヒゲナガハナノミ","Epilichas otsukai Nakane, 1985"
"イキツチゾウムシ","Trachyphilus ikianus Morimoto, 2015"
"チュウブツヤシデムシ","Pteroloma kurosawai M. Nishikawa, 2002"
"カスミハヤシメダカハネカクシ","Stenus kasumi Naomi, 1987"
"ヨツモンナガクチキ","Melandrya (Pseudomelandrya) flavonotata Pic, 1938"
"ホソセスジヒゲブトハネカクシ","Aleochara (Triochara) trisulcata Weise, 1877"
"イツホシヒメテントウ　奄美沖縄島亜種","Sasajiscymnus quinquepunctatus okinawanus (H. Kamiya, 1965)"
"サガミフサヒゲアリヅカムシ","Trisinus sagamianus (Nomura, 1991)"
"ヒメハネビロミズギワゴミムシ","Bembidion (Odontium) japonicum Jedlička, 1961"
"アシナガオニゾウムシ","Gasterocercus longipes Kono, 1932"
"オリーブアナアキゾウムシ","Pimelocerus perforatus perforatus (Roelofs, 1873)"
"ダイダイテントウ","Rodolia pumila Weise, 1892"
"サガスジツヤチビハネカクシ","Edaphus perpropinquus Puthz, 2014"
"コガムシ","Hydrochara affinis (Sharp, 1873)"
"トゲナシダルマツツキノコムシ","Nipponapterocis inermis Kanwanabe, 1995"
"バンダイホソガムシ","Hydrochus mitamurai Hirasawa & Yoshitomi, 2021"
"マダラカレキゾウムシ","Acicnemis maculaalba Roelofs, 1875"
"ドウガネコガシラハネカクシ","Philonthus (Cephalonthus) aeneipennis Boheman, 1858"
"ミヤマクビブトメダカハネカクシ","Stenus miyama Naomi, 1988"
"クロツヤヒラタゴミムシ","Synuchus (Synuchus) cycloderus (Bates, 1873)"
"モモチョッキリ","Rhynchites (Epirhynchites) heros Roelofs, 1874"
"ナガイクシヒゲベニボタル","Macrolycus (Cerceros) nagaii Nakane, 1994"
"ナラハラオオタマキノコムシ","Leiodes naraharai Hoshina, 2012"
"ノコヒゲヒメフトコメツキダマシ","Bioxylus shimoyamai Hisamatsu, 1959"
"ドウキョウホテイケシデオキノコムシ","Scaphobaeocera abnormalis Löbl, 1981"
"リンゴノコキクイムシ","Cryphalus malus Niijima, 1909"
"モリモトヒメナガクチキ","Holostrophus (Holostrophus) morimotoi Sasaji, 1974"
"キュウシュウサドマルクビゴミムシ","Nebria (Sadonebria) trifida Sasakawa, 2008"
"ズカクシナガクチキ","Anisoxya conicicollis Champion, 1916"
"ベニモンキノコゴミムシダマシ　基亜種","Platydema subfascia subfascia (Walker, 1858)"
"アオドウガネ　沖縄島亜種","Anomala albopilosa yashiroi Sawada, 1950"
"チビミズギワゴミムシ","Polyderis microscopicus (Bates, 1873)"
"ハダカケシツブチョッキリ","Auletobius (Auletobius) calvus (Sharp, 1889)"
"イシガキフサヒゲホソカッコウムシ","Diplopherusa kitamurai Nakane, 1989"
"カネコクビボソジョウカイ","Asiopodabrus (Asiopodabrus) kanekoi Takahashi, 2012"
"オオメナガヒゲナガゾウムシ","Ulorhinus gokani Morimoto, 1981"
"キスジトラカミキリ","Cyrtoclytus caproides (Bates, 1873)"
"ハネモンシリホソハネカクシ","Tachyporus (Tachyporus) picturatus (Reitter, 1913)"
"ズグロホソオオキノコ","Dacne (Xenodacne) zonaria zonaria Lewis, 1887"
"ヤマトケシマキムシ","Melanophthalma (Melanophthalma) japonica Johnson, 1976"
"エゾムモントゲヒゲトラカミキリ","Grammographus jezoensis (Matsushita & Tamanuki, 1935)"
"ヤエヤママメアリヅカムシ","Morana rhynchocephala Arai, 2003"
"オオツカヒメテントウ","Sasajiscymnus ohtsukai (Sasaji, 1982)"
"ツヤケシデオキノコムシ","Scaphisoma laevigatum Löbl, 1970"
"フタモンクロテントウ","Cryptogonus orbiculus (Gyllenhal, 1808)"
"アワクビボソハムシ","Oulema (Oulema) dilutipes (Fairmaire, 1888)"
"カエデハムシ","Xanthogaleruca seminigra (Jacoby, 1885)"
"アマミキノコゴミムシダマシ","Platydema amamiensis Akita, 2011"
"ヤエヤマキベリクロハナボタル　基亜種","Plateros rufomarginatus rufomarginatus Chûjô & M. Satô, 1970"
"クロオサムシ　東北地方中部亜種","Carabus (Ohomopterus) albrechti hagai Takami & Ishikawa, 1997"
"ツマキケシデオキノコムシ","Scaphisoma haemorrhoidale Reitter, 1877"
"フタオビツツキノコムシ","Ditrichocis bifasciatus (Reitter, 1877)"
"アサヒナアカマダラセンチコガネ","Nothochodaeus asahinai (Y. Kurosawa, 1968)"
"ルイスザイノキクイムシ","Ambrosiodmus lewisi (Blandford, 1894)"
"オキナワヤホシゴミムシ","Lebidia kasaharai Arai & Morita, 2021"
"オクミノアカバトガリオオズハネカクシ","Platydracus (Platydracus) kentaroi Hayashi, 2022"
"コエンマムシ","Margarinotus (Grammostethus) niponicus (Lewis, 1895)"
"エトロフコバネナガハネカクシ","Lathrobium (Lathrobium) minakawai Y. Watanabe, 2004"
"ヒラノマルガタテントウダマシ","Dexialia hiranoi Narukawa, 2013"
"キタカミナリハムシ","Altica japonica Ohno, 1960"
"ハンノキカミキリ","Cagosima sanguinolenta Thomson, 1864"
"モロツカクビボソジョウカイ","Asiopodabrus (Asiopodabrus) morotsukaensis Takahashi, 2012"
"ニセエゾセスジガムシ","Helophorus (Rhopalohelophorus) orientalis Motschulsky, 1860"
"イリエメクラチビゴミムシ","Allotrechiama (Allotrechiama) iriei S. Uéno, 1970"
"ヒメキボシチビヒラタムシ","Laemophloeus kraussi Ganglbauer, 1897"
"クメジマアシナガミゾドロムシ","Stenelmis hikidai Kamite & Nakajima, 2017"
"ミイロケシデオキノコムシ","Scaphisoma uenoi Löbl, 2022"
"ヒメヒラタゴミムシ","Agonum (Europhilus) bellicum Lutshnik, 1934"
"ホソキバネナガハネカクシ","Megalinus mixtus (Sharp, 1874)"
"タイワンナガカッコウムシ","Opilo formosanus Schenkling, 1912"
"ウスバキスイ","Cryptophagus cellaris (Scopoli, 1763)"
"タナカホソアリモドキ","Stricticollis tobias (Marseul, 1879)"
"クロムクゲミジンムシ","Sericoderus blaisi Paulian, 1950"
"モウセンハナカミキリ　基亜種","Ephies japonicus japonicus Nakane & Ohbayashi, 1961"
"イサオクビボソジョウカイ","Asiopodabrus (Asiopodabrus) isaoi Takahashi, 2012"
"ニシタンザワメクラチビゴミムシ","Trechiama (Trechiama) tanzawanus S. Uéno & Sone, 1994"
"チャイロヒメハナノミ","Glipostenoda phengotrichia Nomura, 1951"
"ビロウドハネカクシ","Dinothenarus (Parabemus) ganglbauerianus (Bernhauer, 1939)"
"ヒロオビジョウカイモドキ","Intybia histrio (Kiesenwetter, 1874)"
"ヤクシマスジザイノキクイムシ","Arixyleborus yakushimanus (Murayama, 1955)"
"ヒダウスカバイロコメツキ","Chatanayus hidaensis Ôhira, 2005"
"ズアカホソオオキノコ","Dacne (Dacne) fungorum fungorum Lewis, 1887"
"ツクシアバタコバネハネカクシ","Nazeris densiventris Koch, 1939"
"ヨツモンミツギリゾウムシ","Baryrhynchus (Eupsalomimus) tokarensis K. Ohbayashi & M. Satô, 1966"
"ナミハンミョウ","Sophiodela japonica (Thunberg, 1781)"
"ササキクビボソハムシ","Lema (Lema) cyanella (Linnaeus, 1758)"
"ムネアカアリモドキカッコウムシ","Thanasimus substriatus (Gebler, 1841)"
"ニセコガシラアオゴミムシ","Chlaenius (Achlaenius) kurosawai Kasahara, 1986"
"ウンゼンコバネメダカハネカクシ","Stenus unzenmontis Naomi & Puthz, 1996"
"エゾカタビロオサムシ","Calosoma (Campalita) chinense chinense Kirby, 1818"
"タイオメクラチビゴミムシ","Rakantrechus (Paratrechiama) taio S. Uéno & Sone, 2000"
"イワキツヤゴモクムシ","Trichotichnus (Trichotichnus) abei Morita, 1997"
"ヒメキイロマグソコガネ","Aphodius (Subrinus) sturmi Harold, 1870"
"デメヒラタケシキスイ","Epuraea (Haptoncurina) motschulskii Reitter, 1873"
"ウストホシハムシ","Gonioctena (Gonioctena) flavicornis flavicornis (Suffrian, 1851)"
"ホソヒメマキムシ","Dienerella (Dienerella) filum (Aubé, 1850)"
"マツモトシロアリハネカクシ","Trichopsenius matsumotoi Naomi & Terayama, 1986"
"ムネアカサルハムシ","Basilepta ruficollis (Jacoby, 1885)"
"ニキツキイニセハナノミ","Orchesia (Clinocara) duplicata Nikitsky, 1985"
"ヒメゴマダラオトシブミ","Paroplapoderus (Gomadaranus) vanvolxemi (Roelofs, 1875)"
"ヒラタチャイロコガネ","Sericania alternata Sawada, 1938"
"メロンサビカミキリ","Apomecyna (Apomecyna) saltator (Fabricius, 1781)"
"オオアバタウミベハネカクシ","Cafius (Pseudoremus) vestitus (Sharp, 1874)"
"リシリマルガタゴミムシ","Amara (Paracelia) quenseli quenseli (Schönherr, 1806)"
"4): 181-186.","Kasahara, S. & Y. Itô, 1994a. Two new patrobine carabid beetles from Shikoku, southwest Japan (Coleoptera). Transactions of the Shikoku Entomological Society, 20(3"
"キタムネスジミギワハネカクシ","Erichsonius (Sectophilonthus) hokkaidoensis Uhlig & Y. Watanabe, 1992"
"エゾスソハダケハネカクシ","Thinobius (Thinobius) nomurai Naomi, 1995"
"センカクヒメスジコガネ","Anomala polyanor Ohaus, 1916"
"ヘソヨフシエンマムシ","Acritus (Acritus) tuberisternus Cooman, 1932"
"ガロアイネゾウモドキ","Dorytomus (Alycodes) galloisi Korotyaev, 1996"
"チビケカツオブシムシ","Trinodes rufescens Reitter, 1877"
"クロオビホソミツギリゾウムシ","Mesoderes latecostatus (Kleine, 1916)"
"ヒトイロコバネメダカハネカクシ","Stenus unicoloratus Naomi & Puthz, 2006"
"モニワメクラチビゴミムシ","Trechiama (Trechiama) paucisaeta S. Uéno & Y. Nishikawa, 2001"
"ヤマトナガメダカハネカクシ","Stenus yamato Naomi, 1988"
"ツシマナガゴミムシ","Pterostichus (Sphodroferonia) symmetricus Straneo, 1955"
"ヒジリハヤシメダカハネカクシ","Stenus hijiri Naomi, 1989"
"コクロチョッキリ","Cartorhynchites (Cartorhynchoides) subtilis (Y. Sawada, 1993)"
"オガサワラタマムシ","Chrysochroa holstii Waterhouse & Gahan, 1890"
"クロトゲサルゾウムシ","Homorosoma aterrimum (Hustache, 1916)"
"ムナゲホソジョウカイ","Lycocerus daitoensis (Kinoda & Nakane, 1993)"
"エゾクロヒラタゴミムシ","Platynus (Platynus) assimilis (Paykull, 1790)"
"ワモンヒョウタンゾウムシ　基亜種","Sympiezomias lewisi lewisi (Roelofs, 1879)"
"ダエンマルテントウダマシ","Mychothenus asiaticus Sasaji, 1978"
"クロモンキイロイエカミキリ","Zoodes japonicus Hayashi, 1963"
"ケシダニヒメテントウ","Stethorus (Allostethorus) parapauperculus Pang, 1966"
"ヤエヤマオオナガケシデオキノコムシ","Scaphicoma hiranoi (Hoshina, 2008)"
"アマミヒョウタンメダカハネカクシ","Dianous amamiensis K. Sawada, 1960"
"ヒメヒゲナガカミキリ　四国亜種","Monochamus (Monochamus) subfasciatus shikokensis Breuning, 1956"
"エゾトゲヒメツツキノコムシ","Sulcacis japonicus (Nobuchi, 1960)"
"アキオサムシ　周防亜種","Carabus (Ohomopterus) chugokuensis umekii Imura & Mizusawa, 1999"
"ミヤマヒメハナカミキリ","Pseudopidonia sylvicola (Kuboki, 1977)"
"オモトハラビロコケムシ","Cephennomicrus pseudojaponigenus Jałoszyński, 2009"
"ニッポンチビコブツノゴミムシダマシ　基亜種","Byrsax niponicus niponicus Lewis, 1894"
"ナカネナガエンマムシ","Platysoma (Platysoma) takehikoi Ôhara, 1986"
"オオツツホソナガクチキ","Xylita laevigata (Hellenius, 1786)"
"トウヒノホソキクイムシ","Crypturgus pusillus (Gyllenhal, 1813)"
"ヒサマツタマキノコムシモドキ","Clambus hisamatsui Endrödy-Younga, 1986"
"キバネナガハネカクシ","Megalinus suffusus (Sharp, 1874)"
"ツヤヒメキノコハネカクシ","Sepedophilus tristiculus (Weise, 1877)"
"タイワンババチビドロムシ","Mexico taiwanus (M. Satô, 1994)"
"キュウシュウトゲバカミキリ","Rondibilis (Rondibilis) amanoi (Hayashi, 1961)"
"イトヒゲニセマキムシ","Dasycerus japonicus Nakane, 1963"
"ヒメサビキコリ","Agrypnus scrofa (Candèze, 1873)"
"フサヒメヒゲナガゾウムシ","Rhaphitropis midori Shibata, 1978"
"コウジツヤムネハネカクシ","Quedius (Microsaurus) kojii Y. Watanabe & Yoshida, 2008"
"ツノカミキリモドキ","Nacerdes (Xanthochroa) antennata (Lewis, 1895)"
"アマミオオニジゴミムシダマシ","Euhemicera nodokai (Nakane, 1963)"
"マヤサンナガチビゴミムシ","Trechiama (Trechiama) maja S. Uéno, 2002"
"リュウキュウダンダラカッコウムシ","Stigmatium ryukyuense Miyatake, 1985"
"コマルムネゴミムシダマシ　基亜種","Nalassus (Nalassus) brunnea brunnea (Marseul, 1876)"
"イシガキアカホシテントウ","Chilocorus ishigakensis H. Kamiya, 1959"
"チョウセンオオタマキノコムシ","Leiodes koreana Park & Ahn, 2007"
"ヨツバチャイロコガネ","Sericania quadrifoliata (Lewis, 1895)"
"ソーンダーズチビタマムシ","Trachys saundersi Lewis, 1893"
"ヒラノモリヒラタゴミムシ","Agonum (Shibataia) hiranoi Habu, 1972"
"オオシマカクムネベニボタル　基亜種","Ponyalis oshimana oshimana (Nakane, 1961)"
"ヒメヒラタタマムシ","Anthaxia (Haplanthaxia) proteus E. Saunders, 1873"
"ヘリムネマメコメツキ","Yukoana carinicollis (Lewis, 1894)"
"ナカミヨリオオズナガゴミムシ","Pterostichus (Smilodonialoe) nakamiyorinus Morita, Ohkawa & Kurihara, 2013"
"ヒメアカマダラケシキスイ","Lasiodites sadanarii S-T. Hisamatsu, 2005"
"カタアカナガクチキ","Hira humerosignata Hayashi, 1960"
"ニセベニコメツキ","Plenomus makiharai Ôhira, 1970"
"アサカワマメゴモクムシ","Stenolophus (Astenolophus) asakawaensis Habu, 1973"
"オキナワオオミズスマシ　基亜種","Dineutus (Dineutus) mellyi mellyi Régimbart, 1880"
"オニオオタマキノコムシ","Leiodes yamauchii Hoshina, 2012"
"ホズミナガゴミムシ","Pterostichus (Nialoe) hozumii Ishida, 1961"
"キボシセンチコガネ","Bolbochromus ryukyuensis Masumoto, 1984"
"クロエンマムシ","Hister concolor Lewis, 1884"
"イヘヤダルマガムシ","Hydraena (Hydraenopsis) iheya Jäch & Diaz, 1999"
"キイミスジヒシベニボタル","Benibotarus (Benibotarus) gotoi Matsuda, 2011"
"エチゴオオズナガゴミムシ","Pterostichus (Smilodonialoe) asahinus Habu & Baba, 1960"
"ユフインツヤミズギワコメツキ","Oedostethus tsutsumiuchii Ôhira, 2006"
"スミイロオオアラメハムシ","Galeruca (Galeruca) tanaceti incisicollis Motschulsky, 1969"
"シマイクビチョッキリ","Caenorhinus (Flavodeporaus) insularis (Y. Sawada, 1993)"
"キブネアカコメツキ","Ampedus (Ampedus) kibunensis Kishii, 1966"
"アカチャモンキノコハネカクシ","Lordithon (Lordithon) humeronotatus L. -Z. Li & N. Ohbayashi, 1999"
"ケブカケシマキムシ","Melanophthalma (Melanophthalma) evansi Johnson, 1972"
"ヒメクロナガコメツキ","Parallelostethus georgelewisi (W. Suzuki, 1985)"
"シロオビゴマフカミキリ","Falsomesosella (Falsomesosella) gracilior (Bates, 1884)"
"タイシャクナガチビゴミムシ　阿哲亜種","Trechiama (Trechiama) yokoyamai ishikawai S. Uéno, 1958"
"アシナガコクゾウムシ","Laogenia formosana Heller, 1926"
"カタシナナガゴミムシ　亜種","Pterostichus (Nialoe) katashinensis naganoensis Tanaka, 1958"
"トクノシマクロハナボタル","Plateros ohbayashii Matsuda, 2023"
"ヤマトオオクビボソハネカクシ","Stilicoderus japonicus Y. Shibata, 1968"
"オオクロツヤヒラタゴミムシ","Synuchus (Synuchus) nitidus nitidus (Motschulsky, 1861)"
"アオバホソハナカミキリ　基亜種","Strangalomorpha tenuis tenuis Solsky, 1873"
"アカゲハナボタル","Plateros purpurivestis Gorham, 1883"
"アトワアオゴミムシ","Chlaenius (Pachydinodes) virgulifer Chaudoir, 1876"
"チビヨツボシゴミムシダマシ","Basanus fukudai Nakane, 1968"
"オオアナメクラチビゴミムシ","Trechiama (Trechiama) cordicollis S. Uéno, 1974"
"ムネカドデオキスイ","Carpophilus (Ecnomorphus) acutangulus Reitter, 1884"
"アラハダハバムネヒメハネカクシ","Pelioptera (Pelioptera) exasperata (Kraatz, 1859)"
"アヤモンチビカミキリ　沖永良部島亜種","Sybra (Sybra) ordinata okinoerabuensis Hayashi, 1972"
"ヘリモンセマルヒラタムシ","Psammoecus hiraoi Yoshida & Hirowatari, 2013"
"オオムネナガシンクイ","Bostrychopsis parallela (Lesne, 1895)"
"タナカキモンナガハネカクシ","Lobrathium (Lobrathium) isamutanakai T. Ito, 2009"
"2): 68.","長尾　悟, 1972. 四国におけるオオトラカミキリの記録. Entomological Review of Japan, 24(1"
"スルガクロナガゴミムシ","Pterostichus (Eosteropus) abensis Morita, 2010"
"ヨコヤマヒメカミキリ","Ceresium holophaeum Bates, 1873"
"イヌナキヤマツチゾウムシ","Trachyphilus inunakiyamanus Morimoto, 2015"
"アカチャヒメコケムシ","Euconnus (Euconnus) raucus Sharp, 1886"
"キマダラヒゲナガゾウムシ","Tropideres naevulus Faust, 1887"
"ミヤマアザミカミナリハムシ","Altica kimotoi Suenaga, 2020"
"マメホソクチゾウムシ","Pseudopiezotrachelus collare (Schilsky, 1906)"
"カドムネチビキカワムシ","Lissodema validicorne Lewis, 1895"
"ヒメヒラタチビタマムシ","Habroloma (Parahabroloma) atronitidum (Gebhardt, 1929)"
"オオムネケシチビシデムシ","Anemadiola inordinata Szymczakowski, 1963"
"ツマアカマルハナノミダマシ","Eucinetus haemorrhoidalis (Germar, 1818)"
"オサムシモドキ","Craspedonotus tibialis Schaum, 1863"
"リュウキュウツヤハナムグリ　九州亜種","Protaetia (Pyropotosia) pryeri esakii Nakane, 1956"
"クロハラホソハネカクシ","Atanygnathus juang Smetana, 1995"
"オガサワラキノコツヤハネカクシ","Gyrophaena (Gyrophaena) ogasawarensis Hashizume, Hirai & Maruyama, 2025"
"アカウキクサゾウムシ","Stenopelmus rufinasus Gyllenhal, 1835"
"カノコサビカミキリ　吐噶喇亜種","Apomecyna (Apomecyna) naevia tsutsuii Hayashi, 1956"
"ウエノホソヒゲハネカクシ","Trichophya uenoi Naomi, 1995"
"ハコネホソハナカミキリ","Idiostrangalia hakonensis (Matsusita, 1933)"
"ヒメコブヒゲナガゾウムシ","Gibber nodulosus (Sharp, 1891)"
"リュウキュウコガシラハネカクシ","Philonthus (Cephalonthus) shoueni T. Ito, 2015"
"サキシマドウボソカミキリ","Hyllisia (Hyllisia) taihokensis Matsushita, 1933"
"アマミフトカミキリ","Peblephaeus satoi Makihara, 2003"
"ドウガネツヤハムシ","Oomorphoides cupreatus (Baly, 1873)"
"キシイミズギワコメツキ","Fleutiauxellus (Migiwa) kishiii (Ôhira, 1967)"
"カミヤササコクゾウムシ","Diocalandra kamiyai Morimoto, 1978"
"フセトゲヒメハナノミ","Mordellochroa (Tolidostena) fusei Tokeji, 1953"
"オカベセボシジョウカイ　基亜種","Lycocerus okabei okabei (Takahashi, 1992)"
"ヨナグニトゲハムシ","Asamangulia yonakuni (Kimoto & Gressitt, 1966)"
"オガサワラコブヒゲナガゾウムシ","Gibber ogasawarensis Morimoto, 1981"
"ハタヤマアカベニボタル","Plateros hatayamai Matsuda, 2008"
"コマヤマメクラチビゴミムシ","Kurasawatrechus notsui S. Uéno, 1983"
"ニセメダカハネカクシ","Stenaesthetus sunioides Sharp, 1874"
"モンキナガクチキムシ","Penthe japana Marseul, 1876"
"ケブカジョウカイモドキ","Dasytes (Anthoxenus) tomokunii M. Satô, 1986"
"ヨツメキクイムシ","Polygraphus poligraphus (Linnaeus, 1758)"
"ムネビロミジンムシ","Arthrolips curta Paulian, 1962"
"ザオウナガチビゴミムシ","Trechiama (Trechiama) namigatai S. Uéno, 1989"
"ヨツボシツヤナガゴミムシ","Abacetus tanakai Straneo, 1961"
"ニセルイスツブゲンゴロウ","Laccophilus lewisioides Brancucci, 1983"
"ベニモンツヤミジンムシ","Clypastraea polita (Reitter, 1878)"
"ミナミスナゴミムシダマシ","Gonocephalum (Gonocephalum) moluccanum (Blanchard, 1853)"
"ヒメスジミズギワゴミムシ","Bembidion (Plataphus) pliculatum Bates, 1883"
"エゾアメイロカミキリ","Obrium brevicorne Plavilstshikov, 1940"
"ミゾアカハネムシ","Pseudopyrochroa brevitarsis (Lewis, 1887)"
"ネアカマルケシキスイ","Neopallodes inermis Reitter, 1884"
"アカアシクチブトサルゾウムシ","Rhinoncus cribricollis Hustache, 1916"
"コウノマルタマキノコムシ","Agathidium (Neoceble) kohnoi Hoshina, 2001"
"メナシウスイロムクゲキノコムシ","Ptinella mekura Kubota, 1943"
"ソボムネスジミギワハネカクシ","Erichsonius (Sectophilonthus) sobosanus Y. Watanabe, 1963"
"ムネボソヨツメハネカクシ","Boreaphilus japonicus Sharp, 1874"
"イイデクロナガゴミムシ","Pterostichus (Eosteropus) noborui Morita, 2008"
"ルイスオオアリガタハネカクシ","Paederus (Megalopaederus) lewisi (Cameron, 1930)"
"コカタビロゾウムシ","Trigonocolus sulcatus Roelofs, 1875"
"ホソカミキリモドキ　吐噶喇亜種","Dryopomera yatoi tokarensis (Nakane, 1954)"
"フタモンヒメコキノコムシ","Litargus (Litargosomus) unifasciatus Reitter, 1889"
"イノウエホソヒラタゴミムシ","Trephionus niumontanus Sasakawa, 2018"
"オオケブカキクイゾウムシ","Himatium (Himatium) reticulatum (Konishi, 1962)"
"クロフシロクチカクシゾウムシ","Eutyrhinus yakushimanus (Nakane, 1963)"
"チュウジョウケシタマムシ","Aphanisticus okinawanus Ohmomo, 2004"
"ゴトウミズギワゴミムシ","Bembidion (Asioperyphus) gotoense Habu, 1973"
"アイヌキンオサムシ　択捉島亜種","Carabus (Megodontus) kolbei chishimanus (Nakane, 1961)"
"タイワンケシゲンゴロウ","Hyphydrus lyratus lyratus Swartz, 1808"
"アオバネサルゾウムシ","Ceutorhynchus ibukianus Hustache, 1916"
"フライシャーナガタマムシ","Agrilus fleischeri Obenberger, 1925"
"ヒメキモンメダカオオキバハネカクシ","Megalopinus (Megalopinus) praeclarus Naomi & Nomura, 2015"
"オオマドボタル","Pyrocoelia discicollis (Kiesenwetter, 1874)"
"マルムネヒゲボソゾウムシ","Phyllobius (Otophyllobius) globicollis Morimoto & Miyakawa, 2006"
"ムネビロハネカクシ","Algon grandicollis Sharp, 1874"
"リュウキュウヒゲブトエンマアリヅカムシ","Trissemus (Trissemus) clavatus (Motschulsky, 1851)"
"ナスツツナガハネカクシ","Lobrathium (Lobrathium) ishidai Ito, 1996"
"ヨツアナミズギワゴミムシ　亜種","Bembidion (Plataphodes) tetraporum kurosawense Habu & Baba, 1958"
"マルムネトゲトゲゾウムシ","Colobodes rotundicollis Morimoto, 1988"
"リュウキュウツツナガハネカクシ","Lobrathium (Lobrathium) ryukyuense Ito, 1996"
"ムモンチャイロテントウ","Micraspis kurosai Miyatake, 1977"
"ホソツヤミズギワコメツキ　基亜種","Menoko pallidula pallidula Kishii, 1976"
"ダエンカクホソカタムシ","Philothermus depressus Sharp, 1885"
"クシヒゲホソカッコウムシ","Paracladiscus atricolor Miyatake, 1965"
"コナガアリヅカムシ","Leptoplectus remyi (Jeannel, 1961)"
"ニュウガサメクラチビゴミムシ","Kurasawatrechus longulus S. Uéno, 1973"
"モリグチナギサハネカクシ","Bryothinusa moriguchii Liu, Ono & Maruyama, 2021"
"リュウキュウヒメアメイロカミキリ","Longipalpus dilatipennis (Gressitt, 1935)"
"カラカネカワベメダカハネカクシ","Stenus mercator Sharp, 1889"
"アシブトエンマアリヅカムシ","Trissemus (Trissemus) crassipes (Sharp, 1874)"
"コヒメデオキノコムシ","Scaphidium montivagum Shirôzu & Morimoto, 1963"
"カクムネハネナガヨツメハネカクシ","Olophrum vicinum Sharp, 1889"
"クロバハラグリハムシ","Euliroetis abdominalis (Baly, 1874)"
"フタオビヒメサビカミキリ　基亜種","Sybra (Microzotale) uenoi uenoi (Hayashi, 1956)"
"セマダラコガネ","Exomala (Exomala) orientalis (Waterhouse, 1875)"
"フトネクイハムシ","Donacia (Donaciomima) clavareaui Jacobson, 1906"
"シラカミヌレチゴミムシ","Apenetretus michinorii Morita, 2021"
"ヒガシカガワツチゾウムシ","Trachyphilus fujimotoi Morimoto, 2015"
"シロウマアナアキゾウムシ","Hylobius (Callirus) shiroumaensis (Morimoto, 1982)"
"コヒゲナガビロウドコガネ 基亜種","Serica brevitarsis brevitarsis Nomura, 1972"
"ヒラタマルゴミムシ","Cosmodiscus platynotus (Bates, 1873)"
"ヒサカキノキクイムシ","Xyleborinus octiesdentatus (Murayama, 1931)"
"オオメチビツヤムネハネカクシ","Heterothops rotundiceps Sharp, 1889"
"カバノキハムシ","Syneta adamsi Baly, 1877"
"キウスバツツハネカクシ","Eleusis terminata Fauvel, 1869"
"ハラゲビロウドコガネ","Nipponoserica pubiventris Nomura, 1976"
"ナガヒョウホンムシ","Ptinus (Cyphoderes) japonicus Reitter, 1877"
"オワセクビボソジョウカイ","Asiopodabrus (Asiopodabrus) owasensis Takahashi, 2012"
"チャイロチビケシキスイ","Lamiogethes shimoyamai (Hisamatsu, 1964)"
"ハクサンドウガネナガハネカクシ","Platydomene hakusana Y. Watanabe, 2008"
"ヒメギンゲメダカハネカクシ","Stenus puberulus Sharp, 1874"
"シリブトヒメコケムシ","Euconnus (Euconnus) fustiger (Sharp, 1874)"
"ヤマトヒメコケムシ","Euconnus (Euconnus) japonicus (Sharp, 1874)"
"キセスジハムシ","Haplosomoides miyamotoi Kimoto, 1965"
"マスダチビヒラタドロムシ","Malacopsephenoides japonicus (Masuda, 1935)"
"エゾマツケブカキクイゾウムシ","Himatium (Himatium) piceae (Konishi, 1962)"
"ナガサキコキクイムシ","Hypothenemus birmanus (Eichhoff, 1878)"
"ムネアカオオトビハムシ","Luperomorpha collaris (Baly, 1874)"
"ミヤママルクビゴミムシ","Nippononebria (Nippononebria) chalceola (Bates, 1883)"
"クルミノコキクイムシ","Cryphalus jugransi Niijima, 1913"
"ヤクコハナコメツキ　本土亜種","Paracardiophorus nakanei hondoensis Ôhira, 1997"
"ミヤコツヤケシコメツキ","Megapenthes yagii Kishii, 2006"
"クジュウツチゾウムシ","Trachyphilus kujuanus Morimoto, 2015"
"ニシマルムネアリヤドリ","Aspidobactrus semiorbiculatus Maruyama, 2000"
"キボシテントウダマシ","Mycetina amabilis Gorham, 1873"
"ヒメクシヒゲベニボタル　基亜種","Macrolycus (Cerceros) similaris similaris Nakane, 1969"
"クロヘリオオヒゲナガゾウムシ","Mecotropis ogasawarai Morimoto, 1979"
"ブナノコキクイムシ","Cryphalus scopiger Berger, 1917"
"エトロフアカサルゾウムシ","Coeliodinus etorofuensis (Kono, 1935)"
"ナガチビマルハナノミ","Nyholmia seryu (Nakane, 1963)"
"イケンクサビラタマキノコムシ","Pseudcolenis (Pseudcolenis) korekatai Hoshina, 2020"
"イドダケマルクビゴミムシ","Nippononebria (Nippononebria) sawadai Nakane, 1979"
"コクロナガオサムシ　八ヶ岳亜種","Carabus (Leptocarabus) arboreus shinanensis Born, 1922"
"コウセンマルケシガムシ","Peratogonus reversus Sharp, 1884"
"タチゲカタビロメダカハネカクシ","Stenus hirtellus Sharp, 1874"
"イザナギハヤシメダカハネカクシ","Stenus izanagi Naomi & Puthz, 1994"
"クビアカツヤカミキリ","Aromia bungii (Faldermann, 1835)"
"ヒゲナガヒメヒラタムシ","Dendrophagus longicornis Reitter, 1889"
"キヨスミチビシデムシ","Catops saitoae Hoshina & Hayashi, 2016"
"ツヤキカワムシ","Boros schneideri (Panzer, 1796)"
"ホソゲチビツチゾウムシ","Trachyphloeosoma advena Zimmerman, 1956"
"ハラアカチビオオキノコ","Rotitma pallidiventris (Lewis, 1887)"
"アシナガニセオオキバハネカクシ","Pseudoxyporus longipes (Sharp, 1889)"
"ヤダメクラチビゴミムシ","Kurasawatrechus yadai S. Uéno & K. Kitayama, 2005"
"カイアバタコバネハネカクシ","Nazeris masaohayashii Ito, 1991"
"ズグロアラメハムシ","Lochmaea caprea (Linnaeus, 1758)"
"コガタキスイ","Cryptophagus pumilus Reitter, 1874"
"ハイイロカレキゾウムシ","Acicnemis cryptica Lewis & Kojima, 2025"
"ナナカムナビロコケムシ","Cephennodes (Cephennodes) nanaka Hoshina, 2019"
"キタキュウシュウツチゾウムシ","Trachyphilus kitakyushuanus Morimoto, 2015"
"キタキノコツヤハネカクシ","Gyrophaena (Gyrophaena) fusicornis Eppelsheim, 1887"
"オオマルビロウドコガネ","Maladera (?) opima Nomura, 1967"
"オオクビボソハムシ","Lema (Petauristes) pectoralis unicolor Clark, 1991"
"ヒメアカクビボソハムシ","Lema (Lema) coomani Pic, 1924"
"タイワンアラハダドウナガハネカクシ","Palaminus formosae Cameron, 1949"
"イヤチカコバネナガハネカクシ","Nipponolathrobium iyaense Y. Watanabe, 2012"
"ヨツモンエンマコガネ","Onthophagus (Gibbonthophagus) proletarius Harold, 1875"
"ニイサトコバネナガハネカクシ","Lathrobium (Lathrobium) niisatoi Y. Watanabe, 2017"
"アカグロケシデオキノコムシ","Scaphisoma gentile Löbl, 1982"
"ムモンミズギワヨツメハネカクシ","Geodromicus (Geodromicus) sibiricus Bernhauer, 1915"
"イシガキマルムネゴミムシダマシ","Asialassus todai (Ando, 2006)"
"ヤマトニセクビボソムシ","Pseudolotelus japonicus (Champion, 1890)"
"ツヤケシオオゴミムシダマシ","Zophobas (Zophobas) atratus (Fabricius, 1775)"
"ヒラテナガクチキ","Stolius diversipes (Pic, 1932)"
"ケブカカマヒゲアリヅカムシ","Bythoxenites pubiceps Löbl & Kurbatov, 1996"
"チビヒメヒゲナガゾウムシ","Rhaphitropis imperfecta (Sharp, 1891)"
"ビロウドヒラタシデムシ","Oiceoptoma thoracicum (Linnaeus, 1758)"
"アカガネエグリタマムシ　基亜種","Endelus (Endelus) pyrrosiae pyrrosiae Y. Kurosawa, 1985"
"イリエオガサワラクチカクシゾウムシ","Buninus iriei Morimoto, 1981"
"トウキョウクモゾウムシ","Euryommatus tokioensis Nakane, 1963"
"クロヒゲナガマルクビハネカクシ","Nitidotachinus adachii (Y. Watanabe & Shibata, 1961)"
"ミナミスジツヤチビハネカクシ","Edaphus japonicus Sharp, 1889"
"クロアシタマノミハムシ","Sphaeroderma kuroashi Kimoto, 2000"
"アンガスナガケシゲンゴロウ","Hydroporus angusi Nilsson, 1990"
"フタオビミドリトラカミキリ　基亜種","Humeromaculatus (Humeromaculatus) muscosus muscosus (Bates, 1873)"
"タイコンキクイムシ","Scolytoplatypus tycon Blandford, 1893"
"ツツガタホソシバンムシ","Indanobium kyushuense (Nakane, 1989)"
"ナラキマダラツツコメツキ","Subprotelater japonicus Nakane & Hisamatsu, 1991"
"フルホンシバンムシ","Gastrallus immarginatus (Müller, 1821)"
"シオジノキクイムシ","Hylesinus eos Spessivtsev, 1919"
"サカイマルヒメキノコムシ","Aspidiphorus sakaii Sasaji, 1993"
"リュウキュウクロムクゲキスイ","Biphyllus loochooanus Sasaji, 1991"
"オキナワミドリサルハムシ","Colaspoides okinawanus Y. Komiya, 1991"
"クビレナギサハネカクシ","Bryothinusa constricta Liu, Ono & Maruyama, 2021"
"ニジュウヤホシテントウ","Henosepilachna vigintioctopunctata (Fabricius, 1775)"
"オキノエラブコブヒゲカミキリ","Rhodopina okinoerabuana Hayashi, 1961"
"チュウブヒメマルクビゴミムシ","Nebria (Falcinebria) niohozana Bates, 1883"
"ツヤケシミドリヒメコメツキ","Vuilletus peropacus (Nakane, 1959)"
"レンゲミズギワゴミムシ","Bembidion (?) rengense Morita, 2009"
"アルモラセスジハネカクシ","Oxytelus (Tanycraerus) almorensis Cameron, 1930"
"ニセカクムネハネナガヨツメハネカクシ","Olophrum mutatum Scheerpeltz, 1929"
"コシキオビモンヒョウタンゾウムシ","Amystax koshikianus Nakamura & Morimoto, 2015"
"サビカタビロヒメゾウムシ","Omobaris parvula Kojima & Yoshihara, 2009"
"ヒメクロキノコゴミムシダマシ","Platydema sakishimensis Nakane, 1973"
"ヤエヤマミカンナガタマムシ","Agrilus aritai Tôyama, 1985"
"イリオモテオノヒゲアリヅカムシ","Bryaxis iriomotensis Löbl, Kurbatov & Nomura, 1998"
"タカネコガシラハネカクシ","Bisnius jonenensis (K. Sawada, 1965)"
"キタスジヒメガムシ","Hydrobius fuscipes (Linnaeus, 1758)"
"マツノクロキクイムシ","Hylastes ater (Paykull, 1800)"
"アワジツチゾウムシ","Trachyphilus awajianus Morimoto, 2015"
"アマミホソサビキコリ　沖縄島亜種","Agrypnus amamiensis okinawanus (Ôhira, 1967)"
"アカチャコメツキダマシ","Epiphanis cornutus Eschscholtz, 1829"
"ヤママメコメツキ","Yukoana monticola Kishii, 1961"
"オガタスジツヤチビハネカクシ","Edaphus ogatai Puthz, 2010"
"トゲフタオタマムシ","Dicerca tabialis Lewis, 1893"
"ヤクマルムネゴミムシダマシ","Nalassus (Nipponalassus) andoi (Masumoto, 1993)"
"トカラクロオオクチキムシ","Upinella (Upinella) takaii Akita & Masumoto, 2016"
"モンフナガタハナノミ","Ectasiocnemis anchoralis Nomura, 1961"
"クロチビオオキノコ","Tritoma (Tritoma) niponensis (Lewis, 1874)"
"マエモンシデムシ","Nicrophorus maculifrons Kraatz, 1877"
"チバカワベナガエハネカクシ","Ochthephilum chibaense Naomi, 1995"
"キクヤメクラチビゴミムシ","Rakantrechus (Paratrechiama) kikuyai S. Uéno, 1987"
"ナハクビボソジョウカイ　基亜種","Asiopodabrus (Asiopodabrus) nahaensis nahaensis Takahashi, 2012"
"コブヒメツノゴミムシダマシ","Cryphaeus boleti (Lewis, 1894)"
"クモマハナカミキリ","Evodinus borealis (Gyllenhal, 1827)"
"シラケミズギクゾウムシ","Lachnaeus crinitus Schoenherr, 1826"
"ミナミアトワアオゴミムシ","Chlaenius (Pachydinodes) pictus Chaudoir, 1856"
"ヒメクロウリハムシ","Aulacophora lewisii Baly, 1886"
"ネブトクワガタ　沖縄島亜種","Aegus laevicollis nakanei Ichikawa & Imanishi, 1976"
"マサタカアカコメツキ","Ampedus (Ampedus) masatakai Ôhira, 2007"
"オオヨツスジハナカミキリ","Macroleptura regalis (Bates, 1884)"
"チビジュウジベニボタル","Lopheros (Lopheros) minimus Nakane, 1969"
"クロトドキクイゾウムシ","Rhyncolus (Rhyncolus) elongatus (Gyllenhal, 1827)"
"キョクトウコケムシ","Scydmaenus (?) exculcator Kurbatov, 1993"
"ギシギシタコゾウムシ","Hypera (Eririnomorphus) rumicis (Linnaeus, 1758)"
"ジュウジコブサルゾウムシ","Sinauleutes bigibbosus (Hustache, 1916)"
"ヤマトセスジムシ","Omoglymmius (Boreoglymmius) lewisi Nakane, 1978"
"ニホンケブカサルハムシ","Fidia japonica (Ohno, 1958)"
"ボウサンクチカクシゾウムシ","Catabonops monachus Roelofs, 1875"
"ヨシカワキクイムシ","Cyclorhipidion laetum (Niijima, 1909)"
"オニクビカクシゴミムシダマシ","Stenochinus wakoi Masumoto & Akita, 2002"
"イヌノフグリトビハムシ","Longitarsus (Longitarsus) holsaticus (Linnaeus, 1758)"
"コキエヒメメダカハネカクシ","Stenus kokie Naomi, 2004"
"セッツキノコツヤハネカクシ","Gyrophaena (Gyrophaena) settsuensis Cameron, 1933"
"ヤエヤマカギバラヒゲナガゾウムシ","Xanthoderopygus didymus (Jordan, 1924)"
"ムナグロナガハムシ","Zeugophora nigricollis (Jacoby, 1885)"
"タイワンアシナガトビハムシ","Longitarsus (Longitarsus) formosanus Chûjô, 1937"
"タケイフナガタハナノミ","Anaspis (Anaspis) takeii Chûjô, 1957"
"ヨツモンハナノミ　小笠原亜種","Variimorda (Variimorda) ihai boninensis Nomura, 1975"
"クニヨシキクイムシ","Orthotomicus kuniyoshii (Nobuchi, 1959)"
"ワモンナガハムシ","Zeugophora annulata (Baly, 1873)"
"ヒメオオキバハネカクシ","Oxyporus crocatus Fauvel, 1901"
"ユーカラアカコメツキ","Ampedus (Ampedus) yukara Kishii, 1997"
"チャイロマルガタテントウダマシ","Dialexia niisatoi Narukawa, 2017"
"ショウジョウハネカクシ","Thamiaraea (Thamiaraea) diffinis Sharp, 1888"
"チンナイキクイムシ","Polygraphus squamulatus Niijima, 1941"
"タケウチヒゲナガコバネカミキリ　基亜種","Molorchus (Molorchus) takeuchii takeuchii K. Ohbayashi, 1937"
"ツボカミメクラチビゴミムシ","Rakantrechus (Izushites) glaber Naitô, 2022"
"キスジコガネ","Phyllopertha irregularis Waterhouse, 1875"
"カミムラコガシラハネカクシ","Bisnius kamimurai (K. Sawada, 1965)"
"チャイロホソムネハネカクシ","Stenistoderus nothus (Erichson, 1839)"
"キオビナガカッコウムシ","Opilo carinatus Lewis, 1892"
"ミウラメクラゲンゴロウ","Morimotoa miurai S. Uéno, 1957"
"ヒメケゴモクムシ","Harpalus (Pseudoophonus) jureceki (Jedlička, 1928)"
"ルリオオキノコ","Aulacochilus sibiricus bedeli Harold, 1880"
"ルリマルクビゴミムシ　基亜種","Nebria (Boreonebria) shibanaii shibanaii S. Ueno, 1955"
"ガロアミズギワゴミムシ","Bembidion (Sinechostictus) galloisi Netolitzky, 1938"
"チビクロコメツキ","Ampedus (Ampedus) pauxillus (Lewis, 1894)"
"エゾコガシラハネカクシ","Philonthus (Philonthus) nipponicus T. Ito, 2016"
"アラハダクチカクシゾウムシ","Rhadinopus sulcatostriatus (Roelofs, 1875)"
"コヨツモンミズギワコメツキ","Fleutiauxellus (Neomigiwa) interstinctus (Lewis, 1894)"
"モモトゲヒラタケシキスイ","Epuraea (Epuraea) reichardti Sjöberg, 1939"
"シワコバネメダカハネカクシ","Stenus siphonifer Naomi, 2015"
"ノムラアカコメツキ","Ampedus (Parelater) nomurai Ôhira, 1968"
"プーツヒメヒラタハネカクシ","Siagonium puthzi Naomi, 1994"
"コイチャコガネ","Adoretus tenuimaculatus Waterhouse, 1875"
"トゲウスバカミキリ　基亜種","Spinimegopis nipponica nipponica (Matsushita, 1934)"
"ナミヘリハネムシ","Ischalia (Ischalia) patagiata Lewis, 1879"
"フタホシスジバネゴミムシ","Planetes (Planetes) puncticeps Andrewes, 1919"
"ムサシナガゴミムシ","Pterostichus (Nialoe) musashiensis Kasahara, 1993"
"アリノスコブエンマムシ","Eucurtiopsis ohtanii (K. Sawada, 1994)"
"アイカナマルタマキノコムシ　九州亜種","Agathidium (Agathidium) aikanae hizenense Hoshina, 1999"
"ザイノコキクイムシ","Euwallacea minutus (Blandford, 1894)"
"カワラヒメコケムシ","Euconnus (Euconnus) dulcis Sharp, 1886"
"カツラギマルタマキノコムシ","Agathidium (Agathidium) katsuragiae Hoshina, 1998"
"アカマダラヒゲナガゾウムシ　小笠原諸島亜種","Litocerus tokarensis ogasawaranus Shibata, 1980"
"アマミウスグロトラカミキリ","Chlorophorus flavopubescens Hayashi, 1968"
"ミヤマホソチャバネコメツキ","Ampedus (Ampedus) tokugoensis W. Suzuki, 1985"
"トゲヒゲナガアリヅカムシ　大峰山亜種","Pselaphogenius spinifer tuberculipenis Sawada, 1969"
"イイデヌレチゴミムシ","Apenetretus shirahatai (Habu & Baba, 1960)"
"アカネニセクチブトキクイゾウムシ","Stenoscelodes hayashii Konishi, 1962"
"サトウヌレチゴミムシ","Apatrobus satoui (Habu, 1976)"
"クロバヒメジョウカイモドキ","Hypebaeus (Hypebaeus) okinawensis Wittmer, 1958"
"ヤツボシカミキリ","Saperda octomaculata Blessig, 1873"
"ミヤコマメコガネ","Popillia comma Niijima & Matsumura, 1923"
"アオツヤキノコゴミムシダマシ","Platydema marseuli Lewis, 1894"
"アカマダラハナムグリ","Anthracophora rusticola Burmeister, 1842"
"コヤツボシツツハムシ","Cryptocephalus (Cryptocephalus) instabilis Baly, 1873"
"イブシエンマムシ","Hister congener Schmidt, 1885"
"コボトケヒゲナガコバネカミキリ","Molorchus (Molorchus) kobotokensis Ohbayashi, 1963"
"アズマフサヒゲアリヅカムシ","Trisinus tenuiformis (Nomura, 1991)"
"シャミセンコイチャコガネ","Adoretus falciungulatus Nomura, 1965"
"モリオチバアリヅカムシ","Philoscotus sylvestris Nomura, 1988"
"イシガキサビカッコウムシ","Thaneroclerus ishigakiewnsis Murakami, 2016"
"クスノキクイムシ","Phloeosinus seriatus Blandford, 1894"
"ナガサキホソコガシラハネカクシ","Gabrius nigritulus (Gravenhorst, 1802)"
"オバケデオネスイ","Mimemodes monstrosus (Reitter, 1874)"
"クロキバナガミズギワゴミムシ","Bembidion (Desarmatocillenus) tokunoshimanum Nakane, 1956"
"トゲキバツヤツツキノコムシ","Octotemnus aculeatus Kawanabe, 2002"
"オキナワシロスジコガネ","Polyphylla (Granida) schoenfeldti Brenske, 1890"
"トラハナムグリ","Trichius japonicus Janson, 1885"
"サンインヒメツヤドロムシ","Zaitzeviaria sotai M. Hayashi & Yoshitomi, 2015"
"アカイロコミズギワゴミムシ","Tachyura (Tachyura) andrewesi (Jedlička, 1932)"
"ムネアカツヤコメツキ","Ludioschema yushiroi Suzuki, 1999"
"ナガサキヒサゴアリヅカムシ","Arthromelodes optatus Sharp, 1874"
"セスジキノコツヤハネカクシ","Gyrophaena (Gyrophaena) cariniventris Cameron, 1933"
"アカセスジハネカクシ","Oxytelus (Oxytelus) incisus Motschulsky, 1858"
"コナガヒョウホンムシ","Ptinus (Ptinus) villiger (Reitter, 1884)"
"カサハラツノアリヅカムシ","Basitrodes kasaharai Nomura, 2002"
"コクロナガオサムシ　白山亜種","Carabus (Leptocarabus) arboreus hakusanus Nakane, 1961"
"イケウチヒサゴムクゲキノコムシ","Cissidium ikeuchii Sawada, 2008"
"ヘリアカクシヒゲボタル","Cyphonocerus marginatus Lewis, 1895"
"ダイセツカクムネハネナガヨツメハネカクシ","Olophrum consimile Gyllenhal, 1810"
"ダイコンハムシ","Phaedon (Phaedon) brassicae Baly, 1874"
"クロモンヨツメシデムシモドキ","Trigonodemus lebioides (Kraatz, 1877)"
"ミスミメクラチビゴミムシ　基亜種","Rakantrechus (Uozumitrechus) mukaibarai mukaibarai S. Uéno, 1958"
"キベリアオドウガネ","Anomala shirakii Nomura, 1959"
"イブシヒメセスジハネカクシ","Anotylus gregarius (Sharp, 1889)"
"チビヒトツメアオゴミムシ","Callistoides guttula (Chaudoir, 1856)"
"コウノゴマフカミキリ　沖永良部島亜種","Mesosa (Mesosa) konoi okinoerabuensis K. Ohbayashi, 1959"
"ヒラサワツブゲンゴロウ","Laccophilus hebusuensis Watanabe & Kamite, 2020"
"ハバビロセマルヒラタムシ","Psammoecus simoni Grouvelle, 1892"
"アカクビホシカムシ","Necrobia ruficollis (Fabricius, 1775)"
"ホソクロヒメミゾコメツキダマシ","Dromaeolus exilis Bonvouloir, 1871"
"コヨツボシケシキスイ","Glischrochilus (Librodor) ipsoides (Reitter, 1879)"
"ハラアカホソナガクチキ","Phloiotrya (Phloiotrya) rufoventris Nomura, 1958"
"オオミスジマルゾウムシ","Phaeopholus major Roelofs, 1879"
"キョウトケシデオキノコムシ","Scaphisoma unicolor Achard, 1923"
"キヨスミチビハバビロハネカクシ","Proteinus akikoae Hayashi, 2017"
"オキナワアオバホソハムシ","Apophylia elongata (Jacoby, 1896)"
"ハベメクラチビゴミムシ","Trechiama (Trechiama) habei (S. Uéno, 1954)"
"シロジュウロクホシテントウ","Halyzia sedecimguttata (Linnaeus, 1758)"
"シバタハナムグリヨツメハネカクシ","Eusphalerum shibatai Y. Watanabe, 1990"
"オビヒメカツオブシムシ","Attagenus (Attagenus) fasciatus (Thunberg, 1795)"
"ウメノカミキリモドキ　基亜種","Nacerdes (Xanthochroa) umenoi umenoi (Kono, 1937)"
"ヒメフトコメツキダマシ","Bioxylus japonensis (Fleutiaux, 1900)"
"ベニモンヒメヒラタホソカタムシ","Synchita rufosignata (Sasaji, 1984)"
"ムナクボチビフトハネカクシ","Euaesthetus nitidulus Sharp, 1874"
"ホクトダルマガムシ","Hydraena (Hydraena) hokuto Hayashi & Iwata, 2023"
"チュウブオオアオハムシダマシ","Arthromacra majuscula Nakane, 1994"
"アヤスジミゾドロムシ","Graphelmis shirahatai (Nomura, 1958)"
"イシガキカタモンヒメクチキムシ","Mycetochara (Ernocharis) deguchii Akita & Masumoto, 2016"
"ミヤモトクロヒメハナノミ","Pseudomordellina miyamotoi (Nakane, 1956)"
"キシモトコバネメダカハネカクシ","Stenus kishimotoi Naomi & Puthz, 2006"
"ツヤコキクイムシ","Ernoporus japonicus Nobuchi, 1966"
"シロモンチビシギゾウムシ","Archarius notsui (Alonso-Zarazaga & Caldara, 2013)"
"ササジツツガタシバンムシ","Gastrallus sasajii Sakai, 2007"
"ヨコハマヒゲブトチビシデムシ","Colon (Myloechus) naosukei Hoshina & Ooki, 2017"
"スルスミヒメハナノミ","Falsomordellina amamiana (Nomura, 1961)"
"セアカヒメハナノミ","Konomorda takizawai (Kono, 1932)"
"クロツヤハダコメツキ　沖縄島亜種","Hemicrepidius (Hemicrepidius) secessus kuniyoshii Ôhira, 1967"
"シロウズモリヒラタゴミムシ","Hikosanoagonum shirozui (Habu, 1954)"
"オニホソコバネカミキリ　屋久島亜種","Necydalis (Necydalis) gigantea akiyamai Hayashi, 1978"
"ノギヒゲヒメテントウ","Slipinskiscymnus pallidicollis (Mulsant, 1853)"
"オビモンマグソコガネ　九州亜種","Aphodius (Chilothorax) okadai kiritachiensis Ochi, Kawahara & Ohshio, 2012"
"ホテイウミハネカクシ","Liparocephalus litoralis Kirschenblat, 1938"
"コクロナガオサムシ　青森県亜種","Carabus (Leptocarabus) arboreus nepta (Ishikawa, 1984)"
"ツルギマルヒメドロムシ","Heterlimnius inahatai (Kamite, 2015)"
"ヒメツヤエンマムシ","Hister simplicisternus Lewis, 1879"
"タイヘイナガチビゴミムシ","Trechiama (Trechiama) pacatus S. Uéno, 1994"
"エゾオオキバハネカクシ","Oxyporus maxillosus Fabricius, 1793"
"ミスジヒメハナカミキリ","Pseudopidonia gibbicollis (Blessig, 1873)"
"オオシマアオハナムグリ　中之島亜種","Protaetia (Niponoprotaetia) exasperata nakana Nakane, 1956"
"ニッポンアナバラアリヅカムシ","Batriscenellus (Nipponoscenellus) transformis Nomura, 1991"
"ヒゲコメツキダマシ","Cerophytum japonicum Sasaji, 1999"
"ウスグロチビカミナリハムシ","Lesagealtica flavicornis (Baly, 1874)"
"オオカバイロコメツキ","Ectinus dahuricus persimilis (Lewis, 1894)"
"ヤクアオハムシダマシ","Arthromacra yakushimana Imasaka, 2005"
"ナミツチゾウムシ","Trachyphilus vulgaris Morimoto, 2015"
"キイロナガツツハムシ","Smaragdina nipponensis (Chûjô, 1951)"
"ロニノナガタマムシ","Agrilus nicolanus Obenberger, 1924"
"ハクサンツブタマキノコムシ","Besuchetionella hisamatsui Hoshina, 2009"
"サドハナムグリヨツメハネカクシ","Eusphalerum sadoense Y. Watanabe, 2013"
"ヒメジンガサハムシ","Cassida fuscorufa Motschulsky, 1866"
"キンオビハナノミ","Variimorda (Variimorda) flavimana (Marseul, 1877)"
"シナドウガネエンマムシ","Saprinus (Saprinus) pecuinus Marseul, 1855"
"アマミハバビロドロムシ","Dryopomorphus amami Yoshitomi & M. Satô, 2005"
"スギノナガタマムシ","Agrilus suginoi Tôyama, 1985"
"ヨドホソツヤコメツキ","Athousius isamutanakai Kishii, 2004"
"ミヤマクチブトキクイゾウムシ","Stenoscelis brevithoracicus Inoue, 2025"
"セキナガタマムシ　基亜種","Agrilus sekii sekii Ohmomo, 2004"
"アワヒメミスジヒシベニボタル","Japanogreenarus watanabei Matsuda, 2011"
"コミヤカミナリハムシ","Altica komiyai Suenaga, 2020"
"ハコネモリヒラタゴミムシ　基亜種","Nipponagonum hakonum hakonum (Harold, 1878)"
"クロオビケシマキムシ","Corticaria ornata Reitter, 1877"
"クニガミナガケシデオキノコムシ","Scaphoxium kunigamiense Hoshina & Sugaya, 2003"
"ナカグロミジンムシ","Arthrolips lewisii Matthews, 1899"
"アオヒメスギカミキリ","Callidium (Paraeocallidium) chlorizans (Solsky, 1870)"
"エナオオズナガゴミムシ　基亜種","Pterostichus (Smilodonialoe) todai todai Morita & Kanie, 1997"
"タイワンオオオサゾウムシ","Cyrtotrachelus thompsoni Alonso-Zarazaga & Lyal, 1999"
"ヤマトツツニセユミセミゾハネカクシ","Carpelimus (Troginus) niponensis Gildenkov, 2002"
"マルマグソコガネ　対馬亜種","Mozartius jugosus shingoi Ochi, Kawahara & Inagaki, 2006"
"セボシホソナガジョウカイ","Cephalomalthinus maculivertex (Ishida, 1989)"
"オオナガメダカハネカクシ","Stenus indagator Eppelsheim, 1887"
"ブービエヒメハナカミキリ","Pseudopidonia bouvieri (Pic, 1901)"
"カオジロヒゲナガゾウムシ","Sphinctotropis laxus (Sharp, 1891)"
"ズグロカミキリモドキ　日本亜種","Eobia (Eobia) chinensis ambusta Lewis, 1895"
"ツヤマルタマキノコムシ","Agathidium (Agathidium) sublaevigatum Portevin, 1908"
"ニセトックリゴミムシ","Oodes (Oodes) tokyoensis Habu, 1956"
"オオルリミズギワゴミムシ","Bembidion (Asioperyphus) amaurum Bates, 1883"
"ヒロヒゲクロハナノミ","Mordella latipalpis Nomura, 1958"
"ヨツモンカタキバゴミムシ","Badister (Badister) pictus Bates, 1873"
"ツシマムツボシタマムシ","Chrysobothris (Chrysobothris) samurai Obenberger, 1935"
"ニュートンモリツツハネカクシ","Nacaeus newtoniellus Naomi, 1997"
"オンタケツチゾウムシ","Trachyphilus ontakesanus Morimoto, 2015"
"ヒメモンシデムシ","Nicrophorus montivagus Lewis, 1887"
"タテスジドウボソカミキリ　沖縄宮古島亜種","Pothyne formosana liturata Matsushita, 1933"
"フトガタヒメカミキリ　基亜種","Ceresium unicolor unicolor (Fabricius, 1787)"
"アバシリホソアリモドキ","Anthicus abashirensis Nakane, 1988"
"ヤクシマナガタマムシ","Agrilus yakushimensis Tôyama, 1985"
"ワカスギナガツヤゴモクムシ","Trichotichnus (Trichotichnus) chugokuensis N. Ito, 1996"
"ケナガマルキスイ","Toramus glisonothoides (Reitter, 1874)"
"ミヤケキクイサビゾウムシ","Orthosinus japonicus Morimoto & Miyakawa, 1985"
"キバナガゴミムシ　基亜種","Stomis (Stomis) prognathus prognathus Bates, 1883"
"キベリフトカミキリモドキ","Asessinia flavomarginata (Miyatake, 1985)"
"コクワガタ　基亜種","Dorcus rectus rectus (Motschulsky, 1858)"
"アカイロアオハムシダマシ","Arthromacra sumptuosa Lewis, 1895"
"ホソクロクチキムシ","Allecula (Allecula) noctivaga Lewis, 1895"
"アカオビタマクモゾウムシ","Egiona konoi Nakane, 1963"
"アマミツヤゴミムシダマシ","Scaphidema kondoi Nakane, 1968"
"クナシリムナビロミゾコメツキダマシ","Eucnemis anachoreta Kovalev & Nikitsky, 2021"
"コゲチャムナボソコメツキ","Ectinus obscurolineatus Kishii, 1979"
"イリオモテキマワリ","Plesiophthalmus (Plesiophthalmus) gracilis M. T. Chûjô, 1979"
"ワモンオビハナノミ","Glipa (Macroglipa) cinereonigra (Fairmaire, 1893)"
"アセビアシブトゾウムシ","Ochyromera pieridis Kojima & Morimoto, 1998"
"オオツボキノコゴミムシダマシ","Platydema ootsuboi Akita & Masumoto, 2009"
"ツヤチビヒラタエンマムシ","Platylomalus viaticus (Lewis, 1892)"
"アバタコバネハネカクシ　亜種3","Nazeris wollastoni peninsularis Ito, 1991"
"アバタコバネハネカクシ　亜種2","Nazeris wollastoni kyotensis Ito, 1991"
"ホホビロホソヒラタムシ","Silvanoprus longicollis (Reitter, 1876)"
"オオクラナガチビゴミムシ","Trechiama (Trechiama) ohkurai S. Uéno, 1996"
"アバタコバネハネカクシ　亜種1","Nazeris wollastoni harimanus Ito, 1991"
"アイヌキンオサムシ　トマム亜種","Carabus (Megodontus) kolbei nitidipunctatus (Ishikawa, 1966)"
"オバボタル","Lucidina biplagiata (Motschulsky, 1866)"
"ウスアヤカミキリ　伊豆諸島亜種","Bumetopia oscitans heiana Hayashi, 1963"
"ツシマアカスジヒメテントウ","Scymnus (Neopullus) taishuensis Sasaji, 1971"
"シラクモゴボウゾウムシ","Larinus (Phyllonomeus) griseopilosus Roelofs, 1873"
"トビイロカミキリ","Allotraeus (Allotraeus) sphaerioninus Bates, 1877"
"オキナワチビマルハナノミ","Ypsiloncyphon okinawanus (Yoshitomi, 2005)"
"ヒメアシナガハムシ","Monolepta minor Chûjô, 1938"
"キタコブセスジダルマガムシ","Ochthebius (Ochthebius) yoshitomii Jäch & Delgado, 2014"
"クリイロデオキスイ","Carpophilus (Carpophilus) marginellus Motschulsky, 1858"
"ケモンセスジシバンムシ","Xyletinus (Xyletinus) tomentosus Sakai, 1975"
"スゲノハラジロヒメゾウムシ","Limnobaris japonica Yoshihara & Morimoto, 1994"
"イズツヤムネハネカクシ","Quedius (Microsaurus) izuanus Senda & Hayashi, 2022"
"アナムネカクホソカタムシ","Thyroderus porcatus Sharp, 1885"
"アマギアバタコバネハネカクシ","Nazeris watanabei Ito, 1990"
"オクエゾクロマメゲンゴロウ","Agabus (Gaurodytes) affinis (Paykull, 1798)"
"ススキサビカミキリ","Pterolophia (Pterolophia) kubokii Hayashi, 1976"
"シリナガカミキリモドキ","Nacerdes (Xanthochroa) caudata (Kono, 1936)"
"シベリアチビオオキノコ","Triplax sibirica connectens (Lewis, 1887)"
"ネジレツノキノコゴミムシダマシ","Basides iriomotensis (Ando, 1978)"
"コウノゴマフカミキリ　奄美亜種","Mesosa (Mesosa) konoi amamiana Hayashi, 1962"
"メダカツヤハダコメツキ　基亜種","Medakathous jactatus jactatus (Lewis, 1894)"
"ルイスキノコハネカクシ","Lordithon (Lordithon) lewisi (Cameron, 1933)"
"クリバネツヤテントウダマシ","Lycoperdina castaneipennis Gorham, 1874"
"コゲチャホソヒゲナガゾウムシ","Mauia subnotata (Boheman, 1859)"
"シンシュウハナムグリヨツメハネカクシ","Eusphalerum kaoru Y. Watanabe, 1990"
"チャイロメナシタマキノコムシ","Typhlocolenis fusca Hoshina, 2008"
"シナノクロフカミキリ　基亜種","Asaperda agapanthina agapanthina Bates, 1873"
"クロソンマグソコガネダマシ","Bolitotrogus kurosonis Miyatake, 1964"
"イラズメクラチビゴミムシ","Ishikawatrechus cerberus S. Uéno, 1957"
"メダカアトキリゴミムシ","Orionella lewisii (Bates, 1873)"
"ハナバチヤドリキスイ","Antherophagus pallens (Linné, 1758)"
"ケゴモクムシ","Harpalus (Pseudoophonus) ussuriensis vicarius Harold, 1878"
"エゾチビミズギワコメツキ","Negastrius aino Kishii, 1957"
"ゴマダラオオヒゲナガゾウムシ","Peribathys okinawanus Senoh, 1984"
"サクラギマルタマキノコムシ","Agathidium (Macroceble) sakuragiae Hoshina & Narukawa, 1998"
"カタモンヒメキノコハネカクシ","Sepedophilus kobensis (Cameron, 1933)"
"ヤクシマクリタマムシ　奄美亜種","Toxoscelus yakushimensis gressitti Y. Kurosawa, 1977"
"ツシマナガタマムシ","Agrilus tsushimanus Y. Kurosawa, 1963"
"カメザワオオコバネナガハネカクシ","Lathrobium (Lathrobium) kamezawai Y. Watanabe, 2005"
"カブトムシ　沖縄亜種","Trypoxylus dichotomus takarai (Kusui, 1976)"
"フウトウカズラヒメゾウムシ","Lophobaris philippina Heller, 1929"
"セスジユミアシゴミムシダマシ","Promethis striatpennis (Lewis, 1894)"
"ヒメニシキキマワリモドキ","Pseudonautes purpurivittatus (Marseul, 1876)"
"アオスジカミキリ","Xystrocera globosa (Olivier, 1795)"
"ノムラメクラチビゴミムシ　亜種2","Rakantrechus (Paratrechiama) nomurai humerosus S. Uéno, 1960"
"ハマベヒメサビキコリ　尖閣亜種","Agrypnus miyamotoi senkakuanus Ôhira, 2004"
"イシガキトガリバサビカミキリ　基亜種","Iproca ishigakiana ishigakiana Breuning & K. Ohbayashi, 1966"
"モリキバネホソアトキリゴミムシ","Paradromius (Paradromius) longiceps (Dejean, 1826)"
"エゾセスジハネカクシ","Oxytelus (Tanycraerus) jessoensis Bernhauer, 1907"
"キリンヒメメダカハネカクシ","Stenus kirin Naomi & Ito, 2014"
"ナガツヤヒメミツギリゾウムシ","Trachelizus makiharai Morimoto, 1976"
"ノムラメクラチビゴミムシ　亜種1","Rakantrechus (Paratrechiama) nomurai fodinarum S. Uéno, 1960"
"アマミマルヒラタドロムシ","Eubrianax nobuoi M. Satô, 1965"
"ハハジマヒメカタゾウムシ　北部林内亜種","Ogasawarazo (Ogasawarazo) mater griseus Morimoto, 2015"
"セダカコブヤハズカミキリ　北九州亜種","Parechthistatus (Parechthistatus) gibber longicornis Hayashi, 1951"
"タカイスジツヤチビハネカクシ","Edaphus takaii Puthz, 2010"
"42): 9.","永幡嘉之, 1995. 島根県で採集したユリクビナガハムシについて. すかしば, (41"
"ツチイロゾウムシ","Cotasteromimus morimotoi Chûjô & Voss, 1960"
"ワシバナヒラタキクイゾウムシ","Cossonus (Caenocossonus) gibbirostris Roelofs, 1876"
"チャイロヒラタゴミムシ","Dicranoncus pocillator (Bates, 1892)"
"エゾナカグロヒメコメツキ","Dalopius ainu Kishii, 1962"
"キイカクズクビナガムシ","Nematoplus yamato Nakane, 1987"
"ヒラドツヤツチゾウムシ","Asphalmus hiradoensis Morimoto, 2015"
"ケバダルマツツキノコムシ","Nipponapterocis hirsutus Kawanabe, 1995"
"ヤエヤマアカハネムシ","Pseudopyrochroa yaeyamana Kai & Yoshitomi, 2013"
"ヤクチビマメコメツキ","Quasimus (Quasimus) yakuensis Kishii, 1959"
"ダイトウスナゴミムシダマシ","Gonocephalum (Gonocephalum) aokii Akita & Masumoto, 2013"
"マルモンマルトゲムシ","Byrrhus (Byrrhus) pustulatus pustulatus (Forster, 1771)"
"キヨスミツヤツチゾウムシ","Asphalmus kiyosumiensis Morimoto, 2015"
"セモンマルタマキノコムシ","Agathidium (Neoceble) derispioides Nakane, 1954"
"シラホシヒゲナガコバネカミキリ　亜種","Caenoptera minor ikedai (Takakuwa, 1984)"
"キアシノミハムシ","Luperomorpha tenebrosa (Jacoby, 1885)"
"フタホシツヤナガゴミムシ","Chlaeminus annamensis Tschitschérine, 1903"
"カラカネトガリオオズハネカクシ","Platydracus (Platydracus) sharpi Fauvel, 1901"
"ユイサビイロモンキハネカクシ","Protocypus yuinus (Naomi, 1992)"
"ケナガサルゾウムシ","Trichocoeliodes excavatus (Huetache, 1916)"
"トビイロエンマコガネ","Onthophagus (Paraphanaeomorphus) argyropygus Gillet, 1927"
"トゲアシツヤムネハネカクシ","Quedius (Quedionuchus) armipes (Sharp, 1889)"
"カタモンチビコメツキ　屋久島亜種","Zorochros (Pronegastrius) humeralis yakuensis Kishii, 1976"
"クロオビナガセスジホソカタムシ","Bitoma crenata (Fabricius, 1775)"
"アマミキバラヒメハムシ","Taphinellina amamiensis (Nakane & Kimoto, 1961)"
"ホッカイツツムネウミハネカクシ","Diaulota hokkaidona Ahn & Ôhara, 2018"
"ケシハネカクシ","Oligota japonica Bernhauer, 1923"
"ナガマルキスイ","Atomaria (Atomaria) punctatissima Reitter, 1877"
"ミヤマツヤヒラタゴミムシ　基亜種","Synuchus (Synuchus) montanus montanus Lindroth, 1956"
"オキナワシラフクモゾウムシ","Neomecopus tamaderai Fujisawa, Yoshitake & Kojima, 2025"
"ユザワコバネメダカハネカクシ","Stenus serratus Naomi, 2006"
"ダイトウオオシバンムシ","Clada daito Kono & Yoshitomi, 2021"
"アマミスジアオゴミムシ","Chlaenius (Haplochlaenius) insularis (S. Uéno, 1964)"
"シナスナゴミムシダマシ","Gonocephalum (Gonocephalum) klapperichi Kaszab, 1952"
"オオタコゾウムシ","Brachypera (Antidonus) zoilus (Scopoli, 1763)"
"タテスジヒメヒゲナガゾウムシ","Rhaphitropis japonica Shibata, 1978"
"ナガオホソキコメツキ","Agaripenthes nagaoi (Ôhira, 1968)"
"カンショオサゾウムシ","Rhabdoscelus obscurus (Boisduval, 1835)"
"アマミニセクワガタカミキリ　沖縄亜種","Komiyandra shibatai ogurai Fujita, 2018"
"ムツスジアシナガゾウムシ","Sternuchopsis (Sternuchopsis) waltoni (Boheman, 1844)"
"ヨナグニマメアリヅカムシ","Morana donan Arai, 2003"
"コシキハネナシサビカミキリ","Pterolophia (Pseudale) koshikijimana Makihara, 2006"
"カクムネヒメハナカミキリ","Pseudopidonia orientalis (Matsushita, 1933)"
"ミゾツヤドロムシ","Zaitzevia rivalis Nomura, 1963"
"ヒスイコアオハナムグリ","Gametis polita Seshima & Yoshida, 2025"
"ホソキガムネトゲアリヅカムシ","Kigatrodes gracilis (Sharp, 1883)"
"ヤクシマクロチビジョウカイ　基亜種","Malthodes (Hiranous) yakushimanus yakushimanus N. Takahashi, 2001"
"オオホソクビゴミムシ","Brachinus (?) scotomedes Redtenbacher, 1867"
"4): 233-241.","Morimoto, K., 1994a. Notes on orchid weevils in Japan, with description of a new species (Coleoptera: Curculionidae). Transactions of the Shikoku Entomological Society, 20(3"
"ダイセンミズギワナガゴミムシ　基亜種","Pterostichus (Nialoe) daisenicus daisenicus Ishida, 1958"
"オオシマウスイロクチキムシ","Borboresthes ohshimana (Maeda & Nakane, 1988)"
"ミズキノキクイムシ","Dryocoetes cornivorus (Murayama, 1950)"
"ライザンツチゾウムシ","Trachyphilus raizanus Morimoto, 2015"
"イシガキオチバゾウムシ","Otibazo chuhi Yoshitake, 2021"
"リュウキュウヒメカミキリ　伊豆諸島トカラ亜種","Ceresium fuscum hachijoense Matsumura & Matsushita, 1932"
"ホソツヤヒメマキムシ","Holoparamecus (Holoparamecus) depressus Curtis, 1833"
"チビマメゾウムシ","Acanthoscelides pusillimus (Sharp, 1885)"
"エサキメクラチビゴミムシ","Stygiotrechus esakii S. Uéno, 1969"
"ヤマトオサムシダマシ","Blaps (Blaps) japonensis Marseul, 1879"
"アカガネサルハムシ　基亜種","Acrothinium gaschkevitchii gaschkevitchii (Motschulsky, 1861)"
"ニセクロゴモクムシ","Harpalus (Pseudoophonus) simplicidens Schauberger, 1929"
"ナカノムネビロオオキノコ","Microsternus nakanoi Narukawa, 2004"
"ダンドナガゴミムシ","Pterostichus (Nialoe) dandonis Kasahara, 1989"
"ヒコサンヒサゴアリヅカムシ","Arthromelodes hikosanus Nomura, 1991"
"ツシマヒゲナガアリヅカムシ","Pselaphogenius tubipenis K. Sawada, 1969"
"ダイセツオオタマキノコムシ","Leiodes yasudai Hoshina, 2012"
"カラフトヒメヒョウタンゴミムシ","Clivina fossor sachalinica Nakane, 1952"
"キンケノミヒゲナガゾウムシ","Melanopsacus kinke Morimoto, 1978"
"フジクビボソジョウカイ","Asiopodabrus (Asiopodabrus) fujisanus (Nakane & Makino, 1989)"
"プーツツヤケシコケホソハネカクシ","Leptusa (Aphaireleptusa) puthzi Assing, 2002"
"シコクヒョウタンヨツメハネカクシ","Brathinus shikokuensis Y. Watanabe & M. Satô, 1981"
"コウベホソコガシラハネカクシ","Gabrius septempunctatus (Cameron, 1930)"
"ツガノキクイムシ","Dryocoetes pilosus Blandford, 1894"
"オキナワゴマフカミキリ　基亜種","Mesosa (Perimesosa) pictipes pictipes Gressitt, 1937"
"イズモツチゾウムシ","Trachyphilus izumoanus Morimoto, 2015"
"ハガクロヒメジョウカイ","Rhagonycha (Rhagonycha) hagai Kazantsev & Takahashi, 2001"
"3): 7-12.","Ohbayashi, K., 1963a. Systematic notes and descriptions of new forms in Cerambycidae from Japan. Fragmenta Coleopterologica, (2"
"チビカクコガシラハネカクシ","Philonthus (Cephalonthus) discoideus Gravenhorst, 1802"
"セキナガタマムシ　沖縄・八重山亜種","Agrilus sekii yaeyamanus Ohmomo, 2004"
"ハチスカヒゲブトチビシデムシ","Colon (Myloechus) hachisukai Hoshina, 2009"
"オオヒサゴトビハムシ","Chaetocnema (Tlanoma) major (Jacquelin du Val, 1852)"
"キンイロジョウカイ　本州･四国亜種","Themus (Themus) episcopalis purpureoaeneus Yajima & Nakane, 1988"
"クマモトアトマルキクイムシ","Cyrtogenius kumamotoensis (Niijima, 1917)"
"ヒメキンイロジョウカイ","Themus (Themus) midas (Kiesenwetter, 1874)"
"セダカコブヤハズカミキリ　対馬亜種","Parechthistatus (Parechthistatus) gibber tsushimanus K. Ohbayashi, 1961"
"スジケシマグソコガネ","Odochilus convexus Nomura, 1971"
"トウホクナガケシゲンゴロウ","Hydroporus tokui M. Satô, 1985"
"クリアナアキゾウムシ","Pimelocerus exsculptus (Roelofs, 1876)"
"クリイロアシブトコメツキ　基亜種","Podeonius aquilus aquilus (Candèze, 1873)"
"ニセクロズマルヒメハナムシ","Phalacrus brevidens Champion, 1925"
"クロズマルコガシラハネカクシ","Philonthus (Philonthus) flavocinctus Motschulsky, 1858"
"ヒコサンツチゾウムシ","Trachyphilus hikosanus Morimoto, 2015"
"セスジツツハムシ","Cryptocephalus (Cryptocephalus) parvulus Müller, 1776"
"シベリアチビシデムシ","Catops lydiae Iablokff-Khnzorian, 1970"
"オガサワラモンハナノミ","Tomoxia relicta Takakuwa, 1985"
"スベキノコツヤハネカクシ","Gyrophaena (Gyrophaena) laevior Cameron, 1933"
"シュテンメクラチビゴミムシ","Trechiama (Trechiama) shuten S. Uéno, 1978"
"チェンダニヒメテントウ","Stethorus (Allostethorus) chengi Sasaji, 1968"
"マエフタホシテントウ","Phrynocaria unicolor (Fabricius, 1792)"
"フォリヌスチビナガアリヅカムシ","Forinus secundus Kurbatov, 1992"
"ヤノナガゴミムシ","Pterostichus (Nialoe) janoi Jedlička, 1952"
"チャイロツヤハダコメツキ","Scutellathous comes (Lewis, 1894)"
"ニセムナビロムクゲキノコムシ","Acrotrichis (Flachiana) errata Sundt, 1969"
"キソヤマゾウムシ　羅臼亜種","Byrsopages kiso rausuanus Morimoto, 2015"
"ヒロガワラサビイロモンキハネカクシ","Protocypus sabi (Naomi, 1992)"
"クロホソナガクチキ","Phloiotrya (Phloiotrya) rugicollis Marseul, 1876"
"オガサワラカギバラヒゲナガゾウムシ","Xanthoderopygus ogasawarensis Senoh, 1984"
"ジュウジアトキリゴミムシ","Lebia (Poecilothais) retrofasciata Motschulsky, 1864"
"オオクシヒゲベニボタル","Macrolycus (Cerceros) excellens Nakane, 1969"
"アカツヤツツヒラタムシ","Passandra tenuicornis (Grouvelle, 1913)"
"ヤクシマテングベニボタル","Erotides (Glabroplatycis) hayashii Matsuda, 2010"
"タイワンエグリオオキノコ　屋久島亜種","Episcapha (Ephicaspa) asahinai yakushimensis (M. Araki, 1941)"
"ムネオビアオジョウカイモドキ","Cyrtosus (Cyrtosus) vitticollis (Kiesenwetter, 1874)"
"カドホホハバビロハネカクシ","Megarthrus conformis Sawada, 1962"
"アオバヒゲナガハムシ","Dercetina azumai Kimoto & Gressitt, 1966"
"オオバヤシトゲヒゲトラカミキリ","Demonax ohbayashii Samuelson, 1965"
"オオマグソコガネ","Aphodius (Colobopterus) quadratus Reiche, 1850"
"ブシメクラチビゴミムシ","Kusumia militis S. Uéno & Naitô, 2005"
"ミヤモリカクムネヨツメハネカクシ","Archaeoboreaphilus miyamorii (Y. Watanabe, 1988)"
"オキヒメコバネナガハネカクシ","Lathrobium (Lathrobium) okiense Y. Watanabe & Shimada, 2004"
"トサカシバンムシ","Trichodesma (Trichodesma) fasciculae (Reitter, 1877)"
"ヨナグニフタイロチビジョウカイ","Malthinellus yonagunianus Nakamura & Takahashi, 2025"
"マホメクラチビゴミムシ","Trechiama (Trechiama) mahoae S. Uéno, 1980"
"タケノメクラチビゴミムシ","Trechiama (Trechiama) kameyamai Ashida, 2002"
"和名無し　奄美大島亜種","Himaloconnus klapperichianus amamianus Jałoszyński, 2020"
"チウンムナビロコケムシ","Cephennodes (Cephennodes) mizunoi Hoshina & Kishimoto, 2004"
"キアシムナボソコメツキ","Ectinus sepes (Lewis, 1879)"
"アマミヒメジョウカイモドキ","Nepachys ryukyuanus (Wittmer, 1982)"
"チャマダラヒゲナガゾウムシ","Acorynus latirostris (Sharp, 1891)"
"ハイイロハナカミキリ","Rhagium (Rhagium) japonicum Bates, 1884"
"ヒザグロヒメコメツキモドキ","Anadastus menetriesii (Motschulsky, 1860)"
"ヤコンオサムシ　北陸地方亜種","Carabus (Ohomopterus) yaconinus blairi (Breuning, 1934)"
"カタビロカククチゾウムシ","Blosyrus asellus (Olivier, 1807)"
"コブオノヒゲアリヅカムシ","Bryaxis sparcepunctatus Jeannel, 1958"
"イズミメクラチビゴミムシ","Trechiama (Trechiama) dissitus S. Uéno, 1984"
"シバタフナガタハナノミ","Anaspis (Silaria) shibatai Nakane, 1961"
"ツシマダルマガムシ","Hydraena (Hydraena) tsushimaensis Jäch & Díaz, 2012"
"シロスジタコゾウムシ","Hypera (Eririnomorphus) conmaculata (Herbst, 1795)"
"タカオヒメナガゴミムシ","Pterostichus (Rhagadus) takaosanus Habu, 1958"
"ヒラムネメカクシゾウムシ","Mechistocerus japonicus Morimoto & Miyakawa, 1985"
"フジツヤムネハネカクシ","Quedius (Microsaurus) sugai S. Uéno & Y. Watanabe, 1966"
"アマミトビイロセンチコガネ","Bolbelasmus (Bolbelasmus) shibatai Masumoto, 1984"
"ムネアカチビホシカムシ","Opetiopalpus obesus Westwood, 1849"
"タカオアバタコバネハネカクシ","Nazeris ohkurai T. Ito, 1992"
"マトバアカコメツキ　基亜種","Ampedus (Ampedus) matobai matobai Kishii, 1982"
"アカヒゲヒラタコメツキ","Neopristilophus serrifer (Candèze, 1873)"
"チャイロチビマルハナノミ","Contacyphon consobrinus (Nyholm, 1950)"
"ヒメショウジョウハネカクシ","Thamiaraea (Thamiaraea) japonica Cameron, 1933"
"カスリドウボソカミキリ　屋久島奄美諸島亜種","Pothyne variegata hayashii Breuning, 1953"
"リュウキュウホソアカクチキムシ","Allecula (Allecula) ryukyuensis Akita & Masumoto, 2015"
"フチグロヤツボシカミキリ","Pareutetrapha eximia (Bates, 1884)"
"コモンヒメコキノコムシ","Litargus (Litargosomus) japonicus Reitter, 1877"
"オカヤマコバネナガハネカクシ","Lathrobium (Lathrobium) densum Bernhauer, 1936"
"コトックリゴミムシ","Nanodiodes piceus (Nietner, 1856)"
"ニセマグソコガネ","Aegialia (Aegialia) nitida C. O. Waterhouse, 1875"
"アマミミズギワコメツキ","Fleutiauxellus (Neomigiwa) amamiensis (Ôhira, 1967)"
"ツヤヒメドロムシ","Heterlimnius nitidus (Nomura, 1958)"
"エゾキバネアカコメツキ","Ampedus (Ampedus) kibane Kishii, 1994"
"アシュウナガツツキノコムシ","Nipponocis ashuensis Nobuchi, 1959"
"ハセガワモモブトアリヅカムシ","Physomerinus hasegawai Nomura, 1991"
"ミツバキノコツヤハネカクシ","Gyrophaena (Gyrophaena) triquetra Weise, 1877"
"コジマハナムグリヨツメハネカクシ","Eusphalerum kojimai Y. Watanabe, 2015"
"チビコメツキモドキ","Henoticonus triphylloides (Reitter, 1878)"
"ミズギワコメツキ　北海道亜種","Fleutiauxellus (Migiwa) curatus septentrionalis (Kishii, 1976)"
"ムネアカスジバネゴミムシ","Planetes (Planetes) kasaharai Habu, 1978"
"ヒラシマナガタマムシ　八重山亜種","Agrilus hirashimai yaeyamaensis Tôyama, 1985"
"ウスリーホソムネコチビシデムシ","Mesocatops ussuriensis Růžička, 1992"
"セスジナガキマワリ　尖閣諸島亜種","Strongylium (Strongylium) cultellatum araii M. T. Chûjô, 1980"
"カタモンナガチビオオキノコ","Triplax yatoi (Nakane, 1956)"
"クロハナノミ　基亜種","Mordella brachyura brachyura Mulsant, 1856"
"アオムネアカコメツキ　本州亜種","Ampedus (Ampedus) azurescens scutellaris (Lewis, 1894)"
"クルミハムシ","Gastrolina depressa Baly, 1859"
"フクハラツヤゴモクムシ","Trichotichnus (Trichotichnus) fukuharai Habu, 1957"
"ヨツボシホソナガクチキ","Dircaea quadriguttata (Paykal, 1798)"
"ヒサゴチビゴミムシ","Iga formicina S. Uéno, 1953"
"ケブカゴモクムシ","Harpalus (Pseudoophonus) pseudophonoides Schaubérger, 1930"
"シワムネナガゴミムシ","Pterostichus (Nialoe) omogoensis Nakane, 1972"
"ネムノキナガタマムシ","Agrilus subrobustus E. Saunders, 1873"
"フジヤマクロヒメハナノミ","Pseudomordellina fujiyamai Nomura, 1951"
"チビカクマグソコガネ","Rhyparus kitanoi kitanoi Miyake, 1982"
"トミタケブカメダカハネカクシ","Stenus tomitaorum Naomi, 1989"
"オオニジュウヤホシテントウ","Henosepilachna vigintioctomaculata (Motschulsky, 1858)"
"クナシリケシガムシ","Cercyon (Cercyon) sundukovi Ryndevich, Hoshina & Prokin, 2019"
"トサヒメテントウ","Scymnus (Keiscymnus) tosaensis (Sasaji, 1971)"
"ネアカエンマコガネ","Onthophagus (Hikidaeus) shirakii Nakane, 1960"
"アトモンヒメヒョウタンゴミムシ","Aspidoglossa subangulata (Chaudoir, 1843)"
"サイトウツノツツハネカクシ","Priochirus (Euleptarthrus) masahiroi Naomi, 1996"
"コアオマルガタゴミムシ","Amara (Reductocelia) chalcophaea chalcophaea Bates, 1873"
"スギエヒメコバネナガハネカクシ","Lathrobium (Lathrobium) sugiei Y. Watanabe, 1997"
"オキナワコオニケシキスイ","Cryptarcha okinawensis Hisamatsu, 1985"
"チビヒゲブトハネカクシ","Aleochara (Tinotus) eoa Yamamoto & Maruyama, 2016"
"キタツヤマルトゲムシ","Lamprobyrrhulus aino Nakane, 1983"
"ミナミヒメガムシ","Sternolophus inconspicuus (Nietner, 1856)"
"キカサハラハムシ","Xanthonia placida Baly, 1874"
"メボソマルタマキノコムシ","Agathidium (Agathidium) fornicatum Hlisnikovský, 1964"
"ヨシトミオチバメダカハネカクシ","Stenus yoshitomii Naomi, 2015"
"ウスグロヒメコメツキモドキ","Anadastus harmandi Villiers, 1945"
"トカラヤハズカミキリ　基亜種","Uraecha gilva gilva Yokoyama, 1966"
"サツマスギノアカネトラカミキリ　基亜種","Anaglyptus (Anaglyptus) yakushimanus yakushimanus Hayashi, 1968"
"ダイセツチビゴミムシ","Trechus (Trechus) nakaguroi S. Uéno, 1960"
"リュウキュウエゴニセサルゾウムシ","Ceutorhynchoides squamatus Yoshitake & Colonnelli, 2005"
"ニレノミゾウムシ","Orchestes (Orchestes) mutabilis Boheman, 1843"
"ハクサンヒラタゴミムシ","Negreum toyoshimai Morita, 2023"
"アズサクビボソジョウカイ","Asiopodabrus (Asiopodabrus) azusa (Nakane & Makino, 1990)"
"シズオカコバネナガハネカクシ","Lathrobium (Lathrobium) shizuokaense Y. Watanabe, 1986"
"スネケブカヒロコバネカミキリ","Merionoeda (Macromolorchus) hirsuta (Mitino & Nishimura, 1936)"
"キイロアシナガヒメハナムシ","Augasmus nipponicus (Hisamatsu, 1985)"
"タケムラスジコガネ","Mimela yotakemurai Kobayashi, 2017"
"ツンベルグナガゴミムシ","Pterostichus (Morphnosoma) thunbergi A. Morawitz, 1862"
"オキナワマメコガネ","Popillia lewisi Arrow, 1913"
"テラニシオナガミズスマシ","Orectochilus (Orectochilus) teranishii Kamiya, 1933"
"オオメキノコツヤハネカクシ","Phanerota (Acanthophaena) appendiculata (Motschulsky, 1858)"
"ツツジトゲムネサルゾウムシ","Coelioderes fulvus (Roelofs, 1875)"
"アオキミズギワヨツメハネカクシ","Geodromicus (Geodromicus) aokii (Y. Watanabe, 1972)"
"マメヒラタホソカタムシ","Acolophus debilis Sharp, 1885"
"ヘデラアカアシカタゾウムシ","Metapocyrtus (Trachycyrtus) hederaephilus Yoshitake, 2012"
"オンタケツツナガハネカクシ","Lobrathium (Lobrathium) ontakense T. Ito, 2014"
"サイハテイネゾウモドキ","Notaris acridulus acridulus (Linnaeus, 1758)"
"マルアシナガトビハムシ","Longitarsus (Longitarsus) osimaensis Takizawa, 2015"
"チビムクゲケシキスイ","Aethina (Circopes) suturalis Reitter, 1884"
"ヤマトホソガムシ","Hydrochus japonicus Sharp, 1873"
"ミイロムネビロオオキノコ","Microsternus tricolor Lewis, 1887"
"カワサワメクラチビゴミムシ","Rakantrechus (Rakantrechus) kawasawai S. Uéno, 1951"
"ミエカマヒゲアリヅカムシ","Bythoxenites ichihashii Nomura, 2021"
"ルイスチビヒラタムシ","Notolaemus lewisi (Reitter, 1889)"
"ヒラケメクラチビゴミムシ　亜種","Kurasawatrechus hirakei iwasakii S. Uéno, 1979"
"ヒメスジマグソコガネ","Aphodius (Carinaulus) hasegawai Nomura & Nakane, 1951"
"ニセキバラヒメハムシ","Taphinellina chujoi (Nakane, 1958)"
"シロオビノミゾウムシ","Orchestes (Alyctus) rusci (Herbst, 1795)"
"ミヤマルリハナカミキリ","Kanekoa azumensis (Matsushita & Tamanuki, 1942)"
"ムナビロムクゲキスイ","Biphyllus aequalis (Reitter, 1889)"
"ミズベクビボソジョウカイ","Asiopodabrus (Asiopodabrus) palustris (Nakane & Makino, 1989)"
"キヒゲホソクチゾウムシ","Eutrichapion (Eutrichapion) ervi (Kirby, 1808)"
"オンタケクロナガゴミムシ","Pterostichus (Eosteropus) shimizui Morita, 2010"
"カギカズラアシブトゾウムシ","Ochyromera rectirostris Kojima & Morimoto, 1998"
"ウエノツヤアリヅカムシ","Batriscenellus (Batriscenellinus) uenoi Nomura, 1991"
"イソチビゴミムシ　基亜種","Thalassoduvalius masidai masidai S. Uéno, 1956"
"ウスイロフトカミキリ","Peblephaeus yonagunii (Breuning & K. Ohbayashi, 1964)"
"キタガマキスイ","Telmatophilus typhae (Fallén, 1802)"
"アトモンサビカミキリ","Pterolophia (Pterolophia) granulata (Motschulsky, 1866)"
"クロサワヒメジョウカイモドキ　基亜種","Attalus (Attalus) kurosawai kurosawai M. Satô, 1986"
"カシアシナガゾウムシ","Merus (Merus) piceus (Roelofs, 1875)"
"ヤツガタケツヤツチゾウムシ","Asphalmus yatsugatakensis Morimoto, 2015"
"ミジンヒメキノコハネカクシ　対馬亜種","Sepedophilus facilis tsushimanis Naomi & Maruyama, 1998"
"エゾビロウドコガネ　本州亜種","Serica karafutoensis honshuensis Nomura, 1972"
"チビコブカミキリ","Miccolamia (Isomiccolamia) verrucosa Bates, 1884"
"ミエアバタコバネハネカクシ","Nazeris hayashii Ito, 1999"
"アカヘリテントウ","Rodolia rufocincta Lewis, 1896"
"アオウスチャコガネ","Phyllopertha intermixta (Arrow, 1913)"
"コウヤヒメコバネナガハネカクシ","Lathrobium (Lathrobium) koyasanum Y. Watanabe, 2006"
"ヒコサンナガゴミムシ","Pterostichus (Sphodroferonia) hikosanus Kasahara, 1994"
"セスジアカガネオサムシ　大雪山亜種","Carabus (Homoeocarabus) maeander nobuchii (Imura, 2003)"
"ホルンナガエンマムシ","Platylister (Platylister) horni Bickhardt, 1913"
"オキナワクロジョウカイ","Lycocerus yonaensis (M. Satô & Okushima, 1992)"
"オキナワカクケシキスイ","Pocadius okinawaensis Cline, 2008"
"フトツヤケシヒゲブトハネカクシ","Aleochara (Coprochara) squalithorax Sharp, 1888"
"ミツハリキクイムシ","Scolytus trispinosus Strohmeyer, 1908"
"クロウリハムシ　伊豆諸島亜種","Aulacophora nigripennis ohnoi Bezdek &Beenen, 2010"
"マツシタチャイロコガネ","Sericania matusitai Sawada, 1955"
"マダラゲンゴロウ","Rhantaticus congestus (Klug, 1833)"
"クロフヒメヒゲナガゾウムシ","Rhaphitropis nigromaculata Morimoto, 1981"
"ツヤナガヒラタホソカタムシ","Pycnomerus vilis Sharp, 1885"
"ヤエヤマクチキクシヒゲムシ","Sandalus sauteri van Emden, 1924"
"タカクワクロチビジョウカイ","Malthodes (Maltharchus) takakuwai Takahashi, 2009"
"ケシルリオトシブミ","Euops (Parasynatops) politus (Roelofs, 1874)"
"キイロトラカミキリ","Grammographus notabilis notabilis (Pascoe, 1862)"
"タカラチビヒサゴゴミムシダマシ","Laena takara M. T. Chûjô, 1996"
"ルイスヒメキノコハネカクシ","Sepedophilus lewisi (Cameron, 1930)"
"チャイロヒメカミキリ　基亜種","Ceresium simile simile Gahan, 1890"
"ウスアカナギサハネカクシ","Bryothinusa algarum Sawada, 1971"
"クロサワツヤケシコメツキ","Megapenthes kurosawai W. Suzuki, 1986"
"ニセクサビラハネカクシ","Plesiochara inflex Inoue & Maruyama, 2022"
"アカヒメハナノミ","Mordellistenoda aka (Kono, 1928)"
"クロボシホナシゴミムシ","Perigona (Perigona) plagiata Putzeys, 1875"
"コーシュンシラホシハナノミ","Hoshihananomia composita (Walker, 1958)"
"アカガネサルハムシ　沖永良部島亜種","Acrothinium gaschkevitchii matsuii Nakane, 1956"
"ヒメエグリオオキノコ　北海道本州亜種","Episcapha (Ephicaspa) lewisi hayashii (Nakane, 1955)"
"カラフトホソコバネカミキリ","Necydalis (Necydalisca) sachalinensis akitai Fujita, 2018"
"ナミエンマムシ","Merohister jekeli (Marseul, 1857)"
"ジュウニホシニセマルトビハムシ","Halticorcus duodecimmaculata (S.-H. Chen, 1934)"
"オキナワコブエンマムシ","Eucurtiopsis hiranoi Nishikawa, 1995"
"ヨモギハムシ","Chrysolina (Anopachys) aurichalcea (Mannerheim, 1825)"
"タカハシチビマメコメツキ","Quasimus (Quasimus) takahashii Miwa, 1934"
"ジャコウホソハナカミキリ","Pygostrangalia dulcis (Bates, 1884)"
"ケナガヒロムネヒメハネカクシ","Notothecta longisetosa (Sawada, 1970)"
"コブコブゾウムシ","Styanax rugosus (Roelofs, 1879)"
"ヨナグニマルクチカクシゾウムシ","Orochlesis donana Tsuji & Yoshitake, 2020"
"ナガマメコメツキ　基亜種","Yukoana elongata elongata Kishii, 1970"
"ヒゲナガミツモンセマルヒラタムシ","Psammoecus omotoensis Yoshida & Hirowatari, 2014"
"オオヒメヒラタムシ","Macrohyliota sculptus Yoshida & Hirowatari, 2016"
"シャウフスキクイムシ","Xyleborinus schaufussi (Blandford, 1894)"
"マツダクスベニカミキリ","Pyrestes yayeyamensis Hayashi, 1972"
"セマルマグソガムシ","Megasternum japonicum Shatrovskiy, 1989"
"キンモリヒラタゴミムシ　亜種2","Agonum (Glaucagonum) sylphis stichai (Jedlička, 1935)"
"トゲジリハネカクシ","Placusa (Placusa) tachyporoides (Waltl, 1838)"
"ルリケイメクラチビゴミムシ","Trechiama (Trechiama) ruri Ashida, 1998"
"アラメニセマグソコガネ　基亜種","Psammoporus nakanei nakanei Masumoto, 1986"
"エゾモンアリモドキ","Sapintus (Sapintus) extus (Lewis, 1895)"
"キンモリヒラタゴミムシ　亜種1","Agonum (Glaucagonum) sylphis honshuense (Habu, 1975)"
"キョウコメクラチビゴミムシ","Kurasawatrechus kyokoae S. Uéno & Baba, 1974"
"セダカオサムシ　襟裳亜種","Cychrus morawitzi otto Imura, 2007"
"アラコガネコメツキ　鳥海山亜種","Selatosomus (Selatosomus) gloriosus chokaianus Ôhira & Yasuda, 2007"
"ウスモンチビシギゾウムシ","Balanobius (Balanobius) minutissimus (Dalla Torre & Schenkling, 1932)"
"キイロニセクビボソムシ","Aderus yaeyamanus Nomura, 1964"
"ナンヨウキクイムシ","Euwallacea fornicatus (Eichhoff, 1868)"
"ルイスクシコメツキ　対馬亜種","Melanotus (Melanotus) lewisi tsushimensis Kishii, 1986"
"ショウジンクビボソジョウカイ","Asiopodabrus (Asiopodabrus) shojinensis Takahashi, 2012"
"ウスイロナガキマワリ","Strongylium (Strongylium) brevicorne Lewis, 1894"
"クロケシタマムシ","Aphanisticus congener E. Saunders, 1873"
"チビカサハラハムシ","Demotina decorata Baly, 1874"
"ダイミョウチビヒョウタンゴミムシ","Dyschirius (Dyschiriodes) aeneus ovicollis Putzeys, 1873"
"クロヒゲヒラタガムシ","Enochrus (Methydrus) affinis (Thunberg, 1794)"
"アカバオオキバハネカクシ","Oxyporus maculiventris Sharp, 1889"
"セダカコブヤハズカミキリ　四国山地亜種","Parechthistatus (Parechthistatus) gibber pseudogrossus Miyake, 1980"
"ハクサンハナムグリヨツメハネカクシ","Eusphalerum kawasei Y. Hayashi, 2023"
"シオバラクビボソジョウカイ","Asiopodabrus (Asiopodabrus) shiobaranus (Takahashi, 2002)"
"ツブヒゲナガゾウムシ","Cisanthribus chinensis (Frieser, 1981)"
"カワカミハムシ","Chrysolina (Chrysocrosita) nikolskyi (Jacobson, 1898)"
"ツマグロキコメツキ","Melanoxanthus melanocephalus (Fabricius, 1781)"
"モリオオズアリヅカムシ","Nipponobythus syrbatoides Jeannel, 1958"
"トガリバホソコバネカミキリ","Necydalis (Eonecydalisca) niimurai Hayashi, 1949"
"クリコマオオズナガゴミムシ","Pterostichus (Smilodonialoe) kurikomasanus Sasakawa, 2005"
"ミツボシケシナガクチキ","Wanachia trisignata (Champion, 1916)"
"クロサワカミナリハムシ","Altica kurosawai Ohno, 1960"
"ナカネチビケシキスイ","Lamiogethes nakanei (Easton, 1957)"
"ケシクチカクシゾウムシ","Microcryptorhynchus nipponicus Morimoto & Miyakawa, 1985"
"アミダテントウ　台湾亜種","Amida tricolor formosana Kurisaki, 1920"
"ムナグロヒメキノコハネカクシ","Sepedophilus quadrifurcatus Naomi & Maruyama, 1997"
"クマガイクロアオゴミムシ","Chlaenius (Agostenus) quadrisulcatus (Paykull, 1790)"
"イチハシシギゾウムシ","Curculio (Curculio) ichihashii Morimoto, 1962"
"トビイロヒメユミセミゾハネカクシ","Carpelimus (Carpelimus) angusticollis (Bernhauer, 1907)"
"カンバホソクチゾウムシ","Betulapion simile simile (Kirby, 1811)"
"タテスジクチブトゾウムシ","Macrocorynus discoideus (Oliver, 1807)"
"フタスジヒメハナムシ","Olibrus particeps Mulsant & Rey, 1861"
"ケオビヒメハナノミ","Pseudomordellistena pilosovittata (Nakane, 1956)"
"マヤサンオサムシ　滝原亜種","Carabus (Ohomopterus) maiyasanus takiharensis (Katsura & Tominaga, 1978)"
"ツマグロアメイロカミキリ　基亜種","Pseudiphra apicalis apicalis (Schwarzer, 1925)"
"リュウモンザンツチゾウムシ","Trachyphilus ryumonzanus Morimoto, 2015"
"ニセヤヤコブカギアシゾウムシ","Bagous (Macropelmus) fritodes O'Brien & Morimoto, 1994"
"シロヘリハンミョウ　基亜種","Callytron yuasai yuasai (Nakane, 1955)"
"クロウミヒメハネカクシ","Eubadura hokkaidensis Tasaku & Maruyama, 2022"
"フドウノメクラチビゴミムシ　基亜種","Kusumia takahasii takahasii (S. Uéno, 1952)"
"クリイロチビキカワムシ","Lissodema dentatum Lewis, 1895"
"キマダラカミキリ　八重山亜種","Aeolesthes (Pseudaeolesthes) chrysothrix nakamurai Kusama & Takakuwa, 1984"
"オモトキノコゴミムシダマシ","Platydema omoto Nakane, 1973"
"サザレウミハネカクシ","Rotundicephala koreana (Yoo & Ahn, 2021)"
"シロモンハラグリハムシ","Euliroetis ornata (Baly, 1874)"
"フジツヤツチゾウムシ","Asphalmus fujisanensis Morimoto, 2015"
"マダラフトヒゲナガゾウムシ","Basitropis nitidicutis nitidicutis Jekel, 1855"
"ヤクキスジクロコメツキ　本土亜種","Ampedus (Ampedus) yaku ohdai Kishii, 1983"
"ハバビロハネカクシ","Megarthrus japonicus Sharp, 1874"
"エゾセスジエンマムシ","Onthophilus ordinarius Lewis, 1879"
"ダイミョウハネカクシ","Staphylinus daimio Sharp, 1889"
"コルリクワガタ","Platycerus acuticollis Y. Kurosawa, 1969"
"ヒサマツメクラチビゴミムシ","Rakantrechus (Iyotrechus) hisamatsui (S. Uéno & Naitô, 2009)"
"ムネアカミナミボタル","Drilaster ruficollis Kawashima, Satou & M. Satô, 2005"
"リュウキュウチビカミキリ","Neosybra ryukyuensis Breuning & K. Ohbayashi, 1964"
"ハラグロキノコハネカクシ","Lordithon (Lordithon) bicolor (Gravenhorst, 1806)"
"コクロデオキノコムシ","Scaphidium optabile (Lewis, 1893)"
"キイロチビコクヌストモドキ","Archaeoglenes orientalis Sasaji, 1983"
"マエバラナガクチカクシゾウムシ","Rhadinomerus maebarai Voss & Chûjô, 1960"
"カワセカタホソヨツメハネカクシ","Philydrodes (Philydrodes) kawaseorum Hayashi, 1994"
"ヤクメダカアリヅカムシ","Trisinus parallelus (Nomura, 1991)"
"コホシメカクシゾウムシ","Mechistocerus parcimaculatus Morimoto & Miyakawa, 1985"
"トベメクラチビゴミムシ","Yamautidius (Yamautidius) rarissimus S. Uéno, 1982"
"アラキサエダキクイムシ","Pityophthorus arakii (Sawamoto, 1942)"
"オオヒメハナカミキリ","Pseudopidonia grallatrix (Bates, 1884)"
"タチゲカクケシキスイ","Pocadites katoi Hisamatsu & Lasoń, 2022"
"シラホネオオズナガゴミムシ","Pterostichus (Smilodonialoe) shikatai Toda, 2012"
"クロツヤタチゲメダカハネカクシ","Stenus caesariatus Naomi & Ito, 2015"
"シナオオオサゾウムシ","Cyrtotrachelus buquetii buquetii Guérin-Méneville, 1844"
"ヤマトホソコガシラハネカクシ","Gabrius japonicus Shibata, 1991"
"ミヤマヒシベニボタル","Dictyoptera aurora hoosana Matsuda, 2011"
"オオヤツボシヒゲナガゾウムシ","Deropygus morimotoi Senoh, 1984"
"コウグチダニメクラチビゴミムシ","Ishikawatrechus caurus S. Uéno, 2008"
"ヒメセマルガムシ","Coelostoma (Coelostoma) orbiculare (Fabricius, 1775)"
"ヒメリュウキュウビロウドコガネ","Maladera (Omaladera) kawaii H. Kobayashi, 2010"
"ムナグロマルガタテントウダマシ","Dexialia mirabilis Sasaji, 1995"
"アカアシハナコメツキ　先島諸島亜種","Platynychus (Displatynychus) adjutor tamurai (Kishii, 1974)"
"ミツマタセマルガムシ","Coelostoma (Lachnocoelostoma) phallicum Orchymont, 1940"
"ケナシツヤヒラタゴミムシ","Nipponosynuchus abnormalis Morita, 1998"
"アマミクシコメツキ　沖縄島亜種","Melanotus (Spheniscosomus) amamiensis yambarus Kishii, 1985"
"オオヒゲルリカッコウムシ","Teneropsis borealis Murakami, 2022"
"アシナガコガシラハネカクシ","Philonthus (Philonthus) subvarians K. Sawada, 1965"
"ウスオビカクケシキスイ","Pocadites dilatimanus (Reitter, 1877)"
"ドウガネナガハネカクシ","Platydomene nobilis (Sawada, 1965)"
"オオシロアリヤドリ","Yakuus iwatai Kanao & Maruyama, 2014"
"シンシュウホソチビマルハナノミ","Nyholmia uenoi (Yoshitomi, 2005)"
"リンドウケシツブゾウムシ","Smicronyx (Smicronyx) gentianae Morimoto & Kojima, 2007"
"ヤマムネクボハネカクシ","Bolitochara lobata (Sawada, 1970)"
"ミヤマミズギワヨツメハネカクシ","Geodromicus (Geodromicus) suensoni Bernhauer, 1936"
"ニセセスジヒメテントウ","Nephus (Sidis) tagiapatus (H. Kamiya, 1965)"
"クロサメクラチビゴミムシ　亜種2","Rakantrechus (Paratrechiama) kurosai maeander S. Uéno, 1959"
"ヨモギモンキハムシ","Hamushia konishii Chûjô, 1956"
"トカラメカクシゾウムシ","Mechistocerus iriei Morimoto, 1987"
"フタスジヒメテントウ","Horniolus fortunatus (Lewis, 1896)"
"ババゴモクムシ","Harpalus (Pseudoophonus) babai Habu, 1973"
"アカタデハムシ","Pyrrhalta semifulva (Jacoby, 1885)"
"アジアトガリハネカクシ","Charichirus chinensis (Boheman, 1858)"
"ヒメユミアシゴミムシダマシ","Promethis noctivigila (Lewis, 1894)"
"クロサメクラチビゴミムシ　亜種1","Rakantrechus (Paratrechiama) kurosai lactarius S. Uéno, 1959"
"アワツヤドロムシ","Zaitzevia awana (Kono, 1934)"
"シロヒゲナガゾウムシ　基亜種","Platystomos sellatus sellatus (Roelofs, 1879)"
"セダカコブヤハズカミキリ　淡路島亜種","Parechthistatus (Parechthistatus) gibber intermedius Takakuwa, Nakabayashi & Kobayashi, 2020"
"オキフタモンヒメミズギワヨツメハネカクシ","Lesteva okiana Y. Watanabe, 2004"
"アカネメナガヒゲナガゾウムシ","Phaulimia rufobasis Morimoto, 1981"
"ケシカミキリ","Sciades (Miaenia) tonsus (Bates, 1873)"
"ザオウメクラチビゴミムシ","Trechiama (Trechiama) masatakai S. Uéno, 1983"
"ミチノクハナムグリヨツメハネカクシ","Eusphalerum michinoku Y. Watanabe, 1990"
"ハリオオビハナノミ　基亜種","Glipa (Stenoglipa) hatayamai hatayamai Takakuwa, 2000"
"ホソツヤゴモクムシ","Trichotichnus (Trichotichnus) furihatai Morita, 1997"
"ホウキセスジジョウカイ","Lycocerus hokiensis Okushima, 2005"
"ホソチビゾウムシ","Nanophyes marmoratus miguelangeli Zherikhin, 1996"
"クロチャボハナカミキリ","Pseudalosterna takagii Hayashi, 1961"
"12/05","日本産甲虫の科別属種数　2023"
"ドウゴハナムグリヨツメハネカクシ","Eusphalerum dogoenze Y. Watanabe & Shimada, 2006"
"カタオビヒメハナノミ","Mordellina marginalis Nomura, 1967"
"ニセシラホシカミキリ","Pareutetrapha simulans (Bates, 1873)"
"クロオビヒゲナガゾウムシ","Apolecta lewisii Sharp, 1891"
"マツアラハダクチカクシゾウムシ","Rhadinopus confinis Voss, 1958"
"クロバネマルノミハムシ","Argopus nigripennis Jacoby, 1885"
"ケマダラヒメコクヌスト","Ancyrona shibatai Nakane, 1963"
"クロホシホソアリモドキ","Sapintus (Sapintus) litorosus (Lewis, 1895)"
"カタスジクロヒメハナノミ","Pseudomordellina brevilineata Nomura, 1961"
"ルリホソカッコウムシ","Spinoza coerulea Lewis, 1892"
"コチビヒョウタンゴミムシ","Dyschirius (Eudyschirius) hiogoensis (Bates, 1873)"
"ヤクメダカハンミョウ　屋久島・奄美・沖縄亜種","Therates alboobliquatus yakushimanus Nakane, 1955"
"ムナビロヒメユミセミゾハネカクシ","Carpelimus (Carpelimus) biimpressus (Cameron, 1933)"
"トドマツノキクイムシ","Polygraphus proximus Blandford, 1894"
"セトドウナガヒメハネカクシ","Aloconota (Aloconota) cuspidata (Sawada, 1971)"
"コブヤハズカミキリ　基亜種","Parechthistatus (Mesechthistatus) binodosus binodosus (C. O. Waterhouse, 1881)"
"トラフホソバネカミキリ　奄美亜種","Thranius variegatus obscurus Hayashi, 1962"
"ハバビロムクゲキノコムシ","Acrotrichis (Acrotrichis) thoracica (Waltl, 1838)"
"トウヨウアシナガトビハムシ","Longitarsus (Longitarsus) orientalis Jacoby, 1885"
"トクノシマツチゾウムシ","Trachyphilus tokunoshimanus Morimoto, 2015"
"リュウキュウズビロキマワリモドキ　男女諸島亜種","Gnesis purpurascens adachii Akita & Masumoto, 2013"
"オキナワオオメコバネジョウカイ","Microichthyurus okinawamnus Takahashi, 2020"
"オジロアシナガゾウムシ","Sternuchopsis (Mesalcidodes) trifida (Pascoe, 1870)"
"コゲチャツツゾウムシ","Carcilia tenuistriata Heller, 1941"
"ツノブトホタルモドキ","Xerasia variegata Lewis, 1895"
"マイマイカブリ　基亜種","Carabus (Damaster) blaptoides blaptoides (Kollar, 1836)"
"チュウゼンジスジツヤチビハネカクシ","Edaphus tanuki Puthz, 2014"
"オオナガコメツキ　対馬亜種","Orthostethus sieboldi tsushimensis Ôhira, 1997"
"アタマホソヒラタムシ","Silvanoprus cephalotes (Reitter, 1876)"
"アマミフタツノツツキノコムシ","Neoennearthron amamense Miyatake, 1985"
"タカオカタホソヨツメハネカクシ","Philydrodes (Philydrodes) takaoensis Nakane & Sawada, 1956"
"オビデオゾウムシ","Orsophagus trifasciatus Roelofs, 1874"
"シラガヤマツチゾウムシ","Trachyphilus shiragayamanus Morimoto, 2015"
"ハモンドヒメメダカハネカクシ","Stenus hammondi Puthz, 1970"
"チュウゴクナカグロヒメコメツキ","Dalopius bizen Kishii, 1984"
"カワチマルクビゴミムシ","Nebria (Eunebria) lewisi Bates, 1874"
"サカイキノコハネカクシ","Lordithon (Lordithon) sakaii L. -Z. Li & N. Ohbayashi, 1999"
"カラマツキクイムシ","Orthotomicus laricis (Fabricius, 1792)"
"ツノブトホソエンマムシ","Niponius obtusiceps Lewis, 1885"
"ベニボタル","Lycostomus (Lycostomus) modestus (Kiesenwetter, 1874)"
"ヒメアシボソシリアゲハネカクシ","Euryusa (Ectolabrus) minor Maruyama & Hlaváč, 2002"
"イイデナガチビゴミムシ","Trechiama (Trechiama) nivalis S. Uéno, 1986"
"クシヒゲシバンムシ","Ptilineurus marmoratus (Reitter, 1877)"
"ニセヒゲナガコガシラハネカクシ","Philonthus (Philonthus) wuesthoffi Bernhauer, 1939"
"カタベニクシヒゲタマキノコムシ","Anisotoma rubromaculata Hisamatsu, 1985"
"ポプラコキクイムシ","Trypophloeus binodulus (Ratzeburg, 1837)"
"ミナミイオウモンアリモドキ","Sapintus (Sapintus) francoisi (Pic, 1902)"
"ヤエヤマチビマメコメツキ","Quasimus (Quasimus) kintaroui Kishii, 1982"
"クロヒメトゲムシ","Nosodendron (Dendrodipnis) coenosum (Wollaston, 1873)"
"ケブカフチドリムクゲキノコムシ","Nossidium pilosellum (Marsham, 1802)"
"ユキコメクラチビゴミムシ","Trechiama (Trechiama) yukikoae S. Uéno, 1985"
"キバネヒゲブトハネカクシ","Aleochara (Coprochara) binotata Kraatz, 1856"
"ナガオアシブトコメツキ","Podeonius nagaoi (Ôhira, 1968)"
"キバネクチボソコメツキ　屋久島亜種","Glyphonyx (Glyphonyx) bicolor yaku Kishii, 1976"
"シロオビチビヒラタカミキリ","Poecilium albicinctum (Bates, 1873)"
"ザウターヒメハネカクシ","Atheta (Atheta) sauteri Bernhauer, 1907"
"ツヤムネカワベハネカクシ","Bledius (Hesperophilus) obtusus Sharp, 1889"
"ハモンドヒメミズギワヨツメハネカクシ","Lesteva hammondi Y. Watanabe, 1990"
"タイシャクナガチビゴミムシ　浜田亜種","Trechiama (Trechiama) yokoyamai hamadaensis S. Uéno, 1958"
"ウスイロキスイ","Cryptophagus dilutus Reitter, 1874"
"シロモンノミゾウムシ","Orchestes (Orchestes) jota (Fabricius, 1787)"
"オオハムシ","Agrosteomela indica (Hope, 1831)"
"ヒメカメノコテントウ","Propylea japonica (Thunberg, 1781)"
"モモブトシデムシ","Necrodes nigricornis Harold, 1875"
"2): 33-40.","Miyatake, M., 1961a. The tribe Leiochrini of Japan (Coleoptera: Tenebrionidae). Transactions of the Shikoku Entomological Society, 7(1"
"ヒメクロハナボタル","Plateros japonicus Nakane, 1969"
"フタイロホソルリハムシ","Phratora (Phyllodecta) koreana Takizawa, 1985"
"カミナカツヤムネハネカクシ","Quedius (Microsaurus) kaminakaensis Y. Watanabe & Yoshida, 2008"
"イワサキケブカカミキリ","Eupogoniopsis granulata Lim, 2013"
"シロモントゲトゲゾウムシ","Colobodes matsumurai Kono, 1932"
"ソボトゲヒサゴゴミムシダマシ","Misolampidius sobosanus M. T. Chûjô & Imasaka, 1982"
"フタオビオオハナノミ","Macrosiagon bifasciata (Marseul, 1877)"
"カナヤマツチゾウムシ","Trachyphilus kanayamanus Morimoto, 2015"
"フタイロウリハムシ","Aulacophora bicolor (Weber, 1801)"
"オオキバハネカクシ","Oxyporus japonicus Sharp, 1889"
"クモトリヒラタツヤムネハネカクシ","Quedius (Microsaurus) shimomurai Y. Watanabe, 1990"
"ツシマカブリモドキ","Carabus (Coptolabrus) fruhstorferi (Roeschke, 1900)"
"ギンネムヒゲナガゾウムシ","Araecerus levipennis Jordan, 1924"
"ヨリメチビヒゲナガゾウムシ","Uncifer akashii Morimoto, 1981"
"ツバキヤマツヤツチゾウムシ","Asphalmus tsubakiyamaensis Morimoto, 2015"
"ハスモンムクゲキスイ","Biphyllus rufopictus (Wollaston, 1873)"
"コヒラタムシ","Phloeostichus denticollis Redtenbacher, 1842"
"ヨコゼキコバネメダカハネカクシ","Stenus yokozekii Naomi, 2006"
"イシイムクゲヒメキノコハネカクシ","Sepedophilus ishiielles Naomi & Maruyama, 1998"
"チビコバネナガハネカクシ","Lathrobium (Lathrobium) tahirai Y. Watanabe, 2001"
"アカボシカワベメダカハネカクシ","Stenus kiesenwetteri Rosenhauer, 1856"
"モンシロマルトゲムシ","Byrrhus (Byrrhus) imafukui Nakane, 1963"
"シモフリマルカツオブシムシ","Anthrenus (Florilinus) museorum (Linnaeus, 1761)"
"アトグロホソアリモドキ","Omonadus floralis (Linnaeus, 1758)"
"タカネツチハンミョウ","Meloe (Meloe) nipponicus Okano, Ohnishi, Tojo & Yoshitomi, 2025"
"アマミアナアキエンマムシ","Epierus uenoi Ôhara, 1994"
"ヨツコブメナガヒゲナガゾウムシ","Phaulimia incerta (Shibata, 1963)"
"ヒゲナガヒメルリカミキリ　沖縄亜種","Praolia citrinipes umui Kusama & Takakuwa, 1984"
"ヒメコバネナガハネカクシ","Lathrobium (Lathrobium) brachypterum Sharp, 1889"
"アナドリメクラチビゴミムシ","Ishikawatrechus masazii S. Uéno, 2002"
"トゲシリグロハネカクシ","Astenus (?) spinosus Zhao &Sakai, 1997"
"セダカカクムネトビハムシ","Neocrepidodera gruevi (Kimoto, 1983)"
"クロサワヒメコバネナガハネカクシ","Lathrobium (Lathrobium) kurosawai Y. Watanabe, 2001"
"クチボソコメツキ","Glyphonyx (Glyphonyx) illepidus Candèze, 1873"
"オオズカタホソヨツメハネカクシ","Philydrodes (Philydrodes) hikosanensis Nakane & K. Sawada, 1956"
"イブキサンナガゴミムシ","Pterostichus (Daisenialoe) ibukiyamanus Sasakawa, 2005"
"ヤエヤママダラコキノコムシ","Mycetophagus (Ulolendus) akitai M. Saitô, 2013"
"クロオビヒゲブトオサムシ","Ceratoderus venustus Hisamatsu, 1963"
"クロヒメナガシンクイ","Xylopsocus bicuspis Lesne, 1901"
"オビモンハナゾウムシ","Anthonomus (Furcipus) rectirostris (Linnaeus, 1758)"
"サカイタチゲメダカハメカクシ","Stenus sakaii Naomi & Puthz, 1996"
"キボシケシゲンゴロウ","Allopachria flavomaculatus (Kamiya, 1938)"
"チビナガヒラタムシ","Micromalthus debilis LeConte, 1878"
"クワノコキクイムシ","Cryphalus exiguus Blandford, 1894"
"ツヤマグソコガネ","Aphodius (Aphodiellus) impunctatus C. O. Waterhouse, 1875"
"ユアサハナゾウムシ","Anthonomus (Anthonomus) yuasai Kono, 1939"
"ツシマツヤツチゾウムシ","Asphalmus tsushimaensis Morimoto, 2015"
"アマミホソサビキコリ　トカラ亜種","Agrypnus amamiensis arenicola (Nakane & Kishii, 1955)"
"ミカワサビキコリ","Agrypnus mikawaensis Ôhira, 1986"
"サッポロミズギワゴミムシ","Bembidion (Asioperyphus) sapporense Jedlička, 1951"
"キクイサビゾウムシ","Dryophthorus sculpturatus (Wollaston, 1873)"
"オオミネホラアナヒラタゴミムシ","Jujiroa ohminensis Wada & Ashida, 2022"
"ヤクシマミドリカミキリ　九州亜種","Chloridolum (Chloridolum) kurosawae ohsumiense Ohbayashi, 1992"
"ヒメマルミツギリゾウムシ","Higonius (Higonius) cilo Lewis, 1884"
"トカラクシヒゲジョウカイ","Laemoglyptus nakanei Witter, 1974"
"クロホソクチゾウムシ","Synapion (Synapion) corvinum (Faust, 1889)"
"ムネミゾヒメツツハムシ","Coenobius sulcicollis Baly, 1873"
"ムナグロナガカッコウムシ","Opilo niponicus Lewis, 1892"
"ブンゴキノコゴミムシダマシ","Platydema miyakei Akita & Masumoto, 2012"
"タイワンタマキノコシバンムシ","Byrrhodes tomokunii Sakai, 1996"
"アラメカクホソカタムシ","Ectomicrus rugicollis Sharp, 1885"
"ムナビロアカハネムシ","Pseudopyrochroa laticollis (Lewis, 1887)"
"マルガタミジンムシ","Orthoperus japonicus Matthews, 1899"
"トカラシリグロハネカクシ","Astenus (?) sakaii Zhao & Li, 1998"
"オオヨツボシゴミムシ","Dischissus mirandus Bates, 1873"
"アカコブコブゾウムシ","Kobuzo rectirostris (Roelofs, 1873)"
"タケイミジンムシダマシ","Aphanocephalus takeii John, 1963"
"キイロセマルケシキスイ","Cychramus luteus (Fabricius, 1787)"
"ニッコウツツナガハネカクシ","Lobrathium (Lobrathium) nikkoense Ito, 2020"
"ヤエヤマヒメヒラタタマムシ","Anthaxia (Haplanthaxia) moya Chûjô, 1970"
"タカクラチビマメコメツキ","Quasimus (Quasimus) takakurai Kishii, 1976"
"サビノコギリゾウムシ","Ixalma hilleri Roelofs, 1879"
"ルイスコトビハムシ","Manobia lewisi Jacoby, 1885"
"ノコバコミズギワゴミムシ","Tachyura (?) yunax Darlington, 1939"
"モリモトクロチビジョウカイ","Malthodes (Maltharchus) morimotoi Imasaka & N. Takahashi, 2020"
"チドリムネミゾマグソコガネ","Oxyomus ishidai Nakane, 1977"
"アオバドウガネトビハムシ","Chaetocnema (Tlanoma) koreana Chûjô, 1942"
"イッカクカマヒゲアリヅカムシ","Bythoxenites unicornis Nomura, 2021"
"コジマスジツヤチビハネカクシ","Edaphus kojimai Puthz, 2010"
"サツマヒメコバネカミキリ　琉球亜種","Epania dilaticornis kumatai Hayashi, 1961"
"シバタヒゲナガコバネカミキリ　沖縄島亜種","Molorchus (Molorchus) shibatai okinawana Hayashi & Matsuda, 1976"
"ヒトバヒメハネカクシ","Atheta (Microdota) unidentata (Sawada, 1971)"
"オオチビシデムシ","Catops fuscus repentinus Szymczakowski, 1962"
"リュウキュウオオハナムグリ　徳之島亜種","Protaetia (Calopotosia) lewisi hisatoi Ochi, Togushi & Kawahara, 2022"
"シロホシテントウ","Vibidia duodecimguttata (Poda von Neuhaus, 1761)"
"イシガキホソヒメジョウカイモドキ","Attalus (Attalus) papilioformis Wittmer, 1997"
"ウスイロツマキジョウカイ","Malthinus (Malthinus) sagamiensis Takahashi, 1992"
"ホウオウコメツキ","Houwau apicola Kishii, 1993"
"ヘリテンエンマムシ","Margarinotus (Ptomister) marginepunctatus (Lewis, 1879)"
"ゴトウオオズナガゴミムシ","Pterostichus (Sphodroferonia) amanoi Nakane, 1968"
"ヨツメオサゾウムシ","Sphenocorynes ocellatus (Pascoe, 1887)"
"チシマゾウムシ","Kurilio monachus Zherikhin & Egorov, 1991"
"アカアシクロコメツキ　基亜種","Ampedus (Ampedus) japonicus japonicus Silfverberg, 1977"
"オンタケシモフリコメツキ","Actenicerus (Acnitecerus) toyoshimai Arimoto & Watanabe, 1993"
"セダカヒメコメツキモドキ","Anadastus convexus Chûjô, 1967"
"ヤエヤマニセツツマグソコガネ","Ataenius picinus Harold, 1867"
"セスジアオハムシダマシ","Arthromacra kasuga Ando, 2011"
"チョウカイツヤゴモクムシ","Trichotichnus (Trichotichnus) choukaisanus N. Itô, 2005"
"ムネミゾマルゴミムシ","Caelostomus picipes (MacLeay, 1825)"
"アマミノコギリクワガタ　基亜種","Prosopocoilus dissimilis dissimilis (Boileau, 1898)"
"クロオビセマルヒラタムシ","Psammoecus fasciatus (Reitter, 1874)"
"ゴマダンコバネナガハネカクシ","Lathrobium (Lathrobium) gomadanzanum Y. Watanabe, 2005"
"エゾマグソコガネ","Aphodius (Agrilinus) uniformis Waterhouse, 1875"
"ツヤチビヒメゾウムシ","Centrinopsis nitens Roelofs, 1875"
"シナノホソナガクチキ","Phloiotrya (Phloiotrya) ishikawai Toyoshima, 1999"
"キベリシリホソハネカクシ","Tachyporus (Tachyporus) orthogrammus Sharp, 1888"
"マガイオオキバハネカクシ","Oxyporus imitator Nakane & K. Sawada, 1956"
"チャイロチビゲンゴロウ","Allodessus megacephalus (Gschwendtner, 1931)"
"ハラグロデオキスイ","Carpophilus (Ecnomorphus) sibiricus Reitter, 1879"
"アザミホソクチゾウムシ","Piezotrachelus (Piezotrachelus) japonicus (Roelofs, 1874)"
"ツカダミズギワコメツキ","Fleutiauxellus (Migiwa) tsukadai (Kishii, 1987)"
"オンタケヒメヒラタゴミムシ","Agonum (Europhilus) charillus (Bates, 1883)"
"シラホシカミキリ　基亜種","Glenea (Glenea) relicta relicta Pascoe, 1868"
"ヒラタフナガタクチキムシ","Isomira (Paraisomira) kasugaensis Akita & Masumoto, 2016"
"クロオビコミズギワゴミムシ　本土亜種","Tachys (Paratachys) fasciatus uenoi Tanaka, 1960"
"ヒダチャイロコガネ","Sericania hidana Niijima & Kinoshita, 1923"
"シラフクモゾウムシ","Neomecopus subarmatus Hustache, 1921"
"スギノアカネトラカミキリ","Anaglyptus (Anaglyptus) subfasciatus Pic, 1906"
"ウエノツヤゴモクムシ","Trichotichnus (Bottchrus) uenoi Habu, 1969"
"ヒゲブトツヤナガハネカクシ","Nudobius sejunctus Y. Watanabe & Y. Shibata, 1965"
"ウチヤマメクラチビゴミムシ","Yamautidius (Yamautidius) fissuralis S. Uéno, 1990"
"ルイスキノコツヤハネカクシ","Gyrophaena (Gyrophaena) lewisiana Cameron, 1933"
"オトメアカコメツキ　基亜種","Ampedus (Ampedus) otome otome Kishii, 1992"
"アシブトヒラタキクイゾウムシ","Cossonus (Caenocossonus) tibialis Folwaczny, 1964"
"ヨシユキオオズナガゴミムシ","Pterostichus (Sphodroferonia) yoshiyukiitoi N. Ito, 2011"
"イシヅチマルタマキノコムシ","Agathidium (Agathidium) bivesciculatum Angelini & De Marzo, 1990"
"ホソモモオオタマキノコムシ","Leiodes sakaii Hoshina, 2012"
"ヤナギルリハムシ","Plagiodera versicolora (Laicharting, 1781)"
"アツミナガチビゴミムシ","Trechiama (Trechiama) watanabeorum S. Uéno, 2002"
"トサキクイムシ","Orthotomicus tosaensis (Murayama, 1950)"
"チシマオオナガキクイゾウムシ","Oxydema aksentjevi Zherikhin, 1991"
"ハスジヒゲナガゾウムシ　基亜種","Sintor dorsalis dorsalis (Sharp, 1891)"
"ヨシノムネボソヨツメハネカクシ","Boreaphilus temporalis Zerche, 1990"
"ナンコウスナゴミムシダマシ","Gonocephalum (Gonocephalum) subspinosum (Fairmaire, 1894)"
"ウスアカスジツヤチビハネカクシ","Edaphus nopporoensis Puthz, 1980"
"キュウシュウクビボソジョウカイ","Hatchiana kyushuensis (Takakura, 1988)"
"コゾノメクラチビゴミムシ","Rakantrechus (Paratrechiama) elegans S. Uéno, 1960"
"アマミチビマルハナノミ","Ypsiloncyphon amami (Yoshitomi, 2005)"
"ニセコウベツブゲンゴロウ","Laccophilus yoshitomii Watanabe & Kamite, 2018"
"アオモリツヤツチゾウムシ","Asphalmus aomoriensis Morimoto, 2015"
"ヒメヒラタシデムシ","Thanatophilus sinuatus (Fabricius, 1775)"
"オオシマヒラタハナムグリ　徳之島亜種","Neovalgus laetus ootsuboi Kobayashi, 2011"
"ヤクヒゲナガハナノミ　奄美亜種","Epilichas yakushimensis oshimanus Nakane, 1952"
"ヤクシマクリタマムシ　基亜種","Toxoscelus yakushimensis yakushimensis Y. Kurosawa, 1977"
"クメジマミナミボタル","Drilaster kumejimensis Kawashima, Satou & M. Satô, 2005"
"ナガフトヒゲナガゾウムシ","Xylinada striatifrons (Jordan, 1895)"
"イシガキヒメメダカカッコウムシ","Neohydnus aritai Miyatake, 1985"
"オドリコソウチビケシキスイ","Lamiogethes morosus (Erichson, 1845)"
"タテオビヒゲボタル　基亜種","Stenocladius azumai azumai Nakane, 1981"
"タイワンホソマメコメツキ","Quasimus (Miquasus) formosanus Ôhira, 1968"
"シンボリヒゲナガジョウカイ","Cephalomalthinus shinborii (Takahashi, 1992)"
"チョウセンクロヒメジョウカイ","Rhagonycha (Rhagonycha) coreana Pic, 1921"
"キオビチビゲンゴロウ","Hydroglyphus kifunei (Nakane, 1987)"
"ナナホシメツブテントウ","Sticholotis amabilis (H. Kamiya, 1965)"
"オオヨツアナアトキリゴミムシ","Parena (Bothynoptera) dorsigera (Schaum, 1863)"
"オオメヒメハナノミ","Glipostena pelecotomoidea (Pic, 1911)"
"ヤエヤマツヤバネクチキムシ","Doranalia sasajii (M. Saitô, 2001)"
"シロオビチビシギゾウムシ","Balanobius (Balanobius) albovittatus (Kono, 1930)"
"クロバヒシベニボタル","Dictyoptera elegans Nakane & Winkler, 1952"
"ヤククロスジヒメコメツキ","Dalopius yakuensis Kishii, 1975"
"エリザハンミョウ　国後島亜種","Cylindera (Eugrapha) elisae kunashirensis Pütz et Wiesner, 1994"
"チャイロテントウ","Micraspis discolor (Fabricius, 1798)"
"ヒゴトゲハムシ","Dactylispa (Triplispa) higoniae higoniae (Lewis, 1896)"
"ドウバネコガシラハネカクシ","Philonthus (Philonthus) cunctator Sharp, 1889"
"ヤマトオサムシ　下伊那亜種","Carabus (Ohomopterus) yamato shikatai (Imura & Mizusawa, 2002)"
"キイザイノキクイムシ","Diuncus mucronatus (Eggers, 1923)"
"クルミヒラタハムシ","Gastrolina thoracica Baly, 1864"
"フタホシオオノミハムシ","Pseudodera xanthospila Baly, 1861"
"イズホソキコメツキ","Agaripenthes watanabei (Ôhira, 1960)"
"ラミーカミキリ","Paraglenea fortunei (Saunders, 1853)"
"アキタクロナガオサムシ　基亜種","Carabus (Euleptocarabus) porrecticollis porrecticollis (Bates, 1883)"
"ウスイロトラカミキリ","Xylotrechus (Xylotrechus) cuneipennis (Kraatz, 1879)"
"アマミコブスジコガネ","Glyptotrox sugayai (Masumoto & Kiuchi, 1995)"
"キアシドウガネナガハネカクシ","Platydomene flavipes Y. Watanabe, 2009"
"サキシマグミトビハムシ","Zipanginia sakishimana Kimoto & Gressitt, 1966"
"ムツボシツツハムシ","Cryptocephalus (Cryptocephalus) sexpunctatus sexpunctatus (Linnaeus, 1758)"
"キウチミジンキスイ","Propalticus kiuchii Sasaji, 1971"
"ギョウトクヒメヒョウタンゴミムシ","Clivina extensicollis Putzeys, 1846"
"マルモンササラゾウムシ","Demimaea circula (Roelofs, 1875)"
"オオヒョウタンキマワリ","Eucrossoscelis araneiformis (Allard, 1876)"
"カリバメクラミズギワゴミムシ","Caecidium yasudai S. Uéno, 1972"
"ツシマヒラタシデムシ　基亜種","Necrophila (Eusilpha) jakowlewi jakowlewi (A. Semenov, 1891)"
"オケサマルクビゴミムシ","Nebria (Sadonebria) saeviens Bates, 1883"
"クロオビチビアリモドキ","Anthicomorphus puberulus (Marseul, 1877)"
"アカアシナガクチキ","Melandrya (Melandrya) mongolica Solsky, 1871"
"トキオカヒメハネカクシ","Atheta (Badura) tokiokai (Sawada, 1971)"
"ウスオビシギゾウムシ","Curculio (Curculio) flavescens (Roelofs, 1875)"
"サビナカボソタマムシ","Coraebus ishiharai Y. Kurosawa, 1953"
"エトロフハナカミキリ","Etorofus (Etorofus) nemurensis Matsushita, 1933"
"アラメミジンムシ","Clypastraea assimilis (Matthews, 1899)"
"フジコブヤハズカミキリ","Parechthistatus (Mesechthistatus) fujisanus Hayashi, 1957"
"ヒゲブトキスイ","Cryptophagus latangulus Reitter, 1889"
"ミジンケシハネカクシ","Oligota parvula Cameron, 1933"
"ヒゲブトケシタマムシ","Aphanisticus antennatus E. Saunders, 1873"
"マツムラカミキリモドキ","Eobia (Eobia) matsumurai Kono, 1937"
"ワタムキナガツヤゴモクムシ","Trichotichnus (Trichotichnus) watamukiensis N. Ito, 1996"
"アコウノキクイムシ","Cryphalus ficivorus Murayama, 1958"
"タケムラデオキノコムシ","Scaphidium takemurai Nakane, 1956"
"ヒコサンクビボソジョウカイ2","Asiopodabrus (Asiopodabrus) hikosanensis Takahashi, 2012"
"ヒコサンクビボソジョウカイ1","Hatchiana hikosana (Nakane and Makino, 1981)"
"オキナワゴマフカミキリ　吐噶喇奄美亜種","Mesosa (Perimesosa) pictipes miyamotoi Hayashi, 1956"
"ミズサワキマワリ","Plesiophthalmus (Inspinogeton) mizusawai Yamazaki, 1968"
"スズカメクラチビゴミムシ","Trechiama (Trechiama) suzukaensis S. Uéno, 1980"
"ルイスチビコブツノゴミムシダマシ","Byrsax lewisi Akita & Masumoto, 2012"
"ニセスジキノコシバンムシ","Stagetodes tetsuyai Sakai, 1995"
"ヤマトヒジリムクゲキノコムシ","Mikado japonicus A. Matthews, 1889"
"キシマキクイムシ","Indocryphalus sordidus (Blandford, 1894)"
"エゾクロクビボソジョウカイ","Podabrus (Dichelotarsus) lapponicus (Gyllenhal, 1810)"
"コヨツスジハナカミキリ","Leptura subtilis Bates, 1884"
"ケブカウミヒメハネカクシ","Eubadura yasukoae (Maruyama, Klimaszewski & Gusarov, 2008)"
"ワカスギメクラチビゴミムシ","Trechiama (Trechiama) moritai S. Uéno, 1985"
"ニセホソヒメカタゾウムシ","Neasphalmus okinawanus Nakane, 1963"
"キイオオコバネナガハネカクシ","Lathrobium (Lathrobium) kishuense Y. Watanabe, 1991"
"ウスアカヒメツツハムシ","Coenobius obscuripennis Chûjô, 1935"
"アロウハネナガヨツメハネカクシ","Olophrum arrowi Scheerpeltz, 1929"
"アイコヒメマルトゲムシ","Horiella aikoae Kitano & Matsumoto, 2008"
"クロヘリヒメテントウ","Scymnus (Neopullus) hoffmanni Weise, 1879"
"ミヤマオオハナムグリ1","Protaetia (Liocola) lugubris insperata (Lewis, 1879)"
"カジモトメクラチビゴミムシ","Ryugadous (Yuadorgus) kajimotoi S. Uéno, 1975"
"ミヤマオオハナムグリ2","Protaetia (Liocola) marmorata marmorata (Fabricius, 1792)"
"シバタハナボタル　沖縄島亜種","Plateros shibatai okinawanus Matsuda, 2008"
"ヒメコマグソコガネ","Aphodius (Phalacronothus) botulus Balthasar, 1945"
"マメハンミョウ","Epicauta (Epicauta) gorhami (Marseul, 1873)"
"ヒメヒラタムシ","Uleiota arboreus (Reitter, 1889)"
"ヒサゴヒメゾウムシ","Baris hisago Yoshihara, 2016"
"コブオニガムシ","Spercheus stangli Schwarz & Barber, 1917"
"ハバビロナガハナノミダマシ","Eurypogon brevipennis Sakai, 1982"
"クロヒラタヒメクチキムシ","Mycetochara (Ernocharis) koltzei Reitter, 1896"
"ムネアカアリモドキ","Anthelephila ruficollis Saunders, 1834"
"ウータンハヤシメダカハネカクシ","Stenus utan Naomi, 1998"
"カゼチョッキリ","Japanorhynchites caeligenus (Y. Sawada, 1993)"
"スズキアシナガトビハムシ","Longitarsus (Longitarsus) suzukii Ohno, 1968"
"ホッポウヒゲナガヒメハネカクシ","Psammostiba kamtschatica (Brundin, 1943)"
"ナカネセミゾヒラタハネカクシ","Siagonium nakanei Naomi, 1995"
"2): 10-18.","槇原　寛・米田　豊, 1976. 続・故山元信一君蔵の標本目録. 筑紫の昆虫, 16(1"
"ホタルハムシ","Monolepta dichroa Harold, 1877"
"フタスジカンショコガネ","Apogonia bicarinata bicarinata Lewis, 1896"
"シリジロヒゲナガゾウムシ","Androceras flavellicorne (Sharp, 1891)"
"カメザワシリブトジョウカイ","Yukikoa kamezawai Takahashi, 2003"
"アマミチビミズギワコメツキ","Zorochros (Zorochros) amamiensis (Arimoto, 1987)"
"マホロバヒメハナカミキリ","Pseudopidonia leucanthophila (Kuboki, 1978)"
"マツダニヒメテントウ","Parastethorus pinicola Seki & Maruyama, 2025"
"ハヤシフナガタハナノミ","Anaspis (Silaria) hayashii Chûjô & Nakane, 1953"
"マルヒサゴゴミムシダマシ","Misolampidius molytopsis (Marseul, 1876)"
"イタヤハマキチョッキリ","Byctiscus venustus (Pascoe, 1875)"
"ハヤシコチビシデムシ","Sciodrepoides dubius Y. Hayashi, 1969"
"ウスモンアカヒラタケシキスイ","Epuraea (Epuraea) pallescens (Stephens, 1835)"
"ヤマダクロフジハムシ","Gonioctena (Brachyphytodecta) jamadai Takizawa, 2015"
"アオバホソハナカミキリ　本土亜種","Strangalomorpha tenuis aenescens Bates, 1884"
"オオダイツヤミズギワコメツキ","Oedostethus ohdai Arimoto, 2007"
"ヤマトヒゲナガゾウムシ","Tropideres japonicus japonicus (Roelofs, 1879)"
"ヒラノアカヒラタゴミムシ","Yukihikous minobusanus Habu, 1978"
"ホソトドマツカミキリ","Tetropium gracilicum Hayashi, 1983"
"ホソゴマフガムシ","Berosus (Berosus) pulchellus W. S. MacLeay, 1825"
"オキナワハンミョウ","Sophiodela okinawana (Nakane, 1957)"
"オオクロナガコメツキ","Elater niponensis (Lewis, 1894)"
"フトガタヒメカミキリ　琉球亜種","Ceresium unicolor pseudounicolor Kusama & Komiya, 1972"
"ダイセツチビシデムシ","Catops lygaeus Iablokff-Khnzorian, 1974"
"リュウキュウトビイロカミキリ　伊豆八丈島亜種","Nysina insularis yamagamii (Fujita, 1980)"
"ヨシダオチバメダカハネカクシ","Stenus toshiharui Naomi, 1990"
"クロアリヅカエンマムシ","Haeterius optatus Lewis, 1884"
"カスガヒメゴモクムシ","Bradycellus (Tachycellus) confusus Jaeger &Wrase, 1994"
"コクロナガオサムシ　赤石山脈亜種","Carabus (Leptocarabus) arboreus horioi Nakane, 1961"
"セトコブセスジダルマガムシ","Ochthebius (Ochthebius) matsudae Jäch & Delgado, 2014"
"ツマキトグロハネカクシ","Andrikothelyna limbata Nozaki, 2023"
"ヨシノツツナガハネカクシ1","Lobrathium (Lobrathium) ohkurai Ito, 1996"
"ムラサキオオツチハンミョウ","Meloe (Meloe) violaceus Marsham, 1802"
"ヨシノツツナガハネカクシ2","Lobrathium (Lobrathium) yasuii T. Ito, 2018"
"ヤクシマエンマコガネ","Onthophagus (Strandius) yakuinsulanus Nakane, 1984"
"マルオナガキクイムシ","Crossotarsus emancipatus Murayama, 1934"
"ナミヒメナガエンマムシ","Kanaarister celatus (Lewis, 1884)"
"タイワンヨツボシゴミムシ","Craspedophorus cereus (MacLeay,1825)"
"カグヤヒメキクイゾウムシ","Pseudocossonus brevitarsis Wollaston, 1873"
"ルイスイクビハネカクシ","Ischnosoma lewisium (Sharp, 1874)"
"タマカイガラヒゲナガゾウムシ","Anthribus kuwanai (Yuasa, 1931)"
"クロサワオオアリガタハネカクシ","Paederus (Megalopaederus) kurosawai Y. Watanabe, 1986"
"サイカイドウラクヨウタマキノコムシ　琉球亜種","Colenis saikaidoensis onodai Hoshina, 1999"
"ハネモンキノコハネカクシ","Lordithon (Lordithon) cinctiventris (Sharp, 1888)"
"リュウキュウクワヒメゾウムシ","Moreobaris matobai Yoshihara, 2016"
"カメガモリニンフジョウカイ","Asiopodabrus (Imasakapodabrus) kamegamoriensis Takahashi & Imasaka, 2010"
"ヒコサンナガタマムシ","Agrilus yamabusi Miwa & Chûjô, 1940"
"マツノシラホシゾウムシ","Shirahoshizo insidiosus (Roelofs, 1875)"
"コマルヒメドロムシ","Heterlimnius yoshitomii (Kamite, 2015)"
"ケブトヒラタキクイムシ","Minthea rugicollis (Walker, 1858)"
"サクキクイムシ","Xylosandrus crassiusculus (Motschulsky, 1866)"
"ヒゲブトコガシラハネカクシ","Philonthus (Philonthus) debilis (Gravenhorst, 1802)"
"スギウラナガタマムシ","Agrilus sugiurai Jendek, 2007"
"タイワンマンゲツガムシ","Psalitrus sauteri d'Orchymont, 1929"
"タナカミスジホソカタムシ","Leptoglyphus tanakai Aoki, 2012"
"ワタナベナガタマムシ","Agrilus watanabei Tôyama, 1985"
"ヤエヤマベニハナボタル　与那国島亜種","Plateros yayeyamanus azumai Matsuda, 2008"
"ダイコクハヤシメダカハネカクシ","Stenus daikoku Naomi, 2004"
"トホシハナカミキリ　基亜種","Brachyta danilevskyi danilevskyi Tshernyshev & Dubatolov, 2005"
"ヤクシマクロミスジヒシベニボタル","Greenarus yakushimanus Matsuda, 2011"
"アシナガコガネ","Hoplia (Euchromoplia) communis Waterhouse, 1875"
"ケモンヒメトゲムシ","Nosodendron (Nosodendron) asiaticum Lewis, 1889"
"ツシマムラサキジョウカイ","Themus (Themus) tsushimensis M. Satô & Ishida, 1982"
"クビブトハネカクシ","Mimopinophilus formosae (Bernhauer, 1935)"
"アマミオオメホソチビドロムシ","Cephalobyrrhus amami Yoshitomi, 2019"
"ヨツボシケシミズギワゴミムシ","Bembidion (Bembidion) paediscum Bates, 1883"
"マムロガワメクラチビゴミムシ","Trechiama (Trechiama) umbraticus S. Uéno, 1983"
"アルファルファタコゾウムシ","Hypera (Hypera) postica (Gyllenhal, 1813)"
"ジュウジヒメミツギリゾウムシ","Miolispa cruciata Senna, 1898"
"ホソゴミハネカクシ","Oxypoda (Oxypoda) obtusa Sawada, 1970"
"タイシャクナガチビゴミムシ　大山亜種","Trechiama (Trechiama) yokoyamai montanus S. Uéno, 1958"
"ダイセンヒゲナガアリヅカムシ","Pselaphogenius dentipenis Sawada, 1969"
"ヒゲボソムネトゲアリヅカムシ","Tribasodes longicornis (Sharp, 1883)"
"クチブトチョッキリ","Lasiorhynchites (Nelasiorhynchites) brevirostris (Roelofs, 1874)"
"ズグロカミキリモドキ　基亜種","Eobia (Eobia) chinensis chinensis (Hope, 1843)"
"ドウガネチョッキリ","Cneminvolvulus (Nigrorhynchites) aes (Y. Sawada, 1993)"
"ケナガトビハムシ","Orthaltica shirozui (Chûjô, 1957)"
"オオホコリタケシバンムシ","Caenocara tsuchiguri Sakai, 1984"
"イワキメクラチビゴミムシ","Oroblemus caecus S. Uéno & A. Yoshida, 1966"
"アラハダチャイロコメツキ","Reitterelater rugipennis (Lewis, 1894)"
"ダイミョウキカワヨツメハネカクシ","Xylodromus daimio (Sharp, 1889)"
"アヤムナビロタマムシ　基亜種","Sambus quadricolor quadricolor E. Saunders, 1873"
"タガワツチゾウムシ","Trachyphilus tagawanus Morimoto, 2015"
"コクワガタ　トカラ列島亜種","Dorcus rectus kobayashii (Fujita & Ichikawa, 1985)"
"トゲナシモモブトカミキリ","Planeacanista japonica Hayashi, 1959"
"ミツテンケシナガクチキ","Wanachia triguttata (Gyllenhal, 1810)"
"カラフトチャイロコガネ","Sericania sachalinensis Matsumura, 1911"
"トゲハネゴモクムシ","Coleolissus (Coleolissus) azumai Habu, 1973"
"アマミオオハナコメツキ","Platynychus (Platynychus) amamianus (Kishii, 1979)"
"カラサワヒラタゴミムシ","Sericoda ceylonica (Motschulsky, 1859)"
"コアラゲサルハムシ","Demotina aurosquama Chûjô, 1961"
"ナガヒゲブトコメツキ","Aulonothroscus longulus (Weise, 1879)"
"セスジダルマガムシ","Ochthebius (Ochthebius) inermis Sharp, 1884"
"マルオカホソハナカミキリ","Idiostrangalia maruokai (Hayashi, 1963)"
"サキアカバツツナガハネカクシ","Lobrathium (Lobrathium) partitum (Sharp, 1874)"
"ルイスマヤサンマルタマキノコムシ","Agathidium (Neoceble) curtipenne Hlisnikovský, 1964"
"ニセヒメフトコメツキダマシ","Bioxylus similis Hisamatsu, 1985"
"アカネキスジトラカミキリ　基亜種","Brachyclytus monticallisus monticallisus (Komiya, 1980)"
"キタカタモンハネカクシ","Liusus humeralis (Matsumura, 1911)"
"ヤエヤマケマダラマルハナノミ","Ora yayeyamana (M. Satô & Chûjô, 1972)"
"アカチャドウガネナガハネカクシ","Platydomene anguina (Sharp, 1874)"
"オオカレキクチカクシゾウムシ","Camptorhinus margiferae Marshall, 1925"
"ヤマトクモゾウムシ","Euryommatus japoniucus (Hustache, 1921)"
"アザミメクラチビゴミムシ","Stygiotrechus azami Ashida & K. Kitayama, 2004"
"ヒメムネミゾヒラタゴミムシダマシ","Clamoris narana (Nakane, 1988)"
"ノムラオビハナノミ","Glipa (Stenoglipa) nipponica Nomura, 1957"
"チャイロシマチビゲンゴロウ","Nebrioporus anchoralis (Sharp, 1884)"
"ツチカワクビボソジョウカイ","Asiopodabrus (Asiopodabrus) tsuchikawai (Takahashi, 1999)"
"ヤクユミアシゴミムシダマシ","Promethis exigua (M. T. Chûjô, 1980)"
"フィリピンザイノキクイムシ","Xyleborus perforans (Wollaston, 1857)"
"ウスイロマグソコガネ","Aphodius (Labarrus) sublimbatus Motschulsky, 1860"
"ニワハンミョウ　四国亜種","Cicindela (Cicindela) japana tosana Oike, 1936"
"イクリダニクビボソジョウカイ","Asiopodabrus (Asiopodabrus) ikuridaniensis Takahashi, 2012"
"アマミカタビロキマワリモドキ　沖縄亜種","Phaedis (Phaedis) oshimensis iriei M. T. Chûjô, 1980"
"ジュロウジンハヤシメダカハネカクシ","Stenus jurojin Naomi, 2004"
"トカラアカアシコハナコメツキ　沖永良部島亜種","Paracardiophorus tokara erabu Kishii, 1977"
"オオニセツツマグソコガネ","Ataenius australasiae (Boheman, 1858)"
"オガサワラクシコメツキ","Melanotus (Melanotus) boninensis Ôhira, 1974"
"マヤサンオサムシ　基亜種","Carabus (Ohomopterus) maiyasanus maiyasanus Bates, 1873"
"コクヌストモドキ","Tribolium castaneum (Herbst, 1797)"
"ケシチビマメコメツキ","Quasimus (Quasimus) issunboushi Kishii, 1966"
"リュウキュウメダカアメイロカミキリ","Uenobrium piceorubrum takeshitai (Niisato & Ohmomo, 1994)"
"ツシマケシカミキリ","Exocentrus tsushimanus Hayashi, 1968"
"2): 33-39.","Habu, A., 1981a. On Japanese species of Stomis (Coleoptera, Carabidae). Entomological Review of Japan, 35(1"
"チャイロコメノゴミムシダマシ","Tenebrio molitor Linnaeus, 1758"
"タイワンマルバネキクイゾウムシ","Microtribodes formosanus Morimoto, 1973"
"アカツツホソミツギリゾウムシ","Callipareius (Callipareius) japonicus (Nakane, 1963)"
"ヤマトゴマフガムシ","Berosus (Berosus) japonicus Sharp, 1873"
"カクモンチビオオキノコ","Tritoma (Tritoma) discaloides Nakane, 1986"
"コクロツヤハダコメツキ　屋久島亜種","Hemicrepidius (Hemicrepidius) sinuatus satouchii (Lewis, 1895)"
"ミセンメクラチビゴミムシ","Kusumia amicorum S. Uéno, 1999"
"キオビシギゾウムシ","Curculio (Curculio) ochrofasciatus Morimoto, 1981"
"コクロナガキマワリ","Strongylium (Strongylium) shibatai Nomura, 1963"
"アミモンヒラタケシキスイ","Ussuriphia hilleri (Reitter, 1877)"
"ヒロオビマダラヒゲナガゾウムシ","Acorynus poecilus Shibata, 1963"
"イシヅチサビイロモンキハネカクシ","Protocypus kendappa (Naomi, 1992)"
"シバタツノツツハネカクシ","Plastus (Leiochirus) yasutoshii Naomi, 1996"
"ニセコゲチャサビカミキリ","Mimectatina iriei Hayashi, 1984"
"ワタナベハムシ","Chrysolina (Anopachys) watanabei Takizawa, 1970"
"メダカチビカワゴミムシ","Asaphidion semilucidum (Motschulsky, 1862)"
"2): 30.","鎌田保生, 1976. 徳島県剣山における興味深いカミキリ2種. ELYTRA, 3(1"
"タカクワコバネナガハネカクシ","Lathrobium (Lathrobium) takakuwai Y. Watanabe, 2017"
"ヨツボシハナコブヒメゾウムシ","Dendrobaris insularis (Morimoto & Miyakawa, 1985)"
"カンダダルマガムシ","Hydraena (Hydraenopsis) kandai Hayashi & Noishiki, 2025"
"ミヤモトホソヒラタハムシ","Leptispa miyamotoi Kimoto, 1957"
"ハクサンチビオオキノコ","Tritoma (Tritoma) hakusanensis Sasaji & Hoshina, 2003"
"ヒラタキノコゴミムシダマシ","Yamatotakeru loripes (Lewis, 1894)"
"ヤスマツナガタマムシ","Agrilus yasumatsui Y. Kurosawa, 1964"
"イシガキアシナガトビハムシ","Longitarsus (Longitarsus) ishigakiensis Kimoto, 1965"
"クリイロヒメハナノミ","Falsomordellina castanea (Boheman, 1858)"
"ムナキモモブトハムシ","Zeugophora japonica Chûjô, 1951"
"アオバナガクチキ","Melandrya (Melandrya) gloriosa Lewis, 1895"
"シマトゲバカミキリ","Rondibilis (Rondibilis) insularis (Hayashi, 1962)"
"オオルリオサムシ　道北亜種","Carabus (Acoptolabrus) gehinii aereicollis (G. Hauser, 1921)"
"ハチジョウホソカッコウムシ","Cladiscus hachijoensis Murakami, 2020"
"ヤセモリヒラタゴミムシ　広島亜種","Diacanthostylus elainus hiroshimae (Habu, 1975)"
"スジマガリエンマムシ","Atholus coelestis (Marseul, 1857)"
"ナンヨウヒメヒラタセスジハネカクシ","Anotylus glaerosus Wollaston, 1854"
"エンジュマメゾウムシ","Megabruchidius sophorae Tuda & Morimoto, 2004"
"シナノカネコメツキ","Gambrinus hinakurai (Kishii, 1998)"
"チャイロコオニケシキスイ","Cryptarcha inhalita Reitter, 1884"
"ハラビロハネカクシ","Deleaster yokoyamai Adachi, 1935"
"シコクミスジヒシベニボタル","Benibotarus (Benibotarus) shikokuanus Matsuda, 2011"
"タカサゴシロカミキリ","Olenecamptus formosanus Pic, 1914"
"4): 127-129.","Hisamatsu, S., 1970a. A new Japanese species of Colonidae (Coleoptera). Transactions of the Shikoku Entomological Society, 10(3"
"ナンキヒメコバネナガハネカクシ","Lathrobium (Lathrobium) nankiense Y. Watanabe, 2006"
"トダセスジゲンゴロウ","Copelatus nakamurai V. B. Guéorguiev, 1970"
"チビビロウドコガネ","Maladera (Eumaladera) nitidiceps Nomura, 1967"
"サキシマニセメダカハネカクシ","Stenaesthetus insulanus Puthz, 2010"
"ツツマガリツヤツチゾウムシ","Asphalmus curvipenis Morimoto, 2015"
"リュイスアシナガオトシブミ","Henicolabus (Allolabus) lewisii (Sharp, 1889)"
"オキナワイチモンジハムシ","Morphosphaera caerulea (Schönfeldt, 1890)"
"タイワンオオサビキコリ","Agrypnus formosanus formosanus (Bates, 1866)"
"4): 13-18.","Kimoto, S., 1963a. Descriptions of new species of the Chrysomelidae from Japan, with notes on some known species. Fragmenta Coleopterologica, (3"
"コスゲメクラチビゴミムシ","Trechiama (Trechiama) kosugei S. Uéno, 1955"
"チャバネセダカシギゾウムシ","Curculio (Curculio) fulvipennis Morimoto, 1960"
"イオウスナゴミムシダマシ","Gonocephalum (Gonocephalum) adpressiforme Kaszab, 1951"
"ニセヒラタネクイハムシ","Donacia (Donaciomima) tominagai Hayashi, 2000"
"クロズマルクビハネカクシ","Tachinus (Tachinoderus) nigriceps nigriceps Sharp, 1888"
"アワジハネナシナガキマワリ","Strongylium (Strongylium) tanakai Ando, 2003"
"ホソノミナガクチキ","Microscapha isensis Sasaji, 1987"
"ミナミヒラタチビコメツキ","Drasterius prosternalis Candèze, 1878"
"マサカカツオブシムシ","Thylodrias contractus Motschulsky, 1839"
"セジマメクラチビゴミムシ","Coreoblemus sejimai S. Uéno, 2007"
"クロズハマベゴミムシダマシ","Phaleria (Epiphaleria) atriceps (Lewis, 1894)"
"ミツオホシハナノミ","Hoshihananomia mitsuoi Nakane & Nomura, 1950"
"ハネモンチビヒョウタンゴミムシ","Dyschirius (Dyschiriodes) formosanus Kult, 1949"
"カクヒメコクヌストモドキ","Palorus cerylonoides (Pascoe, 1863)"
"フタスジアシブトゾウムシ","Ochyromera binotata Kojima & Morimoto, 1996"
"クロヒラタオオキノコ","Renania atrocyanea Lewis, 1887"
"タオウブゲメツブテントウ","Pharoscymnus taoi Sasaji, 1967"
"コクビボソムシ","Macratria fluviatilis Lewis, 1895"
"チシマムナビロコケムシ","Cephennodes (Cephennodes) vafer Kurbatov, 1995"
"フェリエベニボシカミキリ","Rosalia (Eurybatus) ferriei Vuillet, 1911"
"ヒメクビボソジョウカイ","Asiopodabrus (Asiopodabrus) macilentus (Kiesenwetter, 1874)"
"ニホンキノコツヤケシハネカクシ","Phymatura japonica Cameron, 1930"
"ライターホソクロハネカクシ","Tachyusa (Tachyusa) reitteri Bernhauer, 1939"
"ルイスヒメハネカクシ","Atheta (Datostiba) lewisiana Cameron, 1933"
"ナガクシヒゲツヤムネハネカクシ","Quedius (Velleius) elongatus (Naomi, 1986)"
"サツキオチバメダカハネカクシ","Stenus satsuki Naomi, 1987"
"サドクビボソジョウカイ　基亜種","Asiopodabrus (Asiopodabrus) bilineatus bilineatus (Pic, 1904)"
"ワサマタツヤツチゾウムシ","Asphalmus wasamataensis Morimoto, 2015"
"ナガミゾコメツキダマシ","Dirrhagofarsus lewisi (Fleutiaux, 1900)"
"キボシトゲムネサルゾウムシ","Mecysmoderes ater Hustache, 1916"
"デメコガシラハネカクシ","Philonthus (Philonthus) quediodes Sharp, 1874"
"オオシマチビシデムシ","Catops amamiensis Y. Hayashi, 1969"
"クロカワヒメジョウカイモドキ","Nepachys kurokawensis (Nakane, 1987)"
"アナノオメクラチビゴミムシ","Trechiama (Trechiama) ovoideus S. Uéno, 1970"
"カントウツヤムネハネカクシ","Quedius (Microsaurus) daibosatsunis Y. Watanabe, 1986"
"ニセウグイスナガタマムシ","Agrilus takahashii Tôyama, 1988"
"カタモンホソツヤハダコメツキ","Athousius humeralis (Miwa, 1927)"
"コシマチビゲンゴロウ","Nebrioporus hostilis (Sharp, 1884)"
"キタヒラタネクイハムシ 本州亜種","Donacia (Donaciomima) splendens hiurai Kimoto, 1983"
"オザキチビマメコメツキ","Quasimus (Quasimus) ozakii Ôhira, 2009"
"ツシマムナグロツヤハダコメツキ","Parathous tsushimensis Ôhira, 2008"
"クロホシチビヒゲナガゾウムシ","Unciferina japonica Morimoto, 1981"
"キアシヒメヒゲナガゾウムシ","Rhaphitropis flavipes Morimoto, 1981"
"ウシオハネカクシ","Heterota onorum Maruyama, 2011"
"キイロホソナガクチキ","Serropalpus barbatus Schaller, 1783"
"シナノヒメハナノミ","Falsomordellistena (Falsomordellistena) shinanoensis Tokeji, 1953"
"キンケチャイロカミキリ　奄美亜種","Asaperda bicostata kawadai Fujita, 2023"
"ヒゴヒゲナガハナノミ　基亜種","Paralichas higoniae higoniae Lewis, 1895"
"キベリカワベハネカクシ","Bledius (Pucerus) curvicornis Sharp, 1889"
"アカアシマルガタゴモクムシ　基亜種","Harpalus (Zangoharpalus) tinctulus tinctulus Bates, 1873"
"カラマツノコキクイムシ","Cryphalus laricis Niijima, 1909"
"ミヤタケヒゲナガジョウカイ","Habronychus miyatakei Ishida, 1986"
"ツボネクビボソジョウカイ","Asiopodabrus (Satopodabrus) tsuboneae (Takahashi & Kiriyama, 2000)"
"イセオビツチゾウムシ","Antinia iseana Morimoto, 2015"
"ズアカクロツヤコメツキ","Ludioschema akashii (Ôhira, 1969)"
"マルチビゲンゴロウ","Leiodytes frontalis (Sharp, 1884)"
"ニセマルムネヒメナガゴミムシ","Pterostichus (Rhagadus) thorectoides Jedlička, 1958"
"チャバネシモフリコメツキ　舳倉島亜種","Actenicerus (Acnitecerus) suzukii hegurensis (Kishii, 1964)"
"ヒメヨツボシゴミムシ","Microschemus flavopilosus (LaFerté-Sénectère, 1851)"
"フトツツマグソコガネ","Setylaides foveatus (A. Schmidt, 1909)"
"アサヒナホソチビゴミムシ","Perileptus (Perileptus) asahinai S. Uéno, 1974"
"スズキミドリトビハムシ","Crepidodera sahalinensis Konstantinov, 1996"
"トガリオチバメダカハネカクシ","Stenus acutatus Naomi, 2012"
"アラゲツツキノコムシ","Acanthocis inonoti Miyatake, 1955"
"カミコウチミズギワゴミムシ","Bembidion (?) kamikochii Jedlička, 1965"
"フルテラヒラタツヤムネハネカクシ","Quedius (Microsaurus) furuteraensis K. Arai, 2021"
"キジマトラカミキリ","Xylotrechus (Xylotrechus) zebratus Matsushita, 1938"
"シノダチメクラチビゴミムシ","Kurasawatrechus ichihashii S. Uéno, 1959"
"ツヤケシツブゾウムシ","Sphinxis ovalis Kojima & Morimoto, 2000"
"ベニヘリテントウ","Rodolia limbata (Motschulsky, 1866)"
"ヒュウガモリアリヅカムシ","Hyugatychus teizonagatomoi Nomura, 1996"
"ヤマトキノコツヤハネカク","Gyrophaena (Gyrophaena) bernhaueri Jakobson, 1909"
"ヤエヤマシロアリハネカクシ","Trichopsenius crassicornis Naomi & Terayama, 1996"
"オオシラカワクビボソジョウカイ","Asiopodabrus (Asiopodabrus) ohshirakawanus (Takahashi & Kiriyama, 2000)"
"ヒメセマルヒゲナガゾウムシ","Phloeobius mimes Sharp, 1891"
"コマツクビボソジョウカイ","Asiopodabrus (Asiopodabrus) komatsui (Nakane, 1990)"
"ナガサキクロテントウ","Telsimia nagasakiensis Miyatake, 1978"
"コアトワアオゴミムシ","Chlaenius (Pachydinodes) hamifer Chaudoir, 1856"
"ハガマルヒメドロムシ","Heterlimnius hagai (Nomura, 1958)"
"セマルケシガムシ","Cryptopleurum subtile Sharp, 1884"
"キノカワハネカクシ","Coprophilus simplex Sharp, 1889"
"イリオモテマルチビヒョウタンゴミムシ","Reicheiodes (Reichonippodes) nishii Morita & Bulirsch, 2010"
"チュウゴクヒメマルクビゴミムシ","Nebria (Falcinebria) chugokuensis Sasakawa, 2020"
"クロヒゲコマルガムシ","Crenitis (Acrenitis) neglecta Nakane & Matsui, 1985"
"クボタマルヒメドロムシ","Heterlimnius hasegawai (Nomura, 1958)"
"ネッカコキクイムシ","Cryphalus jehorensis Murayama, 1939"
"アカギモリヒラタゴミムシ","Negreum asakoae (Morita, 1994)"
"イヅツヤコキクイムシ","Eidophelus candidus (Nobuchi, 1975)"
"ベニモンキノコゴミムシダマシ　八重山亜種","Platydema subfascia yaeyama Nakane, 1973"
"モリモトメクラチビゴミムシ　基亜種","Stygiotrechus morimotoi morimotoi S. Uéno, 1973"
"チャイロセマルキスイ","Atomaria (Anchicera) turgida Erichson, 1848"
"ナツミオバボタル","Lucidina natsumiae Chûjô & M. Satô, 1972"
"カギアシゾウムシ","Bagous (Bagous) bipunctatus (Kono, 1934)"
"クロコガネ","Nigrotrichia kiotoensis (Brenske, 1894)"
"ヨコモンヒメヒラタホソカタムシ","Synchita bitomoides (Sharp, 1885)"
"アカバネタマノミハムシ","Sphaeroderma nigricolle Jacoby, 1885"
"オオクラヒゲナガハムシ","Galerucella (Galerucella) ohkurai Kimoto & Takahashi, 1992"
"ナガチビジョウカイ","Malthodes (Maltharchus) longipygus Wittmer, 1954"
"ツブゲンゴロウ","Laccophilus difficilis Sharp, 1873"
"イマサカミドリサルハムシ","Colaspoides imasakai Y. Komiya, 1991"
"エゾカタキバゴミムシ","Badister (Badister) sasajii Morita, 2001"
"チチブニセリンゴカミキリ　西日本亜種","Niponostenostola niponensis pterocaryai (Hayashi, 1960)"
"ババジョウカイ","Lycocerus babai (Ishida, 1986)"
"ミクラツヤヒサゴゴミムシダマシ","Misolampidius kawadai Nakane, 1983"
"アカバコキノコムシダマシ","Pisenus insignis (Reitter, 1889)"
"カラマツアトマルキクイムシ","Dryocoetes karamatsu Sawamoto, 1940"
"ドングリキクイムシ","Coccotrypes graniceps (Eichhoff, 1877)"
"ウンゼンナガハネカクシ","Lathrobium (Lathrobium) cylindricum Bernhauer, 1938"
"ハヤチネサビイロモンキハネカクシ","Protocypus smetanai (Naomi, 1992)"
"ヒメハネビロアカコメツキ","Ampedus (Parelater) miles (Lewis, 1894)"
"コガシラツヤムネハネカクシ","Quedius (Microsaurus) parviceps Sharp, 1874"
"ムナビロツヤドロムシ","Elmomorphus brevicornis Sharp, 1888"
"アカガネエグリタマムシ　奄美亜種","Endelus (Endelus) pyrrosiae aokii Y. Kurosawa, 1985"
"アオマダラタマムシ","Nipponobuprestis (Nipponobuprestis) amabilis (Snellen van Vollenhoven, 1864)"
"オンタケキクイムシ","Pityogenes foveolatus Eggers, 1926"
"タマヌキオニゾウムシ","Gasterocercus tamanukii Kono, 1932"
"コウベヒメハネカクシ","Atheta (Microdota) kobensis Cameron, 1933"
"クロイネゾウモドキ","Notaris oryzae (Ishida, 1902)"
"トウキョウツヤムネハネカクシ","Quedius (?) tokiensis Bernhauer, 1913"
"ヤギマルケシゲンゴロウ","Hydrovatus yagii Kitayama, Mori & Matsui, 1993"
"ルリナガスネトビハムシ","Psylliodes (Psylliodes) brettinghami Baly, 1862"
"ハマベチビゴモクムシ","Fuminoria miyazakii Morita, 2006"
"ニョライハヤシメダカハネカクシ","Stenus nyorai Naomi, 1990"
"キンケチビドロムシ","Chibidoronus aureus M. Satô, 1966"
"マルダルマコガネ","Panelus ovatus Nomura, 1973"
"ヨナグニスジツヤチビハネカクシ","Edaphus yonaguniensis Puthz, 2010"
"シコクダルマガムシ","Hydraena (Hydraena) notsui M. Satô, 1978"
"マツダヒメクモゾウムシ","Telephae matsudai Morimoto, 1960"
"ウスイロアカハネムシ","Pseudopyrochroa peculiaris (Lewis, 1887)"
"ケハダハナムグリヨツメハネカクシ","Eusphalerum hirtellum (Fauvel, 1901)"
"フジミダイラクビボソジョウカイ","Asiopodabrus (Japanopodabrus) fujimidairanus Takahashi, 2012"
"ヤマトオサムシ　三河亜種","Carabus (Ohomopterus) yamato ojikai (Imura & Mizusawa, 2002)"
"サトウマメコメツキ　基亜種","Quasimus (Quasimus) satoi satoi Ôhira, 1967"
"ケシヒメハナノミ","Falsomordellistena (Falsomordellistenoda) parca Tokeji, 1953"
"コニシケブカハムシ","Pyrrhalta konishii Kimoto, 1963"
"ヒトツメチビオオキノコ","Tritoma (Tritoma) uniplagiata Nakane, 1983"
"アメイロカミキリ　基亜種","Stenodryas clavigera clavigera Bates, 1873"
"キバラヒメナガシンクイ","Xylopsocus capucinus (Fabricius, 1781)"
"リョウコニンフジョウカイ　背振山亜種","Asiopodabrus (Imasakapodabrus) ryokoae sefurisanus Imasaka & Takahashi, 2010"
"オオモリメクラチビゴミムシ","Ishikawatrechus tuberculatus S. Uéno, 2008"
"ニセフタホシカギアシゾウムシ","Bagous (Bagous) occultus O'Brien & Morimoto, 1994"
"クロヒゲナガゾウムシ","Cedus japonicus Shibata, 1963"
"ツヤヒメミツギリゾウムシ","Trachelizus japonicus Morimoto, 1976"
"メシマキイロトラカミキリ","Chlorophorus nodai Makihara, 1986"
"ハスオビコブゾウムシ","Desmidophorus crassus Hubenthal, 1917"
"ヒメニジコマルキマワリ","Amarygmus (Amarygmus) izumii (Masumoto, 1983)"
"マルバネコブヒゲカミキリ","Rhodopina integripennis (Bates, 1884)"
"クロカナブン","Rhomborhina (Rhomborhina) polita Waterhouse, 1875"
"デボアヒメヒラタハネカクシ","Siagonium deboiseae Naomi, 1994"
"イオウゼンメクラチビゴミムシ","Trechiama (Trechiama) medicirex S. Uéno, 1989"
"アマミクシヒゲボタル","Stenocladius yoshimasai Kawashima, 1999"
"オキナワウスイロクチキムシ","Borboresthes okinawana (Akita & Masumoto, 2015)"
"カノコサビカミキリ　沖永良部島亜種","Apomecyna (Apomecyna) naevia iriei Hayashi, 1974"
"キベリツヤムネハネカクシ","Quedius (Raphirus) lateralis (Gravenhorst, 1802)"
"クロキモンカミキリ","Menesia akemiae Makihara, 1992"
"ヤツオオナガゴミムシ","Pterostichus (Sphodroferonia) mucronatus Straneo, 1955"
"ヤマトマルドロムシ","Georissus (Neogeorissus) japonicus M. Satô, 1972"
"イリオモテシギゾウムシ","Curculio (Curculio) peculiaris Notsu, 2004"
"コバルトヒゲナガコバネカミキリ　種子島亜種","Molorchus (Molorchus) cobaltina morii Makihara, 1984"
"ミヤマクロハナカミキリ","Anoplodera (Anoploderomorpha) excavata (Bates, 1884)"
"オキナワマメデオキノコムシ","Baeocera caliginosa Löbl, 1984"
"クチナガアシブトゾウムシ","Morimotozo shigematsui (Kojima & Morimoto, 1995)"
"イシガキシロテンハナムグリ　与那国島亜種","Protaetia (Pseudocalopotosia) ishigakia yonakuniana Nomura, 1964"
"ドウボソムネトゲアリヅカムシ","Tribasodes longipes Jeannel, 1958"
"ツヤウミベコガシラハネカクシ","Philonthus (Philonthus) nudus Sharp, 1874"
"ニセケシゲンゴロウ","Hyphydrus orientalis Clark, 1863"
"ナガトゲヒメハナノミ","Mordellochroa (Tolidostena) japonica Tokeji, 1953"
"ゲザンカネコメツキ","Gambrinus mitokii (Kishii, 2004)"
"コウラサンツチゾウムシ","Trachyphilus korasanus Morimoto, 2015"
"ショウレンゲヌレチゴミムシ","Apenetretus shoorengensis (Habu & Baba, 1962)"
"エゾトラカミキリ　基亜種","Oligoenoplus rosti rosti (Pic, 1911)"
"キイロアシナガコガネ","Ectinohoplia gracilipes (Lewis, 1895)"
"オオニシキキマワリモドキ","Andocamaria ryukyuensis (Masumoto, 1985)"
"エグリサビコメツキ","Danosoma fasciata (Linnaeus, 1758)"
"タイワンエグリゴミムシダマシ","Uloma (Uloma) excisa Gebien, 1914"
"クロタマノミハムシ","Sphaeroderma atrum Jacoby, 1885"
"シリトゲヒメジョウカイモドキ","Sternodeattalus chujoi Wittmer, 1970"
"アマミクロホシテントウゴミムシダマシ","Derispia amamiana Miyatake, 1961"
"サワダハバビロハネカクシ","Megarthrus sawadai Cuccodoro, 1996"
"ナガスネアリヅカムシ　亜種2","Batriscenaulax longipes kumaso Nomura, 1991"
"アカバナカミナリハムシ","Altica oleracea oleracea (Linnaeus, 1758)"
"ナガスネアリヅカムシ　亜種1","Batriscenaulax longipes hayato Nomura, 1991"
"メダカノミゾウムシ","Imachra oculata (Morimoto, 1964)"
"ツヤタチゲメダカハネカクシ","Stenus vernicosus Naomi & Nomura, 2015"
"カラカネナカボソタマムシ　薩南諸島亜種","Coraebus ignotus matsudai Y. Kurosawa, 1953"
"ヒラタゴモクムシ","Harpalus (Loboharpalus) platynotus Bates, 1873"
"ヘイアンオノヒゲアリヅカムシ","Bryaxis heian Löbl, Kurbatov & Nomura, 1998"
"オキナワスネアカヒゲナガゾウムシ","Autotropis okinawana Morimoto, 1981"
"ヤクオオトゲアリヅカムシ","Lasinus yakushimanus Bekchiev, Hlaváč & Nomura, 2013"
"ルイスオオヒラタハネカクシ","Siagonium lewisii (Sharp, 1889)"
"タイラヒメコクヌストモドキ","Palorus depressus (Fabricius, 1790)"
"ツマキリチビハネカクシ","Porocallus insignis Sharp, 1888"
"クビボソハナカミキリ","Nivellia (Nivellia) sanguinosa (Gyllenhal, 1827)"
"クビアカアメイロカミキリ","Pseudiphra elegans (Villiers & Chûjô, 1970)"
"ツシマドウボソカミキリ","Pseudocalamobius tsushimae Breuning, 1961"
"ヤクシマアカチャダルマコガネ","Panelus kubotai Kawahara, Inagaki & Ochi, 2007"
"ヒメオオクワガタ　基亜種","Dorcus montivagus montivagus (Lewis, 1883)"
"ヒゲブトヒラタケシキスイ","Epuraea (Epuraea) aestiva (Linnaeus, 1758)"
"ベニヨツボシテントウダマシ","Ancylopus phungi phungi Pic, 1926"
"オオサワヒメエンマムシ","Margarinotus (Ptomister) cadavericola (Bickhardt, 1920)"
"マルコガシラナガゴミムシ","Pterostichus (Rhagadus) nimbatidius (Chaudoir, 1878)"
"アオホソゴミムシ","Drypta (Drypta) ussuriensis Jedlička, 1963"
"ハリマトガリオオズハネカクシ","Platydracus (Platydracus) consularis (Bernhauer, 1915)"
"アマミハンミョウ","Sophiodela ferriei (Fleutiaux, 1895)"
"アカアシアカコメツキ　基亜種","Ampedus (Ampedus) fagi fagi (Lewis, 1894)"
"サワダホソテントウダマシ","Panamomus sawadai Nakane, 1983"
"オスズヌレチゴミムシ","Apatrobus osuzuyamanus Sasakawa & Toki, 2007"
"ニセキクイサビゾウムシ","Dryophthoroides sulcatus Roelofs, 1879"
"クロチビアリモドキ　奄美亜種","Anthicomorphus niponicus amamiensis Nomura, 1962"
"オオムネアカナガタマムシ","Agrilus sinensis Thomson, 1879"
"キボシヒメゾウムシ　沖縄本島亜種","Anthinobaris kiboshi ihai (Nakane, 1963)"
"44): 69-70.","永幡嘉之・日暮卓志, 1996. 鳥取市湖山町のカミキリムシ. すかしば, (43"
"ヒロヒゲツツハムシ","Diachus auratus (Fabricius, 1801)"
"マニワシリブトジョウカイ","Yukikoa maniwana Okushima & Takahashi, 2010"
"ナガハネカクシ","Lathrobium (Lathrobium) dignum Sharp, 1874"
"ムネアカヨコモンヒメハナカミキリ　近畿北域亜種","Cryptopidonia masakii dealbata (Kuboki, 1981)"
"ツシマニセハイイロハナカミキリ","Rhagium (Rhagium) pseudojaponicum Podaný, 1964"
"マダラコキノコムシ","Mycetophagus (Ilendus) irroratus (Reitter, 1879)"
"ヨツモンムクゲキスイ","Biphyllus oshimanus Nakane, 1988"
"アトジロサビカミキリ","Pterolophia (Pterolophia) zonata (Bates, 1873)"
"ワカサイソハネカクシ","Halorhadinus inaequalis Sawada, 1971"
"42): 15-18.","秋山美文・日暮卓志, 1995. 山陰東部のハムシの記録. すかしば, (41"
"ツヤケシヒメホソカタムシ","Microprius opacus (Sharp, 1885)"
"シマチビゲンゴロウ","Nebrioporus simplicipes (Sharp, 1884)"
"フジチャイロツヤハダコメツキ","Scutellathous fujianus Ôhira, 1963"
"ウミベヒメゾウムシ","Pteridobaris maritima (Roelofs, 1875)"
"ヤエヤマクチナガチビキカワムシ","Salpingus yaeyamensis Masumoto, Hirano & Akita, 2016"
"センカクスナゴミムシダマシ","Gonocephalum (Gonocephalum) senkakuense M. T. Chûjô, 1973"
"フウシンメクラチビゴミムシ","Rakantrechus (Paratrechiama) gracillimus S. Uéno, 1959"
"モンクチカクシゾウムシ","Sclerolips maculicollis (Morimoto, 1962)"
"ヤサクチカクシゾウムシ","Parempleurus dentirostris Heller, 1931"
"ホソミズギワコメツキ","Microhypnus agilis (Lewis, 1894)"
"ウスリーチビヒラタムシ","Notolaemus ussuriensis Iablokoff-Khnzorian, 1977"
"チャイロケシトビハムシ","Manobia formosana Chûjô, 1936"
"ギオンマルタマキノコムシ","Agathidium (Neoceble) funereum Angelini & De Marzo, 1990"
"ヒラノツツナガハネカクシ","Lobrathium (Lobrathium) hiranoi Ito, 2021"
"ウンゼンツチゾウムシ","Trachyphilus unzenanus Morimoto, 2015"
"ナガクシヒゲムシ","Callirhipis (Callirhipis) miwai Nakane, 1985"
"タテオビヒゲボタル　伊平屋島亜種","Stenocladius azumai iheyanus Kawashima & F. Satou, 2004"
"キベリチビケシキスイ","Meligethes (Meligethes) violaceus Reitter, 1873"
"コクロヒメジョウカイモドキ","Hypomixis towadensis (Nakane, 1985)"
"スジキイロカメノコハムシ","Cassida nobilis Linnaeus, 1758"
"トラフホソバネカミキリ　トカラ中之島亜種","Thranius variegatus nishinoi Fujita, 2023"
"サワダコキクイムシ","Cryphalus sawadai Nobuchi & Takahashi, 1965"
"ツノヒゲツヤムネハネカクシ","Quedius (Microsaurus) hirticornis Sharp, 1889"
"ヤマモトオオトゲアリヅカムシ","Lasinus yamamotoi Bekchiev, Hlaváč & Nomura, 2013"
"ヒメヒョウホンムシ","Ptinus (Ptinus) latro Fabricius, 1775"
"スサミオビモンヒョウタンゾウムシ","Amystax susamianus Nakamura & Morimoto, 2015"
"チビミズギワコメツキ","Zorochros (Zorochros) lewisi (Schwarz, 1906)"
"ダイセンマルタマキノコムシ","Agathidium (Agathidium) nakatai Hoshina, 1999"
"コクロマルクビハネカクシ","Tachinus (Tachinoderus) diminutus Sharp, 1888"
"ナカグロヒメコメツキ","Dalopius miwai Ôhira, 1972"
"ウスチャマグソコガネ","Aphodius (Pharaphodius) marginellus (Fabricius, 1781)"
"スジアシハナノミダマシ","Scraptia cribriceps (Champion, 1916)"
"クビアカツヤゴモクムシ","Trichotichnus (Trichotichnus) longitarsis longitarsis Morawitz, 1863"
"エグリヒラタケシキスイ","Epuraea (Epuraea) similis Reitter, 1873"
"ミツオビヒメクモゾウムシ","Telephae trifasciata Morimoto, 1960"
"ヒゲブトサビハネカクシ","Ontholestes oculatus (Sharp, 1874)"
"ノムラムクゲヒメキノコハネカクシ","Sepedophilus nomurai Naomi & Maruyama, 1998"
"ハスオビムネクボハネカクシ","Bolitochara obliqua Erichson, 1837"
"ヒゴナガキクイムシ","Crossotarsus concinnus Blandford, 1894"
"ウンピンヒメコケムシ","Euconnus (Euconnus) unpini Hoshina, 2007"
"フタツノツツキノコムシ","Neoennearthron bicarinatum Miyatake, 1954"
"サイゴクヒゲナガアリヅカムシ　北九州亜種","Pselaphogenius paradoxus chiyokoae Nomura, 2000"
"ハラアカマドボタル","Pyrocoelia abdominalis Nakane, 1977"
"キイロスジボタル","Curtos costipennis (Gorham, 1880)"
"ノリクラミズギワゴミムシ","Bembidion (Plataphodes) solanum Jedlička, 1965"
"ヤマトタマムシ　奄美・沖縄亜種","Chrysochroa fulgidissima alternans Watterhouse, 1888"
"ニッポンチビマルハナノミ","Contacyphon nipponicus (Yoshitomi, 2005)"
"ミヤケムネナガコメツキ","Ectinus miyakei Ôhira, 1964"
"ニレハムシ","Xanthogaleruca maculicollis (Motschulsky, 1854)"
"イシヅチスジツヤチビハネカクシ","Edaphus persimplex Puthz, 2014"
"カクアシヒラタケシキスイ","Epuraea (Micruria) bergeri Sjöberg, 1939"
"ヒメヨツスジハナカミキリ　四国九州亜種","Leptura kusamai keiichii Ohbayashi, 1999"
"トサヒメハナカミキリ","Cryptopidonia approximata (Kuboki, 1977)"
"ノグチアオゴミムシ","Chlaenius (Lithochlaenius) noguchii noguchii Bates, 1873"
"アカクビヒメゴモクムシ","Bradycellus (Desbordesius) laeticolor Bates, 1873"
"イイデヒメマルクビゴミムシ","Nebria (Falcinebria) iidesana Sasakawa, 2020"
"ヒメナギサハネカクシ","Bryothinusa aikoae Liu, Ono & Maruyama, 2021"
"ヒメクシコメツキ","Melanotus (Melanotus) legatoides Kishii, 1975"
"ベニイタヤノキクイムシ","Taphrorychus picipennis (Eggers, 1926)"
"イシガキトビイロセンチコガネ","Bolbelasmus (Bolbelasmus) nativus ishigakiensis Masumoto, 1984"
"ニホンヒメメダカハネカクシ","Stenus japonicus Sharp, 1874"
"マダラシマゲンゴロウ","Hydaticus (Prodaticus) thermonectoides Sharp, 1884"
"コスナハラゴミムシ","Diplocheila (Neorembus) latifrons latifrons (Dejean, 1831)"
"タイリクシジミガムシ","Laccobius (Laccobius) binotatus d’Orchymont, 1934"
"タンゴヒラタゴミムシ","Anchomenus (Anchomenus) leucopus (Bates, 1873)"
"ワカミヤメクラチビゴミムシ","Ryugadous (Ryugadous) cilatus S. Uéno, 1955"
"エゾエグリダニヒメテントウ","Stethorus (Allostethorus) takakoae Seki & Maruyama, 2025"
"コウヨウナガタマムシ","Agrilus koyoi Ohmomo, 2002"
"ウエノモリヒラタゴミムシ","Atranodes uenoi (Habu, 1971)"
"ケナガナガツツキノコムシ","Nipponocis longisetosus Nobuchi, 1955"
"ヤマトコマルズハネカクシ","Enallagium japonicum Nakane & Sawada, 1960"
"コブヒメゾウムシ","Pharcidobaris miyamotoi Morimoto & Yoshihara, 1996"
"コオビハナノミ","Glipa (Macroglipa) fasciata Kono, 1928"
"ナンキオチバメダカハネカクシ","Stenus ohtoensis Naomi, 2006"
"オキナワイモサルハムシ","Colasposoma viridicoeruleum Motschulsky, 1860"
"ハガヒメメダカハネカクシ","Stenus hagai Naomi, 1997"
"アマミカバイロハムシ","Gallerucida oshimana Kimotio & Gressitt, 1966"
"クロアシナガコガネ","Hoplia (Hoplia) moerens Waterhouse, 1875"
"イシガキクビアカジョウカイ","Lycocerus naokii (Okushima & Imasaka, 2000)"
"アカアシホシカムシ","Necrobia rufipes (DeGeer, 1775)"
"マルヒラスナゴミムシダマシ","Diphyrrhynchus oharensis oharensis Nakane, 1973"
"ケズネオガサワラカミキリ","Boninella anoplos (N. Ohbayashi, 1976)"
"ハコネマルムネゴミムシダマシ","Nalassus (Nalassus) elegantula (Lewis, 1894)"
"ルイスムネボソヨツメハネカクシ","Boreaphilus lewisianus Sharp, 1874"
"キュウシュウカンショコガネ","Apogonia tsutsumiuchii Kobayashi, 2023"
"チャバネホソコガシラハネカクシ","Gabrius egens (Sharp, 1874)"
"ヤマトオサムシ　北陸地方亜種","Carabus (Ohomopterus) yamato takanonis (Imura & Mizusawa, 2002)"
"ミッチフナガタハナノミ","Anaspis (Silaria) mitchyi Chûjô & Nakane, 1953"
"センカクキラホシカミキリ","Glenea (Glenea) masakii Makihara, 1978"
"ミヤコアオドウガネ","Anomala miyakona Nomura, 1977"
"オキナワナガタマムシ　奄美沖縄亜種","Agrilus okinawensis shiozakii Tôyama, 1985"
"キイロコキクイムシ","Cryphalus fulvus Niijima, 1908"
"マルカククチゾウムシ","Dactylotus (Nipponoblosyrus) angusticollis (Motschulsky, 1866)"
"キクチツヤツチゾウムシ","Asphalmus kikuchiensis Morimoto, 2015"
"ユリクビナガハムシ","Lilioceris (Lilioceris) merdigera (Linnaeus, 1758)"
"ホソアシオオズナガゴミムシ","Pterostichus (Sphodroferonia) gracilitarsis N. Ito, 2011"
"クロツツキクイゾウムシ","Magdalis (Odontomagdalis) koltzei Stierlin, 1884"
"キイロクチキムシ","Cteniopinus (Cteniopinus) hypocrita (Marseul, 1876)"
"カクズクビナガムシ","Nematoplus konoi (Nakane, 1963)"
"ヒメシュモクアリヅカムシ","Nipponozethus lativentris (Jeannel, 1958)"
"ヤマトムナビロコケムシ","Cephennodes (Cephennodes) japonicus (Sharp, 1886)"
"ヤマトオオメツヤムネハネカクシ","Indoquedius juno (Sharp, 1874)"
"ミカワオサムシ　佐久間亜種","Carabus (Ohomopterus) arrowianus shichinoi (Imura & Matsunaga, 2010)"
"カクナガヨツメハネカクシ","Acidota quadrata (Zetterstedt, 1838)"
"トクノシマモリアリヅカムシ","Hyugatychus tokunoshimensis Nomura, 1996"
"アカバアバタウミベハネカクシ","Cafius (Pseudoremus) rufescens Sharp, 1889"
"エチゴハナムグリヨツメハネカクシ","Eusphalerum yukiguni Y. Watanabe, 1990"
"ヤマトオサムシ　基亜種","Carabus (Ohomopterus) yamato yamato (Nakane, 1953)"
"キイロナカミゾコメツキダマシ","Brevisegmentus miyatakei (Hisamatsu, 1955)"
"ソボムラサキジョウカイ　北九州亜種","Themus (Themus) sobosanus kitakyushuensis Takakura 1989"
"ベニカミキリ","Purpuricenus (Sternoplistes) temminckii (Guérin-Méneville, 1844)"
"ハモンアオゴミムシ","Chlaenius (Pseudochlaeniellus) callichloris Bates, 1873"
"ヌマチビマルハナノミ","Herthania obscuratus (Klausnitzer, 1982)"
"ヒメミツギリゾウムシ","Trachelizus bisulcatus (Lund, 1800)"
"ヒザグロフトカミキリモドキ","Asessinia geniculata (Kono, 1937)"
"キンヘリタマムシ 北日本亜種","Lamprodila (Lamprodila) pretiosa bellula (Lewis, 1893)"
"シバンオオハナノミ","Pelecotoma septentrionalis Kôno, 1936"
"カスリドウボソカミキリ　八重山亜種","Pothyne variegata yayeyamana Breuning & Ohbayashi, 1966"
"チュウガタナガキクイムシ","Platypus modestus Blandford, 1894"
"タカオマルクチカクシゾウムシ","Orochlesis takaosanus Kono, 1932"
"ヨナグニムナビロコケムシ","Cephennodes (Cephennodes) yonaguniensis Hoshina, 2012"
"コネコクビボソジョウカイ","Asiopodabrus (Asiopodabrus) konekoensis Takahashi, 2020"
"オオシロモンサルゾウムシ","Hadroplontus ancora (Roelofs, 1875)"
"タケダナガメダカハネカクシ","Stenus takedai Naomi, 1990"
"シバタトホシハムシ","Gonioctena (Gonioctena) shibatai Takizawa, 1982"
"ハリオオビハナノミ　伊豆諸島亜種","Glipa (Stenoglipa) hatayamai izuinsulana Takakuwa, 2000"
"ニホンヒメクビボソハネカクシ","Scopaeus (Scopaeus) nipponensis Frisch, 2003"
"トカラチビヒョウタンゾウムシ","Myosides tokarensis Morimoto & Lee, 1993"
"オチバアナアキゾウムシ","Pentaparopion costatum Morimoto, 1982"
"オオヒラタゴミムシ","Platynus (Batenus) magnus (Bates, 1873)"
"オガサワラスナゴミムシダマシ","Gonocephalum (Gonocephalum) pottsi Kulzer, 1957"
"シロオビチビカミキリ　伊豆諸島亜種","Sybra (Sybrodiboma) subfasciata mikurensis (Hayashi, 1971)"
"イシガキチビヒョウタンゾウムシ","Myosides ishigakianus Morimoto & Lee, 1993"
"ヒノモトタマキノコムシ","Hinomoto nihonensis Hoshina, 2002"
"ヒメカバノキハムシ","Syneta brevitibialis Kimoto, 1971"
"モンキヒラタケシキスイ","Epuraea (Epuraea) carpathica Reitter, 1878"
"アカチョッキリ","Aderorhinus pedicellaris Voss, 1930"
"ミナミハマベヨツメハネカクシ","Giulianium tomokoae Ono & Maruyama, 2015"
"マヤサンオサムシ　鈴鹿山脈南東部亜種","Carabus (Ohomopterus) maiyasanus suzukanus Ishikawa & Kubota, 1994"
"キクイツツキノコムシ","Xylographus scheerpeltzi Nobuchi & Wada, 1956"
"ムナクボヒラタケシキスイ","Epuraea (Epuraea) foveicollis Reitter, 1873"
"ヨツスジハナカミキリ　対馬亜種","Leptura ochraceofasciata chujoi Hayashi, 1961"
"ミナミフタホシスジバネゴミムシ","Planetes (Planetes) bimaculatus Macleay, 1825"
"サシゲホソカタムシ","Neotrichus hispidus Sharp, 1885"
"アカハラケシキスイ","Glischrochilus (Librodor) rufiventris (Reitter, 1879)"
"キヨザサナガゴミムシ","Pterostichus (Epinialoe) fumikoae Y. Kurosa, 2019"
"ナギメクラチビゴミムシ","Trechiama (Trechiama) yamashitai Ashida, 2001"
"2): 56-59.","Ôhira, H., 1974a. New or little-known Elateridae from Japan, XIX (Coleoptera). Transactions of the Shikoku Entomological Society, 12(1"
"ナミカメノコハムシ","Cassida nebulosa Linnaeus, 1758"
"ツヤケシナガゴミムシ","Pterostichus (?) cordatissimus (Straneo, 1937)"
"イボタサビカミキリ","Sophronica obrioides (Bates, 1873)"
"エヒメサシゲマルトゲムシ","Curimopsis (Curimopsis) ehimensis Kitano & Sakai, 2006"
"ニッコウクロナガゴミムシ","Pterostichus (Eosteropus) creper (Tschitschérine, 1902)"
"アオオサムシ　奥利根亜種","Carabus (Ohomopterus) insulicola okutonensis Ishikawa & Ujiie, 2000"
"ノコヒメマキムシ","Corticaria serrata (Paykull, 1798)"
"ミナミチビマルガムシ","Paracymus atomus d’Orchymont, 1925"
"チシマオノヒゲアリヅカムシ","Bryaxis extremalis Kurbatov, 1990"
"ヒゲカタアリヅカムシ","Tmesiphorus crassicornis Sharp, 1883"
"オオヒゲブトチビシデムシ","Colon (Myloechus) hiraii Nakane, 1982"
"ツヤケシキクイゾウムシ","Exodema sublutosa Wollaston, 1873"
"ムツモンミツギリゾウムシ","Pseudorychodes insignis (Lewis, 1883)"
"ヤンバルエンマムシ","Atholus bifrons (Marseul, 1854)"
"マルチビガムシ","Pelthydrus (Pelthydrus) japonicus M. Satô, 1960"
"アラメカクムネトビハムシ","Neocrepidodera sublaevis (Motschulsky, 1859)"
"ミヤマクワガタ　基亜種","Lucanus maculifemoratus maculifemoratus Motschulsky, 1861"
"ヨナグニオチバゾウムシ","Otibazo yonaguniensis Yoshitake, 2021"
"ウスモンケシガムシ","Cercyon (Clinocercyon) laminatus Sharp, 1873"
"リュウキュウニセカギアシクモゾウムシ","Rimboda saekii Fujisawa & Lewis, 2025"
"ギフムカシゲンゴロウ","Phreatodytes elongatus S. Uéno, 1996"
"シコクジョウカイ","Lycocerus shikokensis (Ishida, 1986)"
"クロカレキゾウムシ","Acicnemis albofasciata (Ter-Minasyan, 1953)"
"ヒメクロツヤヒラタゴミムシ","Synuchus (Synuchus) congruus (Morawitz, 1862)"
"ヤミゾメクラチビゴミムシ","Kurasawatrechus yamizonis S. Uéno, 1988"
"アキウミヒメハネカクシ","Eubadura akiensis Sawada, 1990"
"クシロヒメコメツキ","Dalopius kushiroensis Ôhira, 1997"
"ナガチビキクイゾウムシ","Conisius yaeyamanus Morimoto, 1973"
"オオメメダカハネカクシ","Stenus gestroi Fauvel, 1895"
"トゲハラヒラセクモゾウムシ","Metialma cordata Marshall, 1948"
"ヒメタマガムシ","Chaetarthria saundersi d’Orchymont, 1923"
"ワタヌキミドリナガタマムシ","Agrilus watanukiorum Fukutomi, 2010"
"オキナワトゲヒゲトラカミキリ","Demonax sawaii Ikeda, 1990"
"ムスジヒメハナノミ","Pseudotolida multisulcata Nomura, 1966"
"ゴマダラオトシブミ","Agomadaranus pardalis (Snellen van Vollenhoven, 1865)"
"アトマルキクイムシ","Dryocoetes rugicollis Eggers, 1926"
"トクノシマタチゲメダカハネカクシ","Stenus tokunis Naomi, 1998"
"イグチケブカゴミムシ","Peronomerus auripilis Bates, 1883"
"アトマルキクイサビゾウムシ","Tetrasynommatus thompsoni Morimoto, 1985"
"リュウグウヒメテントウ","Nephus (Nephus) ryuguus (H. Kamiya, 1961)"
"イヌヤマオビツチゾウムシ","Antinia inuyamana Morimoto, 2015"
"マツコブヒラタケシキスイ","Epuraea (Epuraea) fungicola Hisamatsu, 1968"
"サビカミキリ","Arhopalus coreanus (Sharp, 1905)"
"コクロナガオサムシ　天子・御坂山地亜種","Carabus (Leptocarabus) arboreus mikiyai Imura & Matsunaga, 2019"
"ヒゲナガコメツキ　屋久島亜種","Mulsanteus junior yakuensis (Kishii, 1983)"
"マルガタビロウドコガネ","Maladera (Aserica) secreta secreta (Brenske, 1898)"
"クサレダマハムシ","Neocrepidodera sibirica (Pic, 1909)"
"オキナワアカハネクロベニボタル","Cautires okinawensis Matsuda, 2009"
"コセスジハバビロガムシ","Dactylosternum abdominale (Fabricius, 1792)"
"ヒメアカバトガリオオズハネカクシ","Platydracus (Platydracus) vicarius (Sharp, 1889)"
"コガタクシコメツキ　基亜種","Melanotus (Melanotus) erythropygus erythropygus Candèze, 1873"
"ナカネマメデオキノコムシ","Baeocera nakanei (Löbl, 1968)"
"コギンスジゾウムシ","Tychius (Tychius) ovalis Roelofs, 1875"
"カクムネカタベニデオキスイ","Urophorus (Anophorus) cordiformis Ito & Powell, 2023"
"ホソヒラタアリヤドリ","Homoeusa rufescens (Sharp, 1874)"
"ルリナガツツハムシ","Smaragdina mandzhura (Jacobson, 1925)"
"ルイスコオニケシキスイ","Cryptarcha lewisi Reitter, 1873"
"ミヤマケシツブチョッキリ","Auletobius (Auletobius) sanguisorbae (Schrank, 1798)"
"オキナワヒラタミズギワゴミムシ","Bembidion (Plataphus) hiranoi (Morita, 1996)"
"ヤエヤマモモスジオオコケムシ","Syndicus yaeyamensis Jałoszyński, 2004"
"コジュウジアトキリゴミムシ","Lebia (Poecilothais) iolanthe Bates, 1883"
"チャバネハヤシメダカハネカクシ","Stenus inamatus Puthz, 1993"
"カミカゼマルタマキノコムシ","Agathidium (Neoceble) kamikaze Angelini & De Marzo, 1990"
"クロマダラカメノコハムシ","Glyphocassis spilota spilota (Gorham, 1885)"
"カタシナナガゴミムシ　基亜種","Pterostichus (Nialoe) katashinensis katashinensis Habu, 1958"
"メダカヒメヒラタホソカタムシ","Synchita oculata (Sharp, 1885)"
"ヤエヤマフトカミキリ","Peblephaeus yayeyamai (Breuning, 1955)"
"マルクビクシコメツキ1","Melanotus (Melanotus) caudex Lewis, 1879"
"オゼタデハムシ","Galerucella (Galerucella) ozeana Nakane, 1963"
"マヒルメクラチビゴミムシ　基亜種","Dracotrechus meridianus meridianus S. Uéno, 2011"
"トネリコアシブトゾウムシ","Ochyromera suturalis Kojima & Morimoto, 1996"
"ヒラタハナムグリ　基亜種","Nipponovalgus angusticollis angusticollis (Waterhouse, 1875)"
"サキシマトゲムネカミキリ　基亜種","Sciades (Estoliopus) sakishimanus sakishimanus (Gressitt, 1951)"
"タイセツクロヒメジョウカイ","Rhagonycha (Rhagonycha) pseudogeniculata Kazantsev & Takahashi, 2001"
"クロヒメテントウ","Scymnus (Pullus) japonicus Weise, 1879"
"ノッポロヒメジョウカイ","Rhagonycha (Rhagonycha) nopporensis Wittmer, 1971"
"プベンスキカワアリヅカムシ","Bibloporus (Bibloporus) pubens Kurbatov, 1991"
"ホソハンミョウ","Cylindera (Cylindera) gracilis Pallas, 1773"
"カタバミトビハムシ","Mantura (Mantura) fulvipes Jacoby, 1885"
"セスジヒメテントウ","Nephus (Sidis) levaillanti (Mulsant, 1850)"
"シナノセスジエンマムシ","Onthophilus silvae Lewis, 1884"
"トクノシマチビマルハナノミ","Ypsiloncyphon sinuosus (K. Sasagawa, 1985)"
"カバイロセマルキスイ","Atomaria (Anchicera) fuscata (Schönherr, 1808)"
"ヒメゴミムシ　奄美亜種","Anisodactylus (Anisodactylus) tricuspidatus nomurai N. Ito, 1992"
"シコクモリヒラタゴミムシ　三段峡亜種","Hikosanoagonum mutsuomiyatakei sandankyonis (Habu, 1974)"
"ハニワスジツヤチビハネカクシ","Edaphus haniwa Puthz, 2014"
"アカバヒゲボソコキノコムシ","Eulagius reitteri (Lewis, 1895)"
"カクムネチビヒラタムシ","Cryptolestes pusillus (Schönherr, 1817)"
"オオメヒゲナガゾウムシ","Nerthomma aplotum Jordan, 1912"
"タイワンメダカカミキリ","Stenhomalus (Stenhomalus) taiwanus Matsushita, 1933"
"ホソナガシンクイ","Heterobostrychus aequalis (Waterhouse, 1884)"
"クナシリクシヒゲベニボタル","Macrolycus (Cerceros) kazantsevi Chernyshev, 1996"
"カワセタマノミゾウムシ","Sphaerorchestes kawasei Morimoto & Miyakawa, 1996"
"タカネクロコメツキ","Ampedus (Ampedus) yutakai Arimoto, 2012"
"ハバビロコブハムシ","Chlamisus japonicus (Jacoby, 1885)"
"キイツツナガハネカクシ","Lobrathium (Lobrathium) sasajii T. Ito, 2007"
"スジクワガタ　基亜種","Dorcus striatipennis striatipennis Motschulsky, 1862"
"2): 8-10.","Nakane, T., 1972a. A new species of the genus Pterostichus Bonelli from Shikoku, Japan (Coleoptera: Caraboidea). Entomological Review of Japan, 24(1"
"ミサキコバネナガハネカクシ","Lathrobium (Lathrobium) promontorii Y. Sato, 2023"
"カクムネケシキスイ","Glischrochilus (Glischrochilus) cruciatus (Motschulsky, 1860)"
"ツルギカタホソヨツメハネカクシ","Philydrodes (Philydrodes) tsurugisanus Y. Watanabe, 1990"
"ワタナベムネミゾハネカクシ","Aploderus watanabei Shimada, 2002"
"ナガサキトゲヒサゴゴミムシダマシ","Misolampidius clavicrus (Marseul, 1876)"
"ルイスツツヒラタムシ","Ancistria lewisi Reitter, 1889"
"ツヤヒメオオキノコ","Satelia scitula Lewis, 1887"
"クロツヤツノツツハネカクシ","Plastus (Sinumandibulus) japonicus (Sharp, 1889)"
"ミスジナガクチキ","Stenoxylita trialbofasciata (Hayashi & Katô, 1956)"
"ミゾムネマグソコガネ","Aphodius (Aparammoecius) mizo Nakane, 1967"
"ムネモンアカネトラカミキリ　琉球南部亜種","Xylotrechus (Xylotrechus) atronotatus generosus Matsushita, 1933"
"キタミヤママグソコガネ","Aphodius (Agoliinus) setchan Masumoto, 1984"
"アカクビナガハムシ","Lilioceris (Lilioceris) subpolita (Motschulsky, 1861)"
"オオシリグロハネカクシ","Astenus (Astenus) suffusus (Sharp, 1874)"
"ヒラタメクラチビゴミムシ","Ryugadous (Yuadorgus) uozumii (S. Uéno, 1955)"
"イナゴユハバビロハネカクシ","Megarthrus montanus Sawada, 1962"
"イリオモテミズギワゴミムシ","Bembidion (Neoemphanes) satoi Morita, 1993"
"ムネスジダンダラコメツキ　本土亜種","Harminius singularis hondoensis Kishii, 1985"
"ホソムネコチビシデムシ","Mesocatops japonicus (Jeannel, 1936)"
"カマガタクビボソジョウカイ","Asiopodabrus (Asiopodabrus) falciformis (Takahashi & Okushima, 1999)"
"ヨツダケハナムグリヨツメハネカクシ","Eusphalerum yotsudakense Y. Watanabe & Yoshida, 2018"
"マルガタオチバアリヅカムシ","Philoscotus brevis K. Sawada, 1957"
"クロヒメゲンゴロウ","Ilybius anjae Nilsson, 1999"
"シロズキクイサビゾウムシ","Synommatoides shirozui Morimoto, 1978"
"フタモンマルクチカクシゾウムシ","Orochlesis bimaculata Tsuji & Yoshitake, 2020"
"ツガルシモフリコメツキ","Actenicerus (Acnitecerus) tsugaru Kishii, 1978"
"チャアシヒラタコガシラハネカクシ　基亜種","Philonthus (Philonthus) prolatus prolatus Sharp, 1874"
"マダラキノコムシダマシ","Tetratoma (Abstrulia) japonica Miyatake, 1955"
"シロアリヤドリ","Sinophilus yukoae Maruyama & Iwata, 2002"
"ケシチビドロムシ","Limnichomorphus ohbayashii M. Satô, 1966"
"エナツヤムネハネカクシ","Quedius (Microsaurus) ishiguroi Hayashi, 2021"
"ウスゲマルタマキノコムシ","Agathidium (Cyphoceble) nipponicum Angelini & De Marzo, 1990"
"マダラケブカチョッキリ","Ecnomonychus (Maculinvolvulus) singularis (Roelofs, 1874)"
"ウスグロメクラチビゴミムシ","Rakantrechus (Paratrechiama) obscurus S. Uéno & Naitô, 2008"
"ムモンキスジノミハムシ","Phyllotreta ezoensis Kimoto, 1993"
"ミヤコホソコバネオオハナノミ","Nephrites japonicus Tôyama & Hatayama, 1985"
"イシガキクシコメツキ","Melanotus (Melanotus) ishigakianus Kishii, 1974"
"ウエノメクラチビゴミムシ","Trechiama (Trechiama) uenoi Okuda, 2021"
"ヒメヒコサンミズギワゴミムシ","Bembidion (?) ehikoense Habu, 1984"
"オオヒメゲンゴロウ","Rhantus (Rhantus) erraticus Sharp, 1884"
"ハチジョウヤサクチカクシゾウムシ","Metempleurus hachijoensis Morimoto & Miyakawa, 1985"
"オワリシリブトヨツメハネカクシ","Eudectus asanoi Hayashi, 2019"
"コゲチャアラハダトビハムシ","Trachytetra collaris (Kimoto, 1996)"
"ヒラタコクロコメツキ","Ampedus (Ampedus) okudai Kishii, 1998"
"コシキクチボソコメツキ","Glyphonyx (Glyphonyx) koshikiensis Ôhira, 2003"
"ウエダクビボソジョウカイ","Asiopodabrus (Asiopodabrus) uedai (Nakane & Makino, 1989)"
"ユウキマルタマキノコムシ","Agathidium (Macroceble) yuhkiae Hoshina & Narukawa, 1998"
"ミズベホソサルゾウムシ","Tapeinotus sellatus (Fabricius, 1794)"
"ヒメアカホシテントウ","Chilocorus renipustulatus (Scriba, 1791)"
"サビキコリ　基亜種","Agrypnus binodulus binodulus (Motschulsky, 1861)"
"アルマンツツキノコムシ","Rhopalodontus harmandi Lesne, 1917"
"イシガキクチブトキクイゾウムシ","Stenoscelis matobai Inoue, 2025"
"アカマダラエンマコガネ","Onthophagus (Matashia) lutosopictus Fairmaire, 1897"
"アトキリノミゾウムシ","Orchestes (Orchestes) truncatipennis (Morimoto, 1984)"
"ネポスホソコガシラハネカクシ","Gabrius nepos Smetana, 1984"
"チョウセンコブセスジダルマガムシ","Ochthebius (Ochthebius) parki Jäch et Delgado, 2014"
"コクロナガオサムシ　飛騨御嶽木曽亜種","Carabus (Leptocarabus) arboreus gracillimus Bates, 1883"
"ムラサキモリヒラタゴミムシ","Diacanthostylus integratus (Bates, 1883)"
"コブマルエンマコガネ","Onthophagus (Gibbonthophagus) atripennis Waterhouse, 1875"
"コトラカミキリ","Plagionotus pulcher (Blessig, 1872)"
"ツマグロチビオオキノコ","Tritoma (Tritoma) nigropunctata (Lewis, 1887)"
"クロキノコゴミムシダマシ　沖縄先島亜種","Platydema fumosa akaashi Akita & Masumoto, 2015"
"タテスジナガドロムシ","Heterocerus fenestratus Thunberg, 1784"
"コガネホソコメツキ","Sericus (Sericus) bifoveolatus (Lewis, 1894)"
"シロスジヒゲナガゾウムシ","Mucronianus takemurai (Nakane, 1963)"
"ヌルデケシツブチョッキリ","Auletobius (Auletobius) fumigatus (Roelofs, 1874)"
"アオオサムシ　佐渡島亜種","Carabus (Ohomopterus) insulicola sado Ishikawa & Ujiie, 2000"
"2): 25.","長尾　悟, 1976. 四国のムツコブスジコガネの記録. ELYTRA, 3(1"
"チシマオサムシ　道央道東亜種","Carabus (Aulonocarabus) kurilensis rausuanus Ishikawa, 1966"
"アマミフナガタハナノミ","Anaspis (Anaspis) oshimana Nomura, 1963"
"ヒゲナガタマノミハムシ","Sphaeroderma japanum Baly, 1874"
"チビノミナガクチキ","Lederina japonica (Reitter, 1891)"
"ヒメコブスジツノゴミムシダマシ","Bolitonaeus mergae Lewis, 1894"
"サダミツメクラチビゴミムシ","Trechiama (Trechiama) longicollis S. Uéno, 1986"
"イキメクラチビゴミムシ","Stygiotrechus ikiensis Naitô, 2017"
"フェリエビロウドカミキリ","Acalolepta ferriei (Breuning, 1954)"
"ミナミコクヌストモドキ","Paloropsis iriei Masumoto & Grimm, 2004"
"キアシクビボソハムシ","Oulema (Oulema) tristis kuwayamai Ohno, 1962"
"ヒメエグリオオキノコ　基亜種","Episcapha (Ephicaspa) lewisi lewisi (Nakane, 1950)"
"イワテミズギワコメツキ","Fleutiauxellus (Neomigiwa) sugiurai Kishii, 1993"
"シコクヒメミズギワヨツメハネカクシ","Lesteva shikokuana Y. Watanabe, 1990"
"ツマキツヤナガハネカクシ","Nudobius pleuralis (Sharp, 1874)"
"チャイロコメツキ　口永良部島亜種","Haterumelater bicarinatus heianus Kishii, 1976"
"チャイロキクイゾウムシ","Ochronanus rufus (Voss, 1953)"
"キュウシュウオニヒメハネカクシ","Nepalota kyushuica Assing, 2003"
"アカモンエンマムシ","Atholus bimaculatus (Linnaeus, 1758)"
"フタオビチビキカワムシ","Lissodema pictipenne Lewis, 1895"
"ヒメササラゾウムシ","Demimaea okuboana Voss, 1943"
"ゲンゴロウ","Cybister (Scaphinectes) chinensis Motschulsky, 1854"
"84): 7.","伊東善之・笠原須磨生, 1989. シコクヒラタナガゴミムシ四国南西部にも産す. 甲虫ニュース, (83"
"カスガヒメミズギワヨツメハネカクシ","Lesteva distincta Y. Watanabe, 1990"
"クジュウアバタコバネハネカクシ","Nazeris naomii Ito, 1992"
"クメジマハナボタル　沖縄島亜種","Plateros teruhisai kunigamianus Matsuda, 2008"
"ムネナガホソカタムシ","Pseudendestes andrewesi (Grouvelle, 1908)"
"コガタクシコメツキ　佐渡島亜種","Melanotus (Melanotus) erythropygus sado Kishii, 1994"
"ホソヒメツヤドロムシ","Zaitzeviaria gotoi (Nomura, 1959)"
"オオメホソチビドロムシ","Cephalobyrrhus japonicus Champion, 1925"
"スナサビキコリ","Meristhus (Sulcimerus) niponensis Lewis, 1894"
"ヤマトキモンハナカミキリ","Judolia japonica (Tamanuki, 1942)"
"ニセクロズシリホソハネカクシ","Tachyporus (Tachyporus) celatoides Schülke, 1998"
"クシコメツキ　基亜種","Melanotus (Melanotus) legatus legatus Candèze, 1860"
"クリイロチビケブカカミキリ","Terinaea atrofusca Bates, 1884"
"ミカワオサムシ　天竜川中流域亜種","Carabus (Ohomopterus) arrowianus nakamurai (Ishikawa, 1966)"
"アカイネゾウモドキ","Dorytomus (Dorytomus) roelofsi Faust, 1883"
"オビモンナガハムシ","Zeugophora unifasciata (Jacoby, 1885)"
"リュウグウメクラチビゴミムシ","Ishikawatrechus kusamai S. Uéno, 1999"
"メイドウモンメクラチビゴミムシ","Ishikawatrechus professoris S. Uéno, 1999"
"クマモトツヤゴモクムシ","Trichotichnus (Trichotichnus) higonis Morita, 1997"
"フタモンヒゲブトカツオブシムシ","Thaumaglossa laeta Arrow, 1915"
"マエモンヒラタノミハムシ","Hemipyxis shirakii Nakane & Kimoto, 1961"
"コレキヨダルマタマキノコムシ","Creagrophorus japonicus Daffner, 1989"
"ナラノチャイロコガネ","Proagopertha pubicollis (Waterhouse, 1875)"
"セマルヒゲナガゾウムシ","Phloeobius gibbosus Roelofs, 1879"
"ウエノコブスジコガネ　沖縄島亜種","Glyptotrox uenoi matsumurai (Y. Miyake & Yamaya, 1995)"
"ミナミヒメキノコツヤケシハネカクシ","Pseudatheta cooteri Pace, 1998"
"タイワンシラホシハナムグリ　与那国島亜種","Protaetia (Liocola) formosana nozatoi Y. Miyake, 1986"
"マークオサムシ　本州亜種","Carabus (Limnocarabus) maacki aquatilis Bates, 1883"
"オボコヒメハネカクシ","Acrotona inornata (Kraatz, 1859)"
"イチジクカミキリ","Batocera rubus (Linnaeus, 1758)"
"コアッフェオチバメダカハネカクシ","Stenus coiffaitiellus Naomi & Puthz, 1993"
"アオチビケシキスイ","Brassicogethes praetermissus (Easton, 1957)"
"マダラアラゲサルハムシ","Demotina fasciculata Baly, 1874"
"クギヌキヒメジョウカイモドキ","Kuatunia oblongulus (Kiesenwetter, 1874)"
"ルリバネチビオオキノコ","Triplax fukudai (Chûjô, 1941)"
"ムナクボナガクチキ","Euryzilora lividipennis Lewis, 1895"
"オキナワアカマダラセンチコガネ　基亜種","Nothochodaeus interruptus interruptus (Y. Kurosawa, 1968)"
"チャイロカナブン　八重山諸島亜種","Cosmiomorpha (Microcosmiomorpha) similis nigra Niijima & Kinoshita, 1927"
"クチキオオハナノミ","Trigonodera tokejii (Nomura & Nakane, 1959)"
"オニマメアリヅカムシ","Morana oni Tanabe & Nakane, 1990"
"ビロウドアカチャコガネ","Hilyotrogus yasuii (Nomura, 1970)"
"ヤエヤマクロオオクチキムシ","Upinella (Upinella) yaeyamaensis (Akita & Masumoto, 2012)"
"エグリコブヒゲナガゾウムシ","Gibber incisus (Sharp, 1891)"
"カナヤマチビコバネナガハネカクシ","Lathrobium (Lathrobium) kanayamaense Y. Watanabe, 2001"
"カラカネクリタマムシ","Toxoscelus sasakii Y. Kurosawa, 1957"
"ジョウモンオノヒゲアリヅカムシ","Bryaxis jomon Löbl, Kurbatov & Nomura, 1998"
"カケガワオサムシ　山住峠亜種","Carabus (Ohomopterus) komiyai yamazumiensis (Imura & Matsunaga, 2010)"
"ヌバタママグソコガネ","Aphodius (Agrilinus) breviusculus (Motschulsky, 1866)"
"ヨシダツツナガハネカクシ　佐渡島亜種","Lobrathium (Lobrathium) yoshidai sadoensis (Y. Watanabe & Baba, 1973)"
"メススジゲンゴロウ","Acilius (Acilius) japonicus Brinck, 1939"
"ムナグロマルクビハネカクシ","Tachinus (Tachinoderus) kobensis Cameron, 1933"
"クロツヤデオキノコムシ","Scaphidium morimotoi Löbl, 1982"
"ジョウシュウハナムグリヨツメハネカクシ","Eusphalerum yamanami Y. Watanabe, 1990"
"ニホンムネスジダンダラコメツキ","Harminius nihonicus Kishii, 1979"
"マルツヤマグソコガネ","Aphodius (Sinodiapterna) troitzkyi Jacobson, 1897"
"ワタヌキダルマガムシ","Hydraena (Hydraena) watanukii Hayashi, 2024"
"オオダイコケホソハネカクシ","Leptusa (Eospisalia) taichii Kishimoto, 2008"
"ズミチビタマムシ","Trachys toringoi Y. Kurosawa, 1951"
"イヨカタホソヨツメハネカクシ","Philydrodes (Minyphilydrodes) andoi Hayashi, 2022"
"ホソクロコメツキ　屋久島亜種","Ampedus (Ampedus) tenuistriatus insulicola Kishii, 2011"
"クワノコブコブゾウムシ","Styanax kuwanoi Chûjô & Voss, 1960"
"エゾクロチビオオキノコ","Tritoma (Tritoma) miyatai Narukawa, 2010"
"ハコネケムネチビゴミムシ","Epaphiopsis (Epaphiopsis) machiko S. Uéno, 1962"
"ムネモンメナガヒゲナガゾウムシ","Phaulimia maculithorax Senoh, 1986"
"ツシマアナアキゾウムシ","Pagiophloeus tsushimanus Morimoto, 1982"
"モリモトヒラセクモゾウムシ","Metialma morimotoi Hirano, Yoshitake & Fujisawa, 2020"
"ヨツスジカミキリ","Notomulciber (Micromulciber) quadrisignatus (Schwarzer, 1925)"
"ヤンバルフタイロジョウカイ","Lycocerus teruhisai (Okushima, 1991)"
"クチキクシヒゲムシ","Sandalus segnis Lewis, 1887"
"トウカイヒメマルトゲムシ","Horiella bicornis Kitano & Sakai, 2007"
"アリハラコクロコメツキ","Ampedus (Ampedus) ariharai Kishii, 1985"
"シロスジツヤヒメゾウムシ","Eumycterus laodioides Nakane, 1963"
"ヤミゾクビボソジョウカイ","Asiopodabrus (Asiopodabrus) yamizoensis Takahashi, 2012"
"ベニモンキノコゴミムシダマシ　宮古島亜種","Platydema subfascia junichii Akita & Masumoto, 2016"
"ヒメアオジョウカイモドキ","Anhomodactylus ohbayashii (Wittmer, 1953)"
"イリエシラホシサビカミキリ","Mycerinopsis (Zotale) apomecynoides Hayashi, 1972"
"ツシマオノヒゲナガゾウムシ","Dendropemon nagaoi (Morimoto, 1979)"
"ナガマルカッコウムシ","Allochotes sakaii Murakami, 2014"
"イヌビワシギゾウムシ","Curculio (Curculio) funebris (Roelofs, 1875)"
"ハバビロシリホソハネカクシ","Tachyporus (Tachyporus) pusillus Gravenhorst, 1806"
"ゲンキヒメハネカクシ","Acrotona vivida (Sharp, 1874)"
"サツマフサヒゲアリヅカムシ","Trisinus satsumanus (Nomura, 1991)"
"サトウナミクチキムシ","Upinella (Upinella) hirokii (Akita & Masumoto, 2012)"
"キイロイネゾウモドキ","Dorytomus (Dorytomus) tortrix (Linnaeus, 1760)"
"シラネヒメハナカミキリ　基亜種","Pseudopidonia obscurior obscurior (Pic, 1901)"
"チビツヤハダヒメゾウムシ","Phrissoderes minor Yoshihara, 2016"
"トガリハネカクシ","Medon confertus Sharp, 1889"
"ニホンコキクイムシ","Cryphalus niponensis Inolue & Nobuchi, 1957"
"ヒシガタヒメゾウムシ","Barinomorphus antenatus Morimoto, 1962"
"オオクビカクシゴミムシダマシ","Stenochinus carinatus (Gebien, 1914)"
"ミツカドホソヒラタムシ","Silvanoprus scuticollis (Walker, 1859)"
"クロモンヒラナガゴミムシ","Hexagonia insignis (Bates, 1883)"
"キイロネクイハムシ","Macroplea japana (Jacoby, 1885)"
"ヒメオオニジゴミムシダマシ　沖縄島・久米島亜種","Euhemicera hajimei kumejimana Akita & Masumoto, 2015"
"セダカケブカゴミムシ","Euschizomerus liebkei Jedlička, 1932"
"イワセトオビモンヒョウタンゾウムシ","Amystax iwasetoanus Nakamura & Morimoto, 2015"
"アヤモンニセハナノミ","Orchesia (Clinocara) elegantula Lewis, 1895"
"ヨスジアオカミキリ","Eumecocera impustulata (Motschulsky, 1860)"
"ツマグロヒメハナカミキリ","Pseudopidonia maculithorax (Pic, 1901)"
"ヒメマキムシ","Stephostethus chinensis (Reitter, 1877)"
"マツノムツバキクイムシ","Ips acuminatus (Gyllenhal, 1827)"
"ダイミョウナガタマムシ","Agrilus daimio Obenberger, 1936"
"オセアニアマルカツオブシムシ","Anthrenus (Anthrenus) oceanicus Fauvel, 1903"
"アナガミメクラチビゴミムシ","Ishikawatrechus subtilis S. Uéno, 1957"
"アカアシシモフリコメツキ","Actenicerus (Acnitecerus) ashiaka Kishii, 1985"
"サワシバノキクイムシ","Scolytus claviger Blandford, 1894"
"ハギキノコゴミムシ　台湾亜種","Coptodera (Coptoderina) flexuosa taiwana (Nakane, 1956)"
"サンノヘキクイムシ","Phloeosinus sannohensis Murayama, 1954"
"ヌバタマハナカミキリ　九州亜種","Judolidia bangi kyushuensis Kusakabe & Ohbayashi, 1992"
"シロスジドウボソカミキリ　基亜種","Pothyne annulata annulata Breuning, 1942"
"ダイミョウキノコハネカクシ","Bobitobus daimio (Sharp, 1888)"
"ジュズヒゲコメツキダマシ","Heterotaxis elongata Otto, 2016"
"ハンニャハヤシメダカハネカクシ","Stenus hannia Naomi, 1990"
"フトヒメツノゴミムシダマシ","Toxicum morii (Masumoto & Akita, 2008)"
"サメハダヨモギハムシ","Chrysolina (Pleurosticha) pirka Takizawa, 1970"
"マイマイカブリ　東北地方北部亜種","Carabus (Damaster) blaptoides viridipennis (Lewis, 1880)"
"モジャモジャツチイロゾウムシ","Pseudohylobius setosus Morimoto, 1962"
"ミヤモトアシナガハムシ","Monolepta miyamotoi Kimoto, 1965"
"セダカコブヤハズカミキリ　小豆島亜種","Parechthistatus (Parechthistatus) gibber shodoshimanus Takakuwa, Nakabayashi & Kobayashi, 2020"
"キイロクビナガハムシ","Lilioceris (Lilioceris) rugata (Baly, 1865)"
"オオシマクシヒゲムシ","Simianus oshimanus (Nakane, 1973)"
"セスジハネカクシ","Anotylus cognatus (Sharp, 1874)"
"トカラチャイロクチキムシ","Cistelina tokaraensis (Nomura, 1961)"
"シロスジカミキリ","Batocera lineolata Chevrolat, 1852"
"モンキゴミムシダマシ　南西諸島亜種","Diaperis lewisi intersecta Gebien, 1914"
"トビイロクチブトコメツキ","Silesis scabripennis Lewis, 1894"
"オキナワアシナガトビハムシ","Aphthona albescens Motschulsky, 1866"
"クロヒメネスイ","Rhizophagus (Anomophagus) puncticollis (Sahlberg, 1873)"
"モリモトチビキカワムシ","Lissodema morimotoi Sasaji, 1988"
"オオヒラタシデムシ","Necrophila (Eusilpha) japonica (Motschulsky, 1862)"
"クロカネコメツキ","Gambrinus atricolor (Lewis, 1879)"
"イシガキチビサビキコリ","Adelocera shirozui ishigakiensis (Ôhira, 1967)"
"セグロヒメハナノミ","Pseudomordellina fuscosuturalis (Nakane, 1961)"
"タカハシアオハムシダマシ","Arthromacra takahashii Imasaka, 2005"
"フトウスイロムクゲキノコムシ","Pteryx suturalis (Heer, 1841)"
"アカバヒラズハネカクシ","Belonuchus rufoniger Fauvel, 1895"
"イツホシシロカミキリ","Olenecamptus bilobus bilobus (Fabricius, 1801)"
"チビイッカク　基亜種","Mecynotarsus minimus minimus Marseul, 1876"
"ヒメテントウノミハムシ","Argopistes tsekooni Chen, 1934"
"ムクゲミジンムシ","Sericoderus lateralis (Gyllenhal, 1827)"
"ルリヒラタゴミムシ","Dicranoncus femoralis Chaudoir, 1850"
"クロヒメハナノミ","Mordellistena comes Marseul, 1876"
"ヒメチビマルハナノミ　基亜種","Contacyphon puncticeps puncticeps (Kiesenwetter, 1874)"
"キンモンヒメハナノミ","Falsomordellistena (Falsomordellistenoda) auriguttata Nomura, 1951"
"リュウキュウクビボソトビハムシ","Lipromorpha loochooana Chûjô, 1961"
"ニセハコネホソハナカミキリ","Idiostrangalia shimomurai Ohbayashi & Takahashi, 1985"
"クシヒゲベニボタル","Macrolycus (Cerceros) flabellatus (Motschulsky, 1860)"
"ツルノコキクイムシ","Cosmoderes attenuatus (Nobuchi, 1981)"
"ヒコサンヌレチゴミムシ","Apatrobus hikosanus (Habu, 1953)"
"カンコノキニセアシブトゾウムシ","Heterochyromera imerodeus Kojima & Morimoto, 1996"
"シコクヒラタナガゴミムシ","Pterostichus (Sphodroferonia) miyamai Kasahara & Y. Itô, 1987"
"クロホシクチキムシ","Microcistela haagi (Harold, 1878)"
"コヒラセクモゾウムシ","Metialma pusilla Roelofs, 1875"
"ヤエヤマアカハネクロベニボタル","Cautires kazuoi M. Satô & N. Ohbayashi, 1968"
"ミヤジマコガネコメツキ","Selatosomus (Selatosomus) miyajimanus (Ôhira, 1971)"
"ジュウジトゲムネサルゾウムシ","Coelioderes kerzhneri (Korotyaev, 1994)"
"Epuraea superlata","Epuraea (Epuraea) superlata Kirejtshuk, 2005"
"ムツボシマルハナノミ","Prionocyphon sexmaculatus Lewis, 1895"
"ミヤマヒサゴゴミムシ","Broscosoma doenitzi (Harold, 1881)"
"キベリカタキバゴミムシ","Badister (Baudia) marginellus Bates, 1873"
"アマミマルタマキノコムシ","Agathidium (Agathidium) amamiense Hoshina, 1998"
"ヒメケシガムシ","Cercyon (Cercyon) algarum Sharp, 1873"
"ヤスダツヤヒメハネカクシ","Liogluta yasudai Sawada, 1989"
"ナガオチバアナアキゾウムシ","Leptanchonus minatoi Morimoto, 1982"
"チビコオニケシキスイ","Cryptarcha kapfereri Reitter, 1913"
"トゲアシクビボソハムシ","Lema (Lema) coronata Baly, 1873"
"リツリンメクラチビゴミムシ　基亜種","Trechiama (Trechiama) exilis exilis S. Uéno, 1983"
"ヒゲナガコガシラハネカクシ","Philonthus (Philonthus) longicornis Stephens, 1832"
"オオメコヒゲナガハナノミ","Ptilodactyla ramea Lewis, 1895"
"ムモンチビオオキノコ","Spondotriplax inornata Shibata, 1966"
"シマダオキノシマツチゾウムシ","Trachyphilus shimadai Morimoto, 2015"
"ウルシツヤヒメハネカクシ","Liogluta ursi (Sawada, 1972)"
"デガシラナガシンクイ","Melalgus batillus (Lesne, 1902)"
"カクムネアシナガトビハムシ","Longitarsus (Longitarsus) quadraticollis Jacoby, 1885"
"トビカツオブシムシ","Dermestes (Dermestes) ater DeGeer, 1774"
"ヤエヤマハナボタル","Plateros ignius Chûjô & M. Satô, 1970"
"リュウキュウツヤゴモクムシ","Trichotichnus (Iridessus) szekessyi (Jedlička, 1954)"
"ヨツモンチビカツオブシムシ","Orphinus (Orphinus) quadrimaculatus (Matsumura & Yokoyama, 1928)"
"アレチメダカハネカクシ","Stenus ruralis Erichson, 1840"
"ミツノツツキノコムシ","Paraxestocis denticollis (Nakane & Nobuchi, 1955)"
"ヒラタキクイムシ","Lyctus (Xylotrogus) brunneus (Stephens, 1830)"
"アバタツヤムネハネカクシ","Rientis parviceps Sharp, 1874"
"クロサワクビボソトビハムシ","Pseudoliprus kurosawai (Nakane, 1958)"
"ヒメカクムネベニボタル","Lyponia (Lyponia) osawai Nakane, 1969"
"ツツクチカクシゾウムシ","Cechania eremita Pascoe, 1874"
"スペッシフツェフキクイムシ","Hylurgops spessiwzeffi Eggers, 1914"
"サクラギオオズナガゴミムシ","Pterostichus (Sphodroferonia) sakuragii N. Ito, 2011"
"ヒメハダニカブリケシハネカクシ","Holobus kashmiricus beneficus (Naomi, 1984)"
"エゾカミキリ","Lamia textor (Linnaeus, 1758)"
"クロメナガヒゲナガゾウムシ","Ulorhinus funebris Sharp, 1891"
"マルオクロコガネ","Nigrotrichia convexopyga (Moser, 1912)"
"チュウブホソガムシ","Hydrochus chubu Balfour-Browne & M. Satô, 1962"
"タイペイチビジョウカイ　八重山亜種","Malthodes (Malthodes) taipehanus ros N. Takahashi, 2001"
"ヒラタアバタウミベハネカクシ","Cafius (Pseudoremus) mimulus (Sharp, 1874)"
"ツツホソナガクチキ","Dolotarsus lividus (Sahlberg, 1833)"
"クロウリハムシ　奄美沖縄亜種","Aulacophora nigripennis nitidipennis Chûjô, 1935"
"トウカイヒメツヤドロムシ","Zaitzeviaria takafumii M. Hayashi & Yoshitomi, 2021"
"カタベニチビオオキノコ","Tritoma (Tritoma) tripartiaria (Lewis, 1887)"
"カラテオノヒゲアリヅカムシ","Bryaxis karate Löbl, Kurbatov & Nomura, 1998"
"アキタクロナガオサムシ　岩湧亜種","Carabus (Euleptocarabus) porrecticollis kansaiensis Nakane, 1961"
"ヒメマダラミズギワゴミムシ","Bembidion (Notaphus) obliquum Sturm, 1825"
"オガサワラゴマダラカミキリ","Anoplophora ogasawaraensis Makihara, 1976"
"ヒメチビマルハナノミ　四国亜種","Contacyphon puncticeps shikokensis (K. Sasagawa, 1985)"
"カタモンチビコメツキ　基亜種","Zorochros (Pronegastrius) humeralis humeralis (Candèze, 1873)"
"キイアバタコバネハネカクシ","Nazeris shibatai Ito, 1990"
"エゾヒメナガゴミムシ","Pterostichus (Cryobius) subgibbus (Motschulsky, 1860)"
"フタアナスジツヤチビハネカクシ","Edaphus bifoveolifrons Puthz, 2010"
"ウケンナミクチキムシ","Upinella (Upinella) ukenensis (Akita & Masumoto, 2012)"
"ベニモンチビオオキノコ","Tritoma (Tritoma) sobrina (Lewis, 1887)"
"ムネアカタマノミハムシ","Sphaeroderma placidum Harold, 1877"
"ヒメクロデオキノコムシ","Scaphidium incisum Lewis, 1893"
"トカラルリイクビチョッキリ","Deporaus (Caenorhinus) tokaraensis Izawa, 2021"
"フウレンチビヒョウタンゴミムシ","Dyschirius (Dyschirius) shantarensis Lafer, 1989"
"タカネヒゲナガアリヅカムシ　北陸亜種","Pselaphogenius tridentatus vicinus Sawada, 1969"
"ネジレヒゲブトアリヅカムシ","Anaclasiger sinuaticollis Raffray, 1890"
"ハバビロダエンマルテントウダマシ","Mychothenus miyakei Narukawa, 2015"
"オキノエラブクビボソトビハムシ","Lipromorpha inexpectata Y. Komiya, 2006"
"ツマキハバビロガムシ","Sphaeridium discolor d'Orchymont, 1933"
"コガタカメノコハムシ","Cassida vespertina Boheman, 1862"
"ジュウシホシキイロオオハムシ","Podontia quatordecimpunctata (Linnaeus, 1767)"
"チョウカイキバネコメツキ","Ampedus (Ampedus) chokai Kishii, 1985"
"ムコジマヒメカタゾウムシ","Ogasawarazo (Ogasawarazo) matsumotoi Morimoto, 2015"
"フタホシクロクビナガゴミムシ","Mimocolliuris (Paramimocolliuris) insulana Habu, 1979"
"ヒメマルツヤアリモドキ","Macrotomoderus satoi (Saitô, 2003)"
"セマルガムシ","Coelostoma (Holocoelostoma) stultum (Walker, 1858)"
"ヒラノニセマルトビハムシ","Halticorcus hiranoi (Takizawa, 1982)"
"アシュウツヤツチゾウムシ","Asphalmus ashiuensis Morimoto, 2015"
"アマミヒメマルガムシ","Anacaena torikaii Minoshima, Kamite & Fikáček, 2023"
"ミヤモリモモブトヨツメハネカクシ","Acrolocha miyamorii Y. Watanabe, 1990"
"キタセスジガムシ","Helophorus (Gephelophorus) sibiricus (Motschulsky, 1860)"
"アマガスオチバメダカハネカクシ","Stenus amagasui Naomi, 2007"
"キムネヒメコメツキモドキ","Anadastus atriceps (Crotch, 1873)"
"オサシデムシモドキ","Apatetica princeps (Sharp, 1874)"
"ホウオウミズギワコメツキ","Fleutiauxellus (Neomigiwa) houwau Kishii, 1992"
"ハナミマルクビメダカハネカクシ","Stenus hanami Hromádka, 1979"
"イラクサホソクチゾウムシ","Taeniapion urticarium urticarium (Herbst, 1784)"
"オオサカスジコガネ","Anomala osakana Sawada, 1942"
"ヘラオオバココバンゾウムシ","Mecinus pascuorum (Gyllenhal, 1813)"
"エゴシギゾウムシ","Curculio (Curculio) styracis (Roelofs, 1875)"
"ミツコブエンマコガネ","Onthophagus (Paraphanaeomorphus) trituber (Wiedemann, 1823)"
"ヒメケシゲンゴロウ　基亜種","Hyphydrus laeviventris laeviventris Sharp, 1882"
"ルイスチャイロコガネ","Sericania lewisi Arrow, 1913"
"ヒバニンフジョウカイ","Asiopodabrus (Imasakapodabrus) hibaensis Imasaka & Takahashi, 2010"
"ニホンキマワリ　伊豆諸島南部亜種","Plesiophthalmus (Plesiophthalmus) nigrocyaneus mikuraensis Nakane, 1968"
"リュウキュウヒメミズスマシ","Gyrinus (Gyrinus) ryukyuensis M. Satô, 1971"
"チチジマクチカクシゾウムシ","Buninus chichijimaensis Morimoto, 1981"
"シラケツチイロゾウムシ","Cotasteromimus squamiger Morimoto & Miyakawa, 1985"
"カドガシラヒラタミツギリゾウムシ","Cerobates (Cerobates) planicollis Morimoto, 1976"
"ババキクイムシ","Coccotrypes babai (Murayama, 1961)"
"ドウクツメナシタマキノコムシ","Typhlocolenis uenoi Hoshina, 2008"
"キクビアオハムシ","Agelasa nigriceps Motschulsky, 1861"
"ホソヒラタデオキスイ","Platynema japonica Hisamatsu, 1985"
"ケブカマルキクイムシ","Sphaerotrypes pila Blandford, 1894"
"ハイイロテントウ","Olla v-nigrum (Mulsant, 1866)"
"ヤマトヒゲブトチビシデムシ","Colon (Myloechus) japonicum Hisamatsu, 1970"
"ツヤケシクロズトガリハネカクシ","Lithocharis subopaca (Bernhauer, 1907)"
"ヤクシマチビゴミムシ","Epaphiopsis (Pseudepaphius) janoi (Jeannel, 1937)"
"ヒゲブトクチブトゾウムシ","Amyllocerus abnormalis (Sharp, 1896)"
"クゴウホラトゲアリヅカムシ","Batrisodes coprea (Tanabe & Nakane, 1989)"
"リュウキュウタマツツハムシ","Adiscus nigripennis (Jacoby, 1890)"
"キスジノミハムシ","Phyllotreta striolata (Illiger, 1803)"
"コトリムナビロコケムシ","Cephennodes (Cephennodes) kotori Hoshina, 2019"
"ナガメカクシゾウムシ","Mechistocerus okumai Morimoto, 1987"
"ナガクロバネアリガタハネカクシ","Oedichirus (Oedichirus) longipennis Kraatz, 1859"
"ヤエヤマホソバネカミキリ　八重山亜種","Thranius multinotatus latipennis Hayashi, 1963"
"アカダルマガムシ","Hydraena (Hydraena) kamitei Jäch & Díaz, 2012"
"コケシマグソコガネ","Neomyrhessus samurai (Balthasar, 1941)"
"ミギワハネカクシ","Myllaena japonica Sharp, 1888"
"ミカンナガタマムシ","Agrilus auriventris E. Saunders, 1873"
"オキナワヒゲコメツキ","Pectocera yonaha Kishii, 1996"
"ニセミヤマカタホソヨツメハネカクシ","Philydrodes (Philydrodes) similis Nakane & Sawada, 1956"
"キベリクロヒメハナカミキリ","Pseudopidonia discoidalis (Pic, 1901)"
"セスジハモグリゾウムシ","Ellescus scanicus (Payk, 1792)"
"リシリヒメゴモクムシ","Bradycellus (Tachycellus) glabratus Reitter, 1894"
"オオシマアオハナムグリ　諏訪之瀬島亜種","Protaetia (Niponoprotaetia) exasperata suwanoseana Nomura, 1964"
"コササラクチカクシゾウムシ","Colobodellus postfasciatus Morimoto & Miyakawa, 1985"
"ケオビアリモドキ","Anthelephila imperatrix LaFerté-Sénectère, 1849"
"リュイスサルゾウムシ","Dieckmannius lewisi (Hustache, 1916)"
"モンキイロセマルケシキスイ","Cychramus plagiatus Reitter, 1884"
"チャバネクシコメツキ","Melanotus (Melanotus) seniculus Candèze, 1873"
"コジマシギゾウムシ","Curculio (Curculio) sauteri (Heller, 1927)"
"オオミズゾウムシ","Tanysphyrus major Roelofs, 1874"
"カギナガキクイムシ","Dinoplatypus hamatus (Blandford, 1894)"
"オグラカバイロコメツキ　北海道亜種","Agriotes (Agriotes) subvittatus fuscicollis Miwa, 1928"
"ダンダラコメツキ","Diacanthous undosus (Lewis, 1894)"
"ヒメカタゾウムシ　基亜種","Ogasawarazo (Ogasawarazo) rugosicephalus rugosicephalus (Kono, 1928)"
"ムネアカウスイロハムシ","Monolepta kurosawai Chûjô & Ohno, 1961"
"ウスモントゲトゲゾウムシ","Colobodes konoi Nakane, 1963"
"アマミフタスジヒメテントウ","Horniolus amamensis Miyatake, 1963"
"マエキミジンムシ","Arthrolips oblonga Matthews, 1899"
"タタラギメクラチビゴミムシ","Trechiama (Trechiama) latilobatus Ashida, 2003"
"ツヤケシナガタマムシ","Agrilus nipponigena Obenberger, 1935"
"トウホクトラカミキリ","Chlorophorus tohokensis Hayashi, 1968"
"カグヤヒメハナカミキリ","Cryptopidonia kaguyahime (Kuboki, 2020)"
"アマミオビコキノコムシ","Pseudotriphyllus ohbayashii Miyatake, 1968"
"ツルギフトヒラタコメツキ","Liotrichus (Acteniceromorphus) nishidai (Kishii, 1986)"
"シリコブメダカアリヅカムシ","Trisinus inermis (Nomura, 1991)"
"キイロテントウゴミムシダマシ","Ades masidai (Nakane, 1963)"
"エゴヒゲナガゾウムシ","Exechesops leucopis (Jordan, 1928)"
"ナガサキツヤホソゴミムシダマシ","Menephilus medius Marseul, 1876"
"ホウオウホソアカコメツキ","Ampedus (Ampedus) houwau Kishii, 1990"
"アマミムツボシタマムシ","Chrysobothris (Chrysobothris) ohnoi Y. Kurosawa, 1975"
"クロズマグソセスジハネカクシ","Oxytelus (Oxytelus) bengalensis Erichson, 1840"
"タテオビヒメハナノミ","Pseudomordellistena vidua (Nakane, 1956)"
"イリエナガタマムシ","Agrilus iriei Tôyama, 1985"
"アオオサムシ　基亜種","Carabus (Ohomopterus) insulicola insulicola Chaudoir, 1869"
"クロトラカミキリ　本州以南亜種","Chlorophorus (Humeromaculatus) diadema kurotora Hayashi, 1961"
"ナガヤヤコブカギアシゾウムシ","Bagous (Macropelmus) proprius O'Brien & Morimoto, 1994"
"サイゴウマルタマキノコムシ","Agathidium (Agathidium) saigoi Hoshina, 1998"
"サメハダマルケシゲンゴロウ","Hydrovatus stridulus Biström, 1997"
"アオヘリアオゴミムシ","Chlaenius (Amblygenius) praefectus Bates, 1873"
"スジブトホソシバンムシ","Oligomerus explanatus Sakai, 1982"
"ハマンハヤシメダカハネカクシ","Stenus leehermani Naomi, 2015"
"インベノメクラチビゴミムシ","Awatrechus bisetiger S. Uéno, 1973"
"タンバコクロコメツキ","Ampedus (Ampedus) tamba Kishii, 1976"
"キタミトホシカミキリ","Saperda perforata (Pallas, 1773)"
"ヒョウホンムシ","Ptinus (Ptinus) fur (Linnaeus, 1758)"
"ウスグロモリヒラタゴミムシ","Agonum (Scotagonum) aequatum (Jedlička, 1936)"
"エゾノミゾウムシ","Orchestes (Orchestes) lateritius (Morimoto, 1984)"
"ヒゲナガホソミズギワハネカクシ","Derops longicornis Sharp, 1889"
"オオヤメクラチビゴミムシ","Trechiama (Trechiama) oja Ashida, 2003"
"コバンマメトビハムシ","Bikasha nipponica (Chûjô, 1959)"
"ヒラタクワガタ　大東諸島亜種","Dorcus titanus daitoensis (Fujita & Ichikawa, 1986)"
"オオアカコメツキ　北海道亜種","Ampedus (Ampedus) optabilis kusuii Ôhira, 1989"
"オニギリマルケシゲンゴロウ","Hydrovatus onigiri Watanabe & Biström, 2022"
"ヤマトマルタマキノコムシ","Agathidium (Agathidium) japonicum Portevin, 1927"
"ヒメアシナガコガネ","Ectinohoplia obducta (Motschulsky, 1857)"
"カワラハンミョウ　基亜種","Chaetodera laetescripta laetescripta (Motschulsky, 1860)"
"キツネヒメハネカクシ","Atheta (Microdota) vulpina Sawada, 1974"
"アオアトキリゴミムシ","Calleida (Callidiola) onoha Bates, 1873"
"シコクカタホソヨツメハネカクシ","Philydrodes (Philydrodes) rufescens Y. Watanabe, 1990"
"オキナワフトカミキリ　基亜種","Peblephaeus okinawanus okinawanus (Hayashi, 1962)"
"カナムグラヒメゾウムシ","Psilarthroides czerskyi (Zashalavskij, 1956)"
"コマルガタテントウダマシ","Idiophyes niponensis (Gorham, 1874)"
"ミズギワヨツメハネカクシ","Geodromicus (Geodromicus) lestevoides (Sharp, 1889)"
"オオアオゾウムシ","Chlorophanus grandis Roelofs, 1873"
"キオビホソナガクチキ","Phloiotrya (Phloiotrya) flavitarsis (Lewis, 1895)"
"キンイロジョウカイ　基亜種","Themus (Themus) episcopalis episcopalis (Kiesenwetter, 1874)"
"クナシリクロチビジョウカイ　基亜種","Malthodes (Maltharchus) kerzhneri kerzhneri Wittmer, 1979"
"タントウオノヒゲアリヅカムシ","Bryaxis tanto Löbl, Kurbatov & Nomura, 1998"
"ヤマトサビクワガタ","Velutinodorcus japonicus (Nakane & Makino, 1985)"
"フトヒゲボソゾウムシ","Phyllobius (Phyllobius) breviculus Morimoto & Miyakawa, 2006"
"オオクロカタホソヨツメハネカクシ","Philydrodes (Philydrodes) gigas Y. Watanabe, 1990"
"ドウクツケシガムシ","Cercyon (Cercyon) uenoi M. Satô, 1984"
"ダイセツヒメナガゴミムシ","Pterostichus (Cryobius) korgei Jedlička, 1964"
"イヨオオヒラタコメツキ","Paraphotistus (Paraphotistus) iyoensis Kishii, 1982"
"ウスアカバホソハネカクシ","Othius medius Sharp, 1874"
"アマミツヤナガヒラタホソカタムシ","Pycnomerus nishii Aoki, 2017"
"ヒゴアシビロナガハネカクシ","Metolinus planulatus (Sharp, 1889)"
"ヒコサンマルクビゴミムシ","Nebria (Falcinebria) hikosana Habu, 1956"
"ハラグロオオテントウ","Callicaria superba (Mulsant, 1853)"
"ケシツブムクゲキノコムシ","Acrotrichis (Acrotrichis) sericans (Heer, 1841)"
"オオクロコガネ","Pedinotrichia parallela (Motschulsky, 1854)"
"クチブトノミゾウムシ","Imachra decipiens (Roelofs, 1875)"
"カマガリメクラチビゴミムシ","Rakantrechus (Uozumitrechus) uenoi Naitô, 2022"
"コウノクモゾウムシ","Euryommatus konoi Zumpt, 1937"
"タケタメクラチビゴミムシ","Rakantrechus (Paratrechiama) asthenes S. Uéno, 1987"
"ハチジョウノミゾウムシ","Rhamphus hisamatsui Chûjô & Morimoto, 1960"
"イシガキクワカミキリ","Apriona (Apriona) yayeyamai Breuning, 1976"
"ピックニセハムシハナカミキリ","Lemula rufithorax Pic, 1901"
"ヒノキボラクビボソジョウカイ","Asiopodabrus (Japanopodabrus) hinokiboranus (Takahashi, 1992)"
"ミゾナシチビコガシラハネカクシ","Gabronthus maritimus (Motschulsky, 1858)"
"フタモンセマルホソヒラタムシ","Psammoecus bipunctatus (Fabricius, 1792)"
"ヤスヒコハヤシメダカハネカクシ","Stenus yasuhikoiellus Naomi, 2010"
"ツシマコメツキモドキ","Tetraphale fryi (Fowler, 1886)"
"キュウシュウチビゴミムシダマシ","Pentaphyllus biconiger Gebien, 1914"
"シロトホシテントウ","Calvia decemguttata (Linnaeus, 1767)"
"ヒラヤマヒメハナノミ","Mordellina hirayamai (Kono, 1933)"
"アイヌチビオオキノコ","Triplax ainonia Lewis, 1887"
"ヨツボシメツブテントウ","Sticholotis pictipennis Lewis, 1896"
"イカリハナボタル","Plateros ikarianus Nakane, 1961"
"ミカワオサムシ　御浜町亜種","Carabus (Ohomopterus) arrowianus kirimurai Kubota & Yahiro, 2003"
"タイシャツチゾウムシ","Trachyphilus taishanus Morimoto, 2015"
"ヒゴヒゲブトムネトゲアリヅカムシ　本州亜種","Petaloscapus fissifrons stricticollis Jeannel, 1958"
"アマミクシコメツキ　基亜種","Melanotus (Spheniscosomus) amamiensis amamiensis Ôhira, 1967"
"オオホソコバネカミキリ","Necydalis (Necydalisca) solida Bates, 1884"
"ホソチビマルハナノミ","Nyholmia sanno (Nakane, 1963)"
"チャイロホソヒラタゴミムシ　四国亜種","Atranodes kyushuense shikokuense (Habu, 1974)"
"リュウキュウシリグロハネカクシ","Astenus (?) yonezoi Ito, 1995"
"ヤマウチハナムグリヨツメハネカクシ","Eusphalerum yamauchii Y. Watanabe, 2003"
"トゲヒゲブトチビシデムシ","Colon (Myloechus) itoi Hisamatsu, 1985"
"ララサンヒメハナノミ","Glipostenoda rarasana Nomura, 1951"
"オオルリオサムシ　豊浜亜種","Carabus (Acoptolabrus) gehinii toyohamaensis (Shimizu, 1996)"
"ミタケメクラチビゴミムシ","Coreoblemus miyamai S. Uéno, 2007"
"キリシマフトゴモクムシ","Chydaeus kirishimanus Habu, 1973"
"エチゼンアカコメツキ","Ampedus (Ampedus) echizen Kishii, 2002"
"タイワンマルヒラタコクヌスト","Ancyrona marginata (Grouvelle, 1913)"
"ヨツボシアカツツハムシ","Coptocephala orientalis Baly, 1873"
"タチバナヤマツチゾウムシ","Trachyphilus tachibanayamanus Morimoto, 2015"
"ヤセヒメヒラタゴミムシ","Agonum (Europhilus) piceum (Linné, 1758)"
"ニセビロウドカミキリ　伊豆諸島亜種","Acalolepta sejuncta izuinsulana Hayashi, 1968"
"ヒメクロナガタマムシ","Agrilus ussuricola Obenberger, 1924"
"キボシカミキリ　吐噶喇亜種","Psacothea hilaris macronotata Hayashi, 1956"
"アイノオニオノヒゲアリヅカムシ","Tychobythinus aino Kurbatov, 1993"
"ヒメクロトラカミキリ　沖縄本島亜種","Rhaphuma diminuta ogasawarai Fujita, 2023"
"クロヒラタシデムシ","Phosphuga atrata atrata (Linnaeus, 1758)"
"リュウキュウジュウニホシチビオオキノコ","Tritoma (Tritoma) loochooana (Chûjô, 1969)"
"クリイロツツキノコムシ","Cis rufocastaneus Nakane & Nobuchi, 1955"
"ヨシイヒゲナガアリヅカムシ　基亜種","Pselaphogenius yoshii yoshii Sawada, 1969"
"オオヒラタミズギワゴミムシ1","Bembidion (Plataphus) altaicum Gebler, 1833"
"トモンチビオオキノコ","Tritoma (Tritoma) asahinai Nakane, 1950"
"オオヒラタミズギワゴミムシ2","Bembidion (Plataphus) habui Jedlička, 1965"
"ソトハナガキクイムシ","Crossotarsus externedentatus (Fairmaire, 1850)"
"ウスモンヒメコキノコムシ","Litargus (Litargosomus) lewisi Reitter, 1889"
"チャイロコメツキ　屋久島亜種","Haterumelater bicarinatus yaku Kishii, 1976"
"キュウシュウカラヒメドロムシ","Sinonychus tsujunensis Yoshitomi & Nakajima, 2012"
"キオビチビオオキノコ","Spondotriplax flavofasciata Chûjô, 1941"
"クロヒョウホンムシ","Myrmecoptinus sauteri (Pic, 1914)"
"アオヘリアトキリゴミムシ","Parena (Parena) latecincta (Bates, 1873)"
"タイワンアカナガキクイムシ","Platypus formosanus Niijima & Murayama, 1925"
"ケモンツヤアリヅカムシ","Batriscenellus (Scaioscenellus) pilosellus Nomura, 1991"
"タカラヒメスナゴミムシダマシ","Gonocephalum (Gonocephalum) takara Nakane, 1963"
"ハスジヒゲナガゾウムシ　対馬亜種","Sintor dorsalis intermadius Shibata, 1969"
"ゴマダラモモブトカミキリ","Leiopus stillatus (Bates, 1884)"
"ヨナグニアカアシカタゾウムシ","Metapocyrtus (Trachycyrtus) yonagunianus Chûjô, 1971"
"キリヤマクロチビジョウカイ","Malthodes (Sohayakimalthodes) kiriaymai Takahashi, 2021"
"ドウガネトガリオオズハネカクシ","Platydracus (Platydracus) circumcinctus (Bernhauer, 1914)"
"グミチョッキリ","Involvulus (Parinvolvulus) placidus (Sharp, 1889)"
"ウスフタモンサビカミキリ　奄美亜種","Ropica japonica amamiana Makihara, 1995"
"ヒラタチビタマムシ","Habroloma (Parahabroloma) subbicorne (Motschulsky, 1860)"
"リュウキュウツヤメダカハネカクシ","Stenus spurius Benick, 1929"
"セダカコブヤハズカミキリ　和歌山亜種","Parechthistatus (Parechthistatus) gibber nankiensis Yokoyama, 1969"
"アマミコブハムシ","Chlamisus geniculatus (Jacoby, 1896)"
"シリアカデオキノコムシ","Scaphidium rufopygum Lewis, 1893"
"フタスジツツハムシ","Cryptocephalus (Burlinius) bilineatus (Linnaeus, 1767)"
"オキナワアカマダラセンチコガネ　奄美亜種","Nothochodaeus interruptus horii (Ochi, Kawahara & Inagaki, 2006)"
"カドツブゴミムシ","Pentagonica angulosa Bates, 1883"
"キスジチビオオキノコ","Triplax nakanei (Chûjô, 1941)"
"キイゼンウェッターマルハナノミ","Prionocyphon fuscipennis Kiesenwetter, 1874"
"ヤクコハナコメツキ　基亜種","Paracardiophorus nakanei nakanei Ôhira, 1986"
"スズキコエンマコガネ","Caccobius (Caccophilus) suzukii Matsumura, 1936"
"エボシダケクビボソジョウカイ","Asiopodabrus (Asiopodabrus) eboshidakensis Takahashi, 2012"
"ミナミマルガタチビマルハナノミ","Contacyphon magicus (Klausnitzer, 1973)"
"オキナワケシデオキノコムシ","Scaphisoma conforme okinawense Löbl, 1982"
"ウスグロマグソコガネ","Aphodius (Gilletianus) comatus A. Schmidt, 1920"
"リュウキュウヒメハンミョウ","Cylindera (Ifasina) humerula (W. Horn, 1905)"
"イリオモテケシマルハナノミ","Hydrocyphon iriomotensis Yoshitomi, 2001"
"オオシマエンマコガネ","Onthophagus (Strandius) oshimanus Nakane, 1960"
"フトエンマアリヅカムシ","Trissemus (Trissemus) diffinis (Sharp, 1883)"
"ヤククロコメツキ","Ampedus (Ampedus) ogatai Kishii, 1983"
"ヒメスギカミキリ","Callidiellum rufipenne (Motschulsky, 1862)"
"ルリマルクビゴミムシ　日高亜種","Nebria (Boreonebria) shibanaii sakagutii Nakane, 1957"
"クロコキノコムシ","Mycetophagus (Mycetophagus) ater (Reitter, 1879)"
"ワサマタヒメコバネナガハネカクシ","Lathrobium (Lathrobium) wasamatanum Y. Watanabe, 2006"
"ヤクシマナガヒラタムシ","Tenomerga kurosawai Miyatake, 1986"
"モリメクラチビゴミムシ","Suzuka morii S. Uéno & K. Kitayama, 2005"
"エグリマメジョウカイ","Podosilis omissa (Wittmer, 1954)"
"ヒラセクモゾウムシ","Metialma signifera Pascoe, 1871"
"シマバラオチバメダカハネカクシ","Stenus alter Puthz, 2003"
"クロオサムシ　越後亜種","Carabus (Ohomopterus) albrechti echigo Ishikawa & Takami, 1996"
"チャイロヒゲブトコメツキ","Trixagus turgidus Hisamatsu, 1985"
"アキタシリブトジョウカイ","Yukikoa akitai Takahashi, 2003"
"コゲチャフタモンヒゲナガカミキリ","Monochamus (Opepharus) asiatics (Hayashi, 1962)"
"クロオサムシ　粟島亜種","Carabus (Ohomopterus) albrechti awashimae Ishikawa & Takami, 1996"
"リュウキュウヒメカミキリ　先島諸島亜種","Ceresium fuscum shirakii Hayashi, 1963"
"クビアカツヤテントウ","Serangium ruficolle H. Kamiya, 1965"
"キンモンフタオタマムシ","Tokaranodicerca nishidai (Tôyama, 1986)"
"カミコウチクビボソジョウカイ　東日本亜種","Asiopodabrus (Asiopodabrus) kamikochianus kanagawaensis (Takahashi, 1992)"
"クロオサムシ　基亜種","Carabus (Ohomopterus) albrechti albrechti A. Morawitz, 1862"
"アイヌハマベエンマムシ","Hypocaccus (Hypocaccus) ainu Lewis, 1899"
"オキナワクチブトコメツキ　沖永良部島亜種","Silesis okinawensis erabuanus Kishii, 1979"
"リュウキュウアシブトゾウムシ","Ochyromera ryukyuensis Kojima & Morimoto, 1996"
"ミヤママルカツオブシムシ","Anthrenus (Florilinus) tanakai N. Ohbayashi, 1985"
"ヒラタシデムシ","Silpha perforata Gebler, 1832"
"クロチョッキリ","Involvulus (Teretriorhynchites) funebris (Sharp, 1889)"
"コウベチビマルトゲムシ","Horiella yamashitai (Ohtsuka & Yoshitomi, 2018)"
"ハッカハムシ","Chrysolina (Lithopteroides) exanthematica exanthematica (Wiedemann, 1821)"
"クロコキノコムシダマシ","Pisenus rufitarsis (Reitter, 1889)"
"キタヒメナガゴミムシ","Pterostichus (Phonias) diligens (Sturm, 1824)"
"アマミテングアリヅカムシ","Tenguobythus rhinoceros Arai & Nomura, 2007"
"ミナミヒラタホソカタムシ","Colobicus parilis Pascoe, 1860"
"ホンシュウマルタマキノコムシ","Agathidium (Agathidium) portevini Jakobson, 1910"
"メシマキンケカミキリ","Asaperda wadai Makihara, 1980"
"ホソダルマガムシ","Hydraena (Hydraena) riparia Kugelann, 1794"
